“Š‹…”N,“Š‹…ŒŽ,“Š‹…“ú,“Š‹…ŽžŠÔ,yy,seq,timestamp(ms),measure_interval(ms),timestamp(count),mx[LSB],my[LSB],mz[LSB],low_ax[LSB],low_ay[LSB],low_az[LSB],hi_ax[LSB],hi_ay[LSB],hi_az[LSB],gyro_x[LSB],gyro_y[LSB],gyro_z[LSB],mx[mGauss],my[mGauss],mz[mGauss],low_ax[mg],low_ay[mg],low_az[mg],hi_ax[g],hi_ay[g],hi_az[g],gyro_x[dps],gyro_y[dps],gyro_z[dps],status
[2023/06/12 11:43:06],,,,,,,,,,,,,,,,,,,,,,,,,,,,,,,,,
== yy0 ==============,,,,,,,,,,,,,,,,,,,,,,,,,,,,,,,,,
2023,6.0,12.0,114306.0,0.0,32.0,622.0,20.0,-139.0,60.0,26.0,31.0,-9.0,-54.0,11.0,-3.0,-15.0,2.0,0.0,0.0,-354.785,121.924,101.8627,514.4551,-133.0067,-850.3708,0.03272712,0.4218182,-0.03636384,-0.3220789,-0.18544,0.4050401,,
2023,6.0,12.0,114306.0,0.0,33.0,642.0,20.0,-141.0,59.0,22.0,31.0,-9.0,-53.0,14.0,-1.0,-18.0,2.0,0.0,-1.0,-359.323,120.2329,97.08655,514.4551,-133.0067,-834.3382,0.3054544,0.6036364,-0.3090911,-0.3220789,-0.18544,-0.08295995,,
2023,6.0,12.0,114306.0,0.0,34.0,662.0,20.0,-141.0,61.0,23.0,31.0,-9.0,-54.0,16.0,-6.0,-12.0,3.0,0.0,-1.0,-359.513,124.2715,97.22955,514.4551,-133.0067,-850.3708,0.4872726,0.1490909,0.2363634,0.1659211,-0.18544,-0.08295995,,
2023,6.0,12.0,114306.0,0.0,35.0,682.0,20.0,-139.0,59.0,26.0,31.0,-9.0,-53.0,11.0,-6.0,-16.0,3.0,1.0,0.0,-354.709,119.8776,102.5315,514.4551,-133.0067,-834.3382,0.03272712,0.1490909,-0.127273,0.1659211,0.30256,0.4050401,,
2023,6.0,12.0,114306.0,0.0,36.0,702.0,20.0,-139.0,62.0,23.0,31.0,-9.0,-54.0,10.0,-6.0,-12.0,3.0,0.0,-1.0,-354.823,126.1797,96.08278,514.4551,-133.0067,-850.3708,-0.05818194,0.1490909,0.2363634,0.1659211,-0.18544,-0.08295995,,
2023,6.0,12.0,114306.0,0.0,37.0,722.0,20.0,-140.0,61.0,24.0,31.0,-9.0,-53.0,7.0,-3.0,-11.0,2.0,0.0,0.0,-357.168,124.148,98.47131,514.4551,-133.0067,-834.3382,-0.3309093,0.4218182,0.3272725,-0.3220789,-0.18544,0.4050401,,
2023,6.0,12.0,114306.0,0.0,38.0,742.0,20.0,-138.0,60.0,26.0,31.0,-9.0,-54.0,11.0,-4.0,-9.0,3.0,1.0,0.0,-352.402,121.8549,101.6237,514.4551,-133.0067,-850.3708,0.03272712,0.3309091,0.5090907,0.1659211,0.30256,0.4050401,,
2023,6.0,12.0,114306.0,0.0,39.0,762.0,20.0,-142.0,59.0,25.0,31.0,-9.0,-54.0,9.0,0.0,-18.0,1.0,0.0,-1.0,-361.82,120.1392,101.7676,514.4551,-133.0067,-850.3708,-0.1490911,0.6945455,-0.3090911,-0.8100789,-0.18544,-0.08295995,,
2023,6.0,12.0,114306.0,0.0,40.0,782.0,20.0,-141.0,59.0,23.0,31.0,-10.0,-53.0,11.0,-2.0,-19.0,3.0,0.0,-2.0,-359.361,120.1787,98.56726,514.4551,-149.0394,-834.3382,0.03272712,0.5127273,-0.4000002,0.1659211,-0.18544,-0.5709599,,
2023,6.0,12.0,114306.0,0.0,41.0,802.0,20.0,-141.0,58.0,23.0,31.0,-9.0,-54.0,8.0,-7.0,-14.0,2.0,1.0,-2.0,-359.285,118.1323,99.23612,514.4551,-133.0067,-850.3708,-0.2400001,0.05818188,0.05454528,-0.3220789,0.30256,-0.5709599,,
2023,6.0,12.0,114306.0,0.0,42.0,822.0,20.0,-142.0,59.0,26.0,31.0,-9.0,-54.0,12.0,-12.0,-11.0,2.0,1.0,-2.0,-361.858,120.0849,103.2484,514.4551,-133.0067,-850.3708,0.1236362,-0.3963636,0.3272725,-0.3220789,0.30256,-0.5709599,,
2023,6.0,12.0,114306.0,0.0,43.0,842.0,20.0,-138.0,59.0,24.0,31.0,-9.0,-54.0,11.0,-3.0,-19.0,3.0,0.0,-1.0,-352.25,119.9171,99.33114,514.4551,-133.0067,-850.3708,0.03272712,0.4218182,-0.4000002,0.1659211,-0.18544,-0.08295995,,
2023,6.0,12.0,114306.0,0.0,44.0,862.0,20.0,-140.0,58.0,23.0,31.0,-9.0,-53.0,10.0,-11.0,-12.0,3.0,1.0,-1.0,-356.902,118.0631,98.99718,514.4551,-133.0067,-834.3382,-0.05818194,-0.3054545,0.2363634,0.1659211,0.30256,-0.08295995,,
2023,6.0,12.0,114306.0,0.0,45.0,882.0,20.0,-141.0,58.0,23.0,31.0,-9.0,-53.0,11.0,-11.0,-16.0,3.0,0.0,-1.0,-359.285,118.1323,99.23612,514.4551,-133.0067,-834.3382,0.03272712,-0.3054545,-0.127273,0.1659211,-0.18544,-0.08295995,,
2023,6.0,12.0,114306.0,0.0,46.0,902.0,20.0,-140.0,61.0,23.0,31.0,-9.0,-53.0,10.0,-6.0,-13.0,2.0,0.0,-1.0,-357.13,124.2024,96.9906,514.4551,-133.0067,-834.3382,-0.05818194,0.1490909,0.1454544,-0.3220789,-0.18544,-0.08295995,,
2023,6.0,12.0,114306.0,0.0,47.0,922.0,20.0,-139.0,58.0,22.0,31.0,-9.0,-53.0,2.0,-9.0,-15.0,2.0,1.0,-1.0,-354.481,118.0484,97.27752,514.4551,-133.0067,-834.3382,-0.7854547,-0.1236363,-0.03636384,-0.3220789,0.30256,-0.08295995,,
2023,6.0,12.0,114306.0,0.0,48.0,942.0,20.0,-139.0,57.0,25.0,31.0,-9.0,-54.0,8.0,-10.0,-14.0,3.0,0.0,-1.0,-354.519,115.8391,102.3885,514.4551,-133.0067,-850.3708,-0.2400001,-0.2145454,0.05454528,0.1659211,-0.18544,-0.08295995,,
2023,6.0,12.0,114306.0,0.0,49.0,962.0,20.0,-140.0,59.0,24.0,31.0,-9.0,-54.0,13.0,-7.0,-13.0,2.0,1.0,-1.0,-357.016,120.0553,99.80903,514.4551,-133.0067,-850.3708,0.2145452,0.05818188,0.1454544,-0.3220789,0.30256,-0.08295995,,
2023,6.0,12.0,114306.0,0.0,50.0,982.0,20.0,-140.0,59.0,24.0,31.0,-9.0,-54.0,2.0,-8.0,-12.0,3.0,0.0,0.0,-357.016,120.0553,99.80903,514.4551,-133.0067,-850.3708,-0.7854547,-0.03272724,0.2363634,0.1659211,-0.18544,0.4050401,,
2023,6.0,12.0,114306.0,0.0,51.0,1002.0,20.0,-142.0,58.0,24.0,31.0,-9.0,-54.0,10.0,-10.0,-9.0,2.0,0.0,-1.0,-361.706,118.1471,100.9558,514.4551,-133.0067,-850.3708,-0.05818194,-0.2145454,0.5090907,-0.3220789,-0.18544,-0.08295995,,
2023,6.0,12.0,114306.0,0.0,52.0,1022.0,20.0,-140.0,59.0,22.0,31.0,-9.0,-54.0,10.0,4.0,-16.0,2.0,1.0,-1.0,-356.94,120.1638,96.8476,514.4551,-133.0067,-850.3708,-0.05818194,1.058182,-0.127273,-0.3220789,0.30256,-0.08295995,,
2023,6.0,12.0,114306.0,0.0,53.0,1042.0,20.0,-139.0,59.0,24.0,31.0,-9.0,-54.0,12.0,-9.0,-8.0,3.0,1.0,-1.0,-354.633,119.9861,99.57008,514.4551,-133.0067,-850.3708,0.1236362,-0.1236363,0.5999998,0.1659211,0.30256,-0.08295995,,
2023,6.0,12.0,114306.0,0.0,54.0,1062.0,20.0,-139.0,58.0,23.0,31.0,-9.0,-53.0,14.0,-11.0,-10.0,3.0,1.0,0.0,-354.519,117.9941,98.75824,514.4551,-133.0067,-834.3382,0.3054544,-0.3054545,0.4181816,0.1659211,0.30256,0.4050401,,
2023,6.0,12.0,114306.0,0.0,55.0,1082.0,20.0,-142.0,59.0,22.0,31.0,-9.0,-54.0,9.0,-5.0,-11.0,3.0,0.0,0.0,-361.706,120.3021,97.32549,514.4551,-133.0067,-850.3708,-0.1490911,0.24,0.3272725,0.1659211,-0.18544,0.4050401,,
2023,6.0,12.0,114306.0,0.0,56.0,1102.0,20.0,-142.0,60.0,23.0,31.0,-9.0,-54.0,10.0,-8.0,-5.0,3.0,0.0,-1.0,-361.82,122.2942,98.13734,514.4551,-133.0067,-850.3708,-0.05818194,-0.03272724,0.872727,0.1659211,-0.18544,-0.08295995,,
2023,6.0,12.0,114306.0,0.0,57.0,1122.0,20.0,-138.0,59.0,23.0,31.0,-9.0,-54.0,12.0,-17.0,-7.0,3.0,0.0,-1.0,-352.212,119.9714,97.85042,514.4551,-133.0067,-850.3708,0.1236362,-0.850909,0.6909089,0.1659211,-0.18544,-0.08295995,,
2023,6.0,12.0,114306.0,0.0,58.0,1142.0,20.0,-141.0,60.0,24.0,31.0,-9.0,-54.0,6.0,-12.0,-12.0,3.0,1.0,-1.0,-359.475,122.1708,99.37911,514.4551,-133.0067,-850.3708,-0.4218183,-0.3963636,0.2363634,0.1659211,0.30256,-0.08295995,,
2023,6.0,12.0,114306.0,0.0,59.0,1162.0,20.0,-142.0,60.0,25.0,31.0,-9.0,-53.0,9.0,-5.0,-6.0,3.0,0.0,-1.0,-361.896,122.1855,101.0988,514.4551,-133.0067,-834.3382,-0.1490911,0.24,0.781818,0.1659211,-0.18544,-0.08295995,,
2023,6.0,12.0,114306.0,0.0,60.0,1182.0,20.0,-139.0,59.0,24.0,31.0,-9.0,-54.0,11.0,-12.0,-16.0,2.0,0.0,-1.0,-354.633,119.9861,99.57008,514.4551,-133.0067,-850.3708,0.03272712,-0.3963636,-0.127273,-0.3220789,-0.18544,-0.08295995,,
2023,6.0,12.0,114306.0,0.0,61.0,1202.0,20.0,-139.0,60.0,22.0,31.0,-9.0,-54.0,9.0,-11.0,-20.0,3.0,-1.0,-1.0,-354.633,122.1412,95.9398,514.4551,-133.0067,-850.3708,-0.1490911,-0.3054545,-0.4909093,0.1659211,-0.67344,-0.08295995,,
2023,6.0,12.0,114306.0,0.0,62.0,1222.0,20.0,-140.0,59.0,23.0,31.0,-9.0,-53.0,10.0,-9.0,-13.0,3.0,0.0,-1.0,-356.978,120.1096,98.32832,514.4551,-133.0067,-834.3382,-0.05818194,-0.1236363,0.1454544,0.1659211,-0.18544,-0.08295995,,
2023,6.0,12.0,114306.0,0.0,63.0,1242.0,20.0,-140.0,61.0,25.0,31.0,-9.0,-54.0,17.0,-9.0,-14.0,2.0,0.0,-1.0,-357.206,124.0938,99.95203,514.4551,-133.0067,-850.3708,0.5781816,-0.1236363,0.05454528,-0.3220789,-0.18544,-0.08295995,,
2023,6.0,12.0,114306.0,0.0,64.0,1262.0,20.0,-139.0,60.0,24.0,31.0,-10.0,-54.0,15.0,-8.0,-13.0,3.0,0.0,-1.0,-354.709,122.0325,98.90122,514.4551,-149.0394,-850.3708,0.3963635,-0.03272724,0.1454544,0.1659211,-0.18544,-0.08295995,,
2023,6.0,12.0,114306.0,0.0,65.0,1282.0,20.0,-139.0,57.0,25.0,31.0,-9.0,-54.0,8.0,-1.0,-19.0,2.0,1.0,-1.0,-354.519,115.8391,102.3885,514.4551,-133.0067,-850.3708,-0.2400001,0.6036364,-0.4000002,-0.3220789,0.30256,-0.08295995,,
2023,6.0,12.0,114306.0,0.0,66.0,1302.0,20.0,-140.0,60.0,23.0,31.0,-9.0,-54.0,13.0,-12.0,-17.0,3.0,1.0,-1.0,-357.054,122.1559,97.65946,514.4551,-133.0067,-850.3708,0.2145452,-0.3963636,-0.218182,0.1659211,0.30256,-0.08295995,,
2023,6.0,12.0,114306.0,0.0,67.0,1322.0,20.0,-140.0,60.0,24.0,32.0,-9.0,-54.0,13.0,-6.0,-23.0,3.0,0.0,-1.0,-357.092,122.1017,99.14017,530.4877,-133.0067,-850.3708,0.2145452,0.1490909,-0.7636365,0.1659211,-0.18544,-0.08295995,,
2023,6.0,12.0,114306.0,0.0,68.0,1342.0,20.0,-140.0,59.0,25.0,31.0,-9.0,-53.0,15.0,-14.0,-20.0,3.0,1.0,-1.0,-357.054,120.001,101.2897,514.4551,-133.0067,-834.3382,0.3963635,-0.5781817,-0.4909093,0.1659211,0.30256,-0.08295995,,
2023,6.0,12.0,114306.0,0.0,69.0,1362.0,20.0,-139.0,61.0,23.0,31.0,-9.0,-54.0,6.0,-5.0,-18.0,2.0,1.0,-1.0,-354.747,124.1333,96.75165,514.4551,-133.0067,-850.3708,-0.4218183,0.24,-0.3090911,-0.3220789,0.30256,-0.08295995,,
2023,6.0,12.0,114306.0,0.0,70.0,1382.0,20.0,-142.0,58.0,23.0,31.0,-9.0,-54.0,3.0,-5.0,-13.0,3.0,0.0,0.0,-361.668,118.2014,99.47507,514.4551,-133.0067,-850.3708,-0.6945456,0.24,0.1454544,0.1659211,-0.18544,0.4050401,,
2023,6.0,12.0,114306.0,0.0,71.0,1402.0,20.0,-141.0,56.0,22.0,31.0,-9.0,-53.0,14.0,-12.0,-17.0,3.0,0.0,-1.0,-359.095,114.0938,99.09312,514.4551,-133.0067,-834.3382,0.3054544,-0.3963636,-0.218182,0.1659211,-0.18544,-0.08295995,,
2023,6.0,12.0,114306.0,0.0,72.0,1422.0,20.0,-139.0,60.0,25.0,31.0,-9.0,-54.0,12.0,-16.0,-23.0,2.0,1.0,0.0,-354.747,121.9783,100.3819,514.4551,-133.0067,-850.3708,0.1236362,-0.76,-0.7636365,-0.3220789,0.30256,0.4050401,,
2023,6.0,12.0,114306.0,0.0,73.0,1442.0,20.0,-141.0,57.0,24.0,31.0,-9.0,-53.0,13.0,-10.0,-9.0,3.0,0.0,-1.0,-359.247,116.0316,101.3857,514.4551,-133.0067,-834.3382,0.2145452,-0.2145454,0.5090907,0.1659211,-0.18544,-0.08295995,,
2023,6.0,12.0,114306.0,0.0,74.0,1462.0,20.0,-139.0,59.0,22.0,31.0,-9.0,-53.0,14.0,-8.0,-13.0,3.0,0.0,-1.0,-354.557,120.0948,96.60866,514.4551,-133.0067,-834.3382,0.3054544,-0.03272724,0.1454544,0.1659211,-0.18544,-0.08295995,,
2023,6.0,12.0,114306.0,0.0,75.0,1482.0,20.0,-139.0,59.0,24.0,31.0,-9.0,-54.0,6.0,-10.0,-25.0,3.0,1.0,-1.0,-354.633,119.9861,99.57008,514.4551,-133.0067,-850.3708,-0.4218183,-0.2145454,-0.9454547,0.1659211,0.30256,-0.08295995,,
2023,6.0,12.0,114306.0,0.0,76.0,1502.0,20.0,-140.0,59.0,24.0,31.0,-9.0,-53.0,12.0,-6.0,-17.0,2.0,0.0,-1.0,-357.016,120.0553,99.80903,514.4551,-133.0067,-834.3382,0.1236362,0.1490909,-0.218182,-0.3220789,-0.18544,-0.08295995,,
2023,6.0,12.0,114306.0,0.0,77.0,1522.0,20.0,-142.0,60.0,26.0,31.0,-9.0,-54.0,8.0,-9.0,-14.0,3.0,0.0,-1.0,-361.934,122.1313,102.5795,514.4551,-133.0067,-850.3708,-0.2400001,-0.1236363,0.05454528,0.1659211,-0.18544,-0.08295995,,
2023,6.0,12.0,114306.0,0.0,78.0,1542.0,20.0,-140.0,60.0,23.0,31.0,-9.0,-54.0,10.0,-17.0,-12.0,3.0,0.0,-1.0,-357.054,122.1559,97.65946,514.4551,-133.0067,-850.3708,-0.05818194,-0.850909,0.2363634,0.1659211,-0.18544,-0.08295995,,
2023,6.0,12.0,114306.0,0.0,79.0,1562.0,20.0,-141.0,59.0,24.0,31.0,-9.0,-54.0,10.0,-4.0,-12.0,3.0,1.0,-1.0,-359.399,120.1244,100.048,514.4551,-133.0067,-850.3708,-0.05818194,0.3309091,0.2363634,0.1659211,0.30256,-0.08295995,,
2023,6.0,12.0,114306.0,0.0,80.0,1582.0,20.0,-139.0,60.0,22.0,31.0,-9.0,-54.0,14.0,-15.0,-20.0,3.0,0.0,-1.0,-354.633,122.1412,95.9398,514.4551,-133.0067,-850.3708,0.3054544,-0.6690909,-0.4909093,0.1659211,-0.18544,-0.08295995,,
2023,6.0,12.0,114306.0,0.0,81.0,1602.0,20.0,-142.0,59.0,23.0,31.0,-9.0,-54.0,14.0,-2.0,-13.0,3.0,1.0,-1.0,-361.744,120.2478,98.80621,514.4551,-133.0067,-850.3708,0.3054544,0.5127273,0.1454544,0.1659211,0.30256,-0.08295995,,
2023,6.0,12.0,114306.0,0.0,82.0,1622.0,20.0,-142.0,60.0,24.0,31.0,-9.0,-54.0,14.0,-5.0,-16.0,3.0,0.0,-1.0,-361.858,122.2399,99.61807,514.4551,-133.0067,-850.3708,0.3054544,0.24,-0.127273,0.1659211,-0.18544,-0.08295995,,
2023,6.0,12.0,114306.0,0.0,83.0,1642.0,20.0,-140.0,60.0,23.0,31.0,-9.0,-54.0,17.0,-10.0,-24.0,2.0,0.0,-1.0,-357.054,122.1559,97.65946,514.4551,-133.0067,-850.3708,0.5781816,-0.2145454,-0.8545457,-0.3220789,-0.18544,-0.08295995,,
2023,6.0,12.0,114306.0,0.0,84.0,1662.0,20.0,-141.0,60.0,24.0,31.0,-9.0,-54.0,8.0,-11.0,-6.0,3.0,0.0,0.0,-359.475,122.1708,99.37911,514.4551,-133.0067,-850.3708,-0.2400001,-0.3054545,0.781818,0.1659211,-0.18544,0.4050401,,
2023,6.0,12.0,114306.0,0.0,85.0,1682.0,20.0,-141.0,60.0,23.0,31.0,-9.0,-54.0,13.0,-6.0,-16.0,3.0,1.0,-1.0,-359.437,122.2251,97.8984,514.4551,-133.0067,-850.3708,0.2145452,0.1490909,-0.127273,0.1659211,0.30256,-0.08295995,,
2023,6.0,12.0,114306.0,0.0,86.0,1702.0,20.0,-138.0,61.0,23.0,31.0,-9.0,-54.0,13.0,-6.0,-20.0,3.0,1.0,0.0,-352.364,124.0642,96.5127,514.4551,-133.0067,-850.3708,0.2145452,0.1490909,-0.4909093,0.1659211,0.30256,0.4050401,,
2023,6.0,12.0,114306.0,0.0,87.0,1722.0,20.0,-139.0,58.0,24.0,31.0,-9.0,-54.0,7.0,-10.0,-13.0,3.0,1.0,0.0,-354.557,117.9398,100.2389,514.4551,-133.0067,-850.3708,-0.3309093,-0.2145454,0.1454544,0.1659211,0.30256,0.4050401,,
2023,6.0,12.0,114306.0,0.0,88.0,1742.0,20.0,-140.0,60.0,23.0,31.0,-9.0,-54.0,10.0,-5.0,-24.0,3.0,0.0,-1.0,-357.054,122.1559,97.65946,514.4551,-133.0067,-850.3708,-0.05818194,0.24,-0.8545457,0.1659211,-0.18544,-0.08295995,,
2023,6.0,12.0,114306.0,0.0,89.0,1762.0,20.0,-139.0,59.0,22.0,31.0,-9.0,-54.0,12.0,-6.0,-9.0,3.0,0.0,-1.0,-354.557,120.0948,96.60866,514.4551,-133.0067,-850.3708,0.1236362,0.1490909,0.5090907,0.1659211,-0.18544,-0.08295995,,
2023,6.0,12.0,114306.0,0.0,90.0,1782.0,20.0,-140.0,60.0,24.0,31.0,-9.0,-54.0,13.0,-7.0,-16.0,3.0,1.0,-1.0,-357.092,122.1017,99.14017,514.4551,-133.0067,-850.3708,0.2145452,0.05818188,-0.127273,0.1659211,0.30256,-0.08295995,,
2023,6.0,12.0,114306.0,0.0,91.0,1802.0,20.0,-140.0,59.0,25.0,32.0,-9.0,-54.0,13.0,-1.0,-19.0,2.0,1.0,-1.0,-357.054,120.001,101.2897,530.4877,-133.0067,-850.3708,0.2145452,0.6036364,-0.4000002,-0.3220789,0.30256,-0.08295995,,
2023,6.0,12.0,114306.0,0.0,92.0,1822.0,20.0,-140.0,57.0,24.0,31.0,-9.0,-54.0,8.0,-1.0,-11.0,3.0,0.0,0.0,-356.864,115.9625,101.1468,514.4551,-133.0067,-850.3708,-0.2400001,0.6036364,0.3272725,0.1659211,-0.18544,0.4050401,,
2023,6.0,12.0,114306.0,0.0,93.0,1842.0,20.0,-138.0,60.0,24.0,31.0,-9.0,-54.0,14.0,-7.0,-18.0,3.0,0.0,-1.0,-352.326,121.9634,98.66228,514.4551,-133.0067,-850.3708,0.3054544,0.05818188,-0.3090911,0.1659211,-0.18544,-0.08295995,,
2023,6.0,12.0,114306.0,0.0,94.0,1862.0,20.0,-140.0,58.0,23.0,31.0,-9.0,-54.0,15.0,-15.0,-12.0,3.0,1.0,-1.0,-356.902,118.0631,98.99718,514.4551,-133.0067,-850.3708,0.3963635,-0.6690909,0.2363634,0.1659211,0.30256,-0.08295995,,
2023,6.0,12.0,114306.0,0.0,95.0,1882.0,20.0,-141.0,58.0,24.0,31.0,-9.0,-54.0,10.0,-11.0,-18.0,3.0,1.0,-1.0,-359.323,118.078,100.7169,514.4551,-133.0067,-850.3708,-0.05818194,-0.3054545,-0.3090911,0.1659211,0.30256,-0.08295995,,
2023,6.0,12.0,114306.0,0.0,96.0,1902.0,20.0,-139.0,58.0,25.0,31.0,-9.0,-54.0,12.0,-10.0,-14.0,3.0,0.0,-1.0,-354.595,117.8855,101.7197,514.4551,-133.0067,-850.3708,0.1236362,-0.2145454,0.05454528,0.1659211,-0.18544,-0.08295995,,
2023,6.0,12.0,114306.0,0.0,97.0,1922.0,20.0,-139.0,58.0,21.0,31.0,-9.0,-54.0,11.0,-4.0,-20.0,3.0,0.0,-1.0,-354.443,118.1027,95.7968,514.4551,-133.0067,-850.3708,0.03272712,0.3309091,-0.4909093,0.1659211,-0.18544,-0.08295995,,
2023,6.0,12.0,114306.0,0.0,98.0,1942.0,20.0,-142.0,60.0,20.0,31.0,-10.0,-53.0,12.0,-2.0,-16.0,3.0,1.0,0.0,-361.706,122.457,93.69521,514.4551,-149.0394,-834.3382,0.1236362,0.5127273,-0.127273,0.1659211,0.30256,0.4050401,,
2023,6.0,12.0,114306.0,0.0,99.0,1962.0,20.0,-140.0,59.0,23.0,31.0,-9.0,-54.0,12.0,-11.0,-6.0,3.0,0.0,-1.0,-356.978,120.1096,98.32832,514.4551,-133.0067,-850.3708,0.1236362,-0.3054545,0.781818,0.1659211,-0.18544,-0.08295995,,
2023,6.0,12.0,114306.0,0.0,100.0,1982.0,20.0,-142.0,56.0,24.0,31.0,-9.0,-54.0,6.0,-9.0,-14.0,3.0,1.0,-1.0,-361.554,114.0543,102.2935,514.4551,-133.0067,-850.3708,-0.4218183,-0.1236363,0.05454528,0.1659211,0.30256,-0.08295995,,
2023,6.0,12.0,114306.0,0.0,101.0,2002.0,20.0,-141.0,59.0,24.0,31.0,-9.0,-54.0,17.0,-17.0,-18.0,2.0,0.0,0.0,-359.399,120.1244,100.048,514.4551,-133.0067,-850.3708,0.5781816,-0.850909,-0.3090911,-0.3220789,-0.18544,0.4050401,,
2023,6.0,12.0,114306.0,0.0,102.0,2022.0,20.0,-138.0,57.0,24.0,31.0,-9.0,-53.0,9.0,-9.0,-16.0,2.0,1.0,-1.0,-352.098,115.8243,100.6689,514.4551,-133.0067,-834.3382,-0.1490911,-0.1236363,-0.127273,-0.3220789,0.30256,-0.08295995,,
2023,6.0,12.0,114306.0,0.0,103.0,2042.0,20.0,-140.0,58.0,24.0,31.0,-9.0,-54.0,8.0,-9.0,-22.0,2.0,0.0,-1.0,-356.94,118.0089,100.4779,514.4551,-133.0067,-850.3708,-0.2400001,-0.1236363,-0.6727275,-0.3220789,-0.18544,-0.08295995,,
2023,6.0,12.0,114306.0,0.0,104.0,2062.0,20.0,-140.0,57.0,23.0,31.0,-9.0,-54.0,11.0,-5.0,-9.0,3.0,1.0,-1.0,-356.826,116.0168,99.66604,514.4551,-133.0067,-850.3708,0.03272712,0.24,0.5090907,0.1659211,0.30256,-0.08295995,,
2023,6.0,12.0,114306.0,0.0,105.0,2082.0,20.0,-140.0,58.0,20.0,31.0,-9.0,-54.0,19.0,-12.0,-23.0,3.0,0.0,0.0,-356.788,118.2261,94.55503,514.4551,-133.0067,-850.3708,0.7599999,-0.3963636,-0.7636365,0.1659211,-0.18544,0.4050401,,
2023,6.0,12.0,114306.0,0.0,106.0,2102.0,20.0,-139.0,61.0,23.0,31.0,-9.0,-54.0,10.0,-10.0,-14.0,3.0,1.0,-2.0,-354.747,124.1333,96.75165,514.4551,-133.0067,-850.3708,-0.05818194,-0.2145454,0.05454528,0.1659211,0.30256,-0.5709599,,
2023,6.0,12.0,114306.0,0.0,107.0,2122.0,20.0,-141.0,60.0,21.0,31.0,-9.0,-54.0,14.0,-10.0,-24.0,2.0,0.0,-1.0,-359.361,122.3336,94.93697,514.4551,-133.0067,-850.3708,0.3054544,-0.2145454,-0.8545457,-0.3220789,-0.18544,-0.08295995,,
2023,6.0,12.0,114306.0,0.0,108.0,2142.0,20.0,-143.0,58.0,23.0,31.0,-9.0,-54.0,5.0,-6.0,-16.0,2.0,1.0,-1.0,-364.051,118.2705,99.71401,514.4551,-133.0067,-850.3708,-0.5127274,0.1490909,-0.127273,-0.3220789,0.30256,-0.08295995,,
2023,6.0,12.0,114306.0,0.0,109.0,2162.0,20.0,-141.0,58.0,25.0,31.0,-9.0,-54.0,8.0,-4.0,-14.0,2.0,0.0,-1.0,-359.361,118.0237,102.1975,514.4551,-133.0067,-850.3708,-0.2400001,0.3309091,0.05454528,-0.3220789,-0.18544,-0.08295995,,
2023,6.0,12.0,114306.0,0.0,110.0,2182.0,20.0,-141.0,58.0,24.0,31.0,-9.0,-54.0,11.0,-6.0,-16.0,2.0,1.0,-1.0,-359.323,118.078,100.7169,514.4551,-133.0067,-850.3708,0.03272712,0.1490909,-0.127273,-0.3220789,0.30256,-0.08295995,,
2023,6.0,12.0,114306.0,0.0,111.0,2202.0,20.0,-143.0,60.0,22.0,31.0,-9.0,-54.0,6.0,-2.0,-8.0,3.0,0.0,0.0,-364.165,122.4176,96.89557,514.4551,-133.0067,-850.3708,-0.4218183,0.5127273,0.5999998,0.1659211,-0.18544,0.4050401,,
2023,6.0,12.0,114306.0,0.0,112.0,2222.0,20.0,-141.0,59.0,23.0,31.0,-9.0,-54.0,11.0,-9.0,-7.0,2.0,1.0,-1.0,-359.361,120.1787,98.56726,514.4551,-133.0067,-850.3708,0.03272712,-0.1236363,0.6909089,-0.3220789,0.30256,-0.08295995,,
2023,6.0,12.0,114306.0,0.0,113.0,2241.97,19.9697,-139.0,61.0,24.0,31.0,-9.0,-54.0,13.0,-12.0,-16.0,3.0,0.0,-1.0,-354.785,124.0789,98.23236,514.4551,-133.0067,-850.3708,0.2145452,-0.3963636,-0.127273,0.1659211,-0.18544,-0.08295995,,
2023,6.0,12.0,114306.0,0.0,114.0,2262.0,20.0303,-140.0,59.0,22.0,31.0,-9.0,-54.0,17.0,-1.0,-16.0,3.0,1.0,-1.0,-356.94,120.1638,96.8476,514.4551,-133.0067,-850.3708,0.5781816,0.6036364,-0.127273,0.1659211,0.30256,-0.08295995,,
2023,6.0,12.0,114306.0,0.0,115.0,2282.0,20.0,-141.0,56.0,24.0,31.0,-9.0,-54.0,4.0,-10.0,-18.0,3.0,0.0,-1.0,-359.171,113.9852,102.0546,514.4551,-133.0067,-850.3708,-0.6036365,-0.2145454,-0.3090911,0.1659211,-0.18544,-0.08295995,,
2023,6.0,12.0,114306.0,0.0,116.0,2301.97,19.9697,-141.0,57.0,23.0,31.0,-9.0,-54.0,2.0,-5.0,-12.0,3.0,0.0,0.0,-359.209,116.0859,99.90498,514.4551,-133.0067,-850.3708,-0.7854547,0.24,0.2363634,0.1659211,-0.18544,0.4050401,,
2023,6.0,12.0,114306.0,0.0,117.0,2322.0,20.0303,-141.0,59.0,22.0,31.0,-9.0,-54.0,10.0,-2.0,-9.0,2.0,1.0,-1.0,-359.323,120.2329,97.08655,514.4551,-133.0067,-850.3708,-0.05818194,0.5127273,0.5090907,-0.3220789,0.30256,-0.08295995,,
2023,6.0,12.0,114306.0,0.0,118.0,2342.0,20.0,-141.0,58.0,23.0,31.0,-9.0,-54.0,9.0,-16.0,-11.0,3.0,1.0,-1.0,-359.285,118.1323,99.23612,514.4551,-133.0067,-850.3708,-0.1490911,-0.76,0.3272725,0.1659211,0.30256,-0.08295995,,
2023,6.0,12.0,114306.0,0.0,119.0,2362.0,20.0,-143.0,58.0,22.0,31.0,-9.0,-54.0,11.0,-4.0,-8.0,3.0,0.0,0.0,-364.013,118.3248,98.2333,514.4551,-133.0067,-850.3708,0.03272712,0.3309091,0.5999998,0.1659211,-0.18544,0.4050401,,
2023,6.0,12.0,114306.0,0.0,120.0,2382.0,20.0,-142.0,58.0,21.0,31.0,-9.0,-53.0,14.0,-15.0,-12.0,2.0,0.0,-1.0,-361.592,118.3099,96.51364,514.4551,-133.0067,-834.3382,0.3054544,-0.6690909,0.2363634,-0.3220789,-0.18544,-0.08295995,,
2023,6.0,12.0,114306.0,0.0,121.0,2402.0,20.0,-139.0,58.0,23.0,31.0,-9.0,-53.0,19.0,-5.0,-18.0,3.0,0.0,-1.0,-354.519,117.9941,98.75824,514.4551,-133.0067,-834.3382,0.7599999,0.24,-0.3090911,0.1659211,-0.18544,-0.08295995,,
2023,6.0,12.0,114306.0,0.0,122.0,2422.0,20.0,-140.0,60.0,22.0,31.0,-9.0,-54.0,6.0,-9.0,-16.0,2.0,0.0,-1.0,-357.016,122.2102,96.17874,514.4551,-133.0067,-850.3708,-0.4218183,-0.1236363,-0.127273,-0.3220789,-0.18544,-0.08295995,,
2023,6.0,12.0,114306.0,0.0,123.0,2442.0,20.0,-142.0,58.0,25.0,31.0,-9.0,-54.0,10.0,-2.0,-16.0,3.0,0.0,-1.0,-361.744,118.0928,102.4365,514.4551,-133.0067,-850.3708,-0.05818194,0.5127273,-0.127273,0.1659211,-0.18544,-0.08295995,,
2023,6.0,12.0,114306.0,0.0,124.0,2462.0,20.0,-140.0,60.0,23.0,31.0,-9.0,-54.0,7.0,-10.0,-8.0,3.0,0.0,0.0,-357.054,122.1559,97.65946,514.4551,-133.0067,-850.3708,-0.3309093,-0.2145454,0.5999998,0.1659211,-0.18544,0.4050401,,
2023,6.0,12.0,114306.0,0.0,125.0,2482.0,20.0,-138.0,59.0,23.0,31.0,-9.0,-53.0,6.0,-6.0,-17.0,2.0,0.0,-1.0,-352.212,119.9714,97.85042,514.4551,-133.0067,-834.3382,-0.4218183,0.1490909,-0.218182,-0.3220789,-0.18544,-0.08295995,,
2023,6.0,12.0,114306.0,0.0,126.0,2502.0,20.0,-141.0,60.0,22.0,31.0,-9.0,-54.0,10.0,-12.0,-22.0,3.0,0.0,-1.0,-359.399,122.2793,96.41769,514.4551,-133.0067,-850.3708,-0.05818194,-0.3963636,-0.6727275,0.1659211,-0.18544,-0.08295995,,
2023,6.0,12.0,114306.0,0.0,127.0,2522.0,20.0,-139.0,59.0,24.0,31.0,-9.0,-54.0,9.0,-11.0,-16.0,2.0,0.0,-1.0,-354.633,119.9861,99.57008,514.4551,-133.0067,-850.3708,-0.1490911,-0.3054545,-0.127273,-0.3220789,-0.18544,-0.08295995,,
2023,6.0,12.0,114306.0,0.0,128.0,2542.0,20.0,-140.0,59.0,24.0,31.0,-10.0,-54.0,13.0,2.0,-19.0,2.0,1.0,-1.0,-357.016,120.0553,99.80903,514.4551,-149.0394,-850.3708,0.2145452,0.8763637,-0.4000002,-0.3220789,0.30256,-0.08295995,,
2023,6.0,12.0,114306.0,0.0,129.0,2562.0,20.0,-141.0,59.0,22.0,31.0,-9.0,-54.0,10.0,-5.0,-15.0,3.0,-1.0,-1.0,-359.323,120.2329,97.08655,514.4551,-133.0067,-850.3708,-0.05818194,0.24,-0.03636384,0.1659211,-0.67344,-0.08295995,,
2023,6.0,12.0,114306.0,0.0,130.0,2582.0,20.0,-140.0,56.0,22.0,31.0,-9.0,-54.0,14.0,-8.0,-15.0,2.0,1.0,0.0,-356.712,114.0247,98.85418,514.4551,-133.0067,-850.3708,0.3054544,-0.03272724,-0.03636384,-0.3220789,0.30256,0.4050401,,
2023,6.0,12.0,114306.0,0.0,131.0,2602.0,20.0,-140.0,57.0,24.0,31.0,-9.0,-53.0,5.0,-8.0,-3.0,4.0,1.0,-1.0,-356.864,115.9625,101.1468,514.4551,-133.0067,-834.3382,-0.5127274,-0.03272724,1.054545,0.6539211,0.30256,-0.08295995,,
== yy1 ==============,,,,,,,,,,,,,,,,,,,,,,,,,,,,,,,,,
2023,6.0,12.0,114306.0,1.0,1.0,362.0,0.0,144.0,58.0,65.0,15.0,115.0,-398.0,6.0,17.0,-76.0,-1737.0,-1207.0,-708.0,318.274,96.15796,93.32643,257.933,1855.04,-6365.596,-0.4218183,2.24,-5.581819,-848.9541,-589.2014,-345.099,,
2023,6.0,12.0,114306.0,1.0,2.0,364.0,2.0,146.0,57.0,61.0,15.0,106.0,-398.0,5.0,14.0,-74.0,-1742.0,-1230.0,-689.0,323.268,94.19052,87.59454,257.933,1710.746,-6365.596,-0.5127274,1.967273,-5.4,-851.3941,-600.4254,-335.827,,
2023,6.0,12.0,114306.0,1.0,3.0,366.0,2.0,147.0,60.0,59.0,13.0,101.0,-398.0,6.0,16.0,-59.0,-1748.0,-1254.0,-668.0,325.499,100.3692,82.38758,225.8677,1630.583,-6365.596,-0.4218183,2.149091,-4.036364,-854.3221,-612.1375,-325.579,,
2023,6.0,12.0,114306.0,1.0,4.0,368.0,2.0,144.0,58.0,57.0,10.0,97.0,-397.0,-2.0,11.0,-70.0,-1758.0,-1283.0,-644.0,318.578,96.59225,81.48072,177.7698,1566.452,-6349.564,-1.149091,1.694546,-5.036364,-859.2021,-626.2894,-313.867,,
2023,6.0,12.0,114306.0,1.0,5.0,370.0,2.0,146.0,60.0,55.0,5.0,92.0,-396.0,11.0,12.0,-64.0,-1769.0,-1314.0,-612.0,323.268,100.6555,76.70367,97.60667,1486.289,-6333.531,0.03272712,1.785455,-4.49091,-864.5701,-641.4174,-298.251,,
2023,6.0,12.0,114306.0,1.0,6.0,372.0,2.0,145.0,61.0,52.0,0.0,85.0,-393.0,7.0,11.0,-66.0,-1775.0,-1343.0,-573.0,320.923,102.9339,71.8316,17.4435,1374.061,-6285.433,-0.3309093,1.694546,-4.672728,-867.4981,-655.5695,-279.219,,
2023,6.0,12.0,114306.0,1.0,7.0,374.0,2.0,147.0,61.0,49.0,-4.0,79.0,-391.0,4.0,10.0,-64.0,-1781.0,-1374.0,-534.0,325.803,102.9586,66.91157,-46.68703,1277.865,-6253.368,-0.6036365,1.603637,-4.49091,-870.4261,-670.6974,-260.187,,
2023,6.0,12.0,114306.0,1.0,8.0,376.0,2.0,148.0,64.0,48.0,-9.0,75.0,-389.0,7.0,9.0,-64.0,-1785.0,-1408.0,-498.0,327.996,109.0829,63.18533,-126.8502,1213.734,-6221.303,-0.3309093,1.512727,-4.49091,-872.3781,-687.2894,-242.619,,
2023,6.0,12.0,114306.0,1.0,9.0,378.0,2.0,146.0,62.0,43.0,-14.0,69.0,-388.0,-2.0,12.0,-69.0,-1789.0,-1440.0,-465.0,323.572,105.3998,57.59737,-207.0134,1117.539,-6205.27,-1.149091,1.785455,-4.945455,-874.3301,-702.9055,-226.515,,
2023,6.0,12.0,114306.0,1.0,10.0,380.0,2.0,147.0,64.0,39.0,-18.0,65.0,-387.0,5.0,4.0,-75.0,-1791.0,-1472.0,-436.0,325.955,109.6407,50.09784,-271.1439,1053.408,-6189.237,-0.5127274,1.058182,-5.49091,-875.3061,-718.5214,-212.363,,
2023,6.0,12.0,114306.0,1.0,11.0,382.0,2.0,145.0,63.0,36.0,-22.0,61.0,-388.0,-2.0,9.0,-71.0,-1793.0,-1505.0,-413.0,321.379,107.8954,46.80244,-335.2744,989.2775,-6205.27,-1.149091,1.512727,-5.127273,-876.2821,-734.6254,-201.139,,
2023,6.0,12.0,114306.0,1.0,12.0,384.0,2.0,147.0,63.0,32.0,-25.0,59.0,-389.0,4.0,5.0,-71.0,-1794.0,-1535.0,-396.0,326.297,107.9743,40.40169,-383.3723,957.2123,-6221.303,-0.6036365,1.149091,-5.127273,-876.7701,-749.2654,-192.843,,
2023,6.0,12.0,114306.0,1.0,13.0,386.0,2.0,147.0,64.0,30.0,-27.0,58.0,-391.0,1.0,6.0,-69.0,-1795.0,-1567.0,-384.0,326.297,110.1293,36.77139,-415.4376,941.1796,-6253.368,-0.8763638,1.24,-4.945455,-877.2581,-764.8814,-186.987,,
2023,6.0,12.0,114306.0,1.0,14.0,388.0,2.0,144.0,67.0,26.0,-28.0,58.0,-393.0,-3.0,1.0,-62.0,-1800.0,-1604.0,-375.0,319.072,116.693,29.55879,-431.4702,941.1796,-6285.433,-1.24,0.7854546,-4.309091,-879.6981,-782.9374,-182.595,,
2023,6.0,12.0,114306.0,1.0,15.0,390.0,2.0,150.0,67.0,23.0,-27.0,60.0,-396.0,-4.0,14.0,-76.0,-1805.0,-1643.0,-368.0,333.484,116.4413,23.68297,-415.4376,973.2449,-6333.531,-1.330909,1.967273,-5.581819,-882.1381,-801.9694,-179.179,,
2023,6.0,12.0,114306.0,1.0,16.0,392.0,2.0,146.0,67.0,19.0,-27.0,63.0,-400.0,7.0,2.0,-74.0,-1815.0,-1684.0,-363.0,324.104,116.9348,18.7159,-415.4376,1021.343,-6397.662,-0.3309093,0.8763637,-5.4,-887.0181,-821.9774,-176.739,,
2023,6.0,12.0,114306.0,1.0,17.0,394.0,2.0,144.0,66.0,16.0,-25.0,65.0,-406.0,-3.0,7.0,-84.0,-1829.0,-1728.0,-358.0,319.528,115.1895,15.4205,-383.3723,1053.408,-6493.857,-1.24,1.330909,-6.309091,-893.8501,-843.4495,-174.299,,
2023,6.0,12.0,114306.0,1.0,18.0,395.9697,1.969697,150.0,67.0,13.0,-21.0,68.0,-412.0,-2.0,13.0,-65.0,-1846.0,-1771.0,-356.0,333.864,116.9842,8.875824,-319.2418,1101.506,-6590.053,-1.149091,1.876364,-4.581819,-902.1461,-864.4334,-173.323,,
2023,6.0,12.0,114306.0,1.0,19.0,398.0,2.030303,146.0,70.0,8.0,-17.0,72.0,-422.0,9.0,10.0,-81.0,-1871.0,-1816.0,-354.0,324.294,123.6713,0.4214478,-255.1113,1165.636,-6750.379,-0.1490911,1.603637,-6.036364,-914.3461,-886.3934,-172.347,,
2023,6.0,12.0,114306.0,1.0,20.0,400.0,2.0,147.0,72.0,5.0,-12.0,76.0,-431.0,0.0,10.0,-86.0,-1903.0,-1863.0,-347.0,326.639,127.8578,-5.597351,-174.9481,1229.767,-6894.673,-0.9672729,1.603637,-6.49091,-929.9621,-909.3294,-168.931,,
2023,6.0,12.0,114306.0,1.0,21.0,402.0,2.0,142.0,73.0,-2.0,-6.0,80.0,-443.0,13.0,18.0,-86.0,-1942.0,-1911.0,-336.0,314.914,130.6298,-15.43649,-78.75229,1293.898,-7087.065,0.2145452,2.330909,-6.49091,-948.9941,-932.7534,-163.563,,
2023,6.0,12.0,114306.0,1.0,22.0,404.0,2.0,143.0,73.0,-8.0,1.0,84.0,-454.0,10.0,14.0,-77.0,-1988.0,-1962.0,-316.0,317.525,130.8865,-24.55974,33.47614,1358.028,-7263.424,-0.05818194,1.967273,-5.672728,-971.4421,-957.6414,-153.803,,
2023,6.0,12.0,114306.0,1.0,23.0,406.0,2.0,144.0,73.0,-12.0,11.0,86.0,-468.0,8.0,4.0,-84.0,-2043.0,-2010.0,-289.0,320.06,131.0345,-30.72154,193.8025,1390.093,-7487.881,-0.2400001,1.058182,-6.309091,-998.2821,-981.0654,-140.627,,
2023,6.0,12.0,114306.0,1.0,24.0,408.0,2.0,141.0,70.0,-14.0,22.0,88.0,-484.0,10.0,13.0,-94.0,-2106.0,-2052.0,-252.0,313.215,125.2112,-30.95955,370.1614,1422.159,-7744.403,-0.05818194,1.876364,-7.218183,-1029.026,-1001.561,-122.571,,
2023,6.0,12.0,114306.0,1.0,25.0,410.0,2.0,140.0,76.0,-17.0,36.0,87.0,-500.0,12.0,11.0,-92.0,-2179.0,-2094.0,-208.0,310.49,137.7216,-39.17592,594.6183,1406.126,-8000.925,0.1236362,1.694546,-7.036364,-1064.65,-1022.057,-101.099,,
2023,6.0,12.0,114306.0,1.0,26.0,412.0,2.0,141.0,79.0,-21.0,51.0,85.0,-518.0,12.0,12.0,-85.0,-2262.0,-2130.0,-152.0,312.797,144.0089,-47.34431,835.1078,1374.061,-8289.513,0.1236362,1.785455,-6.4,-1105.154,-1039.625,-73.77097,,
2023,6.0,12.0,114306.0,1.0,27.0,414.0,2.0,137.0,79.0,-25.0,67.0,80.0,-537.0,11.0,9.0,-100.0,-2354.0,-2162.0,-87.0,303.417,144.5025,-52.31137,1091.63,1293.898,-8594.132,0.03272712,1.512727,-7.763637,-1150.05,-1055.241,-42.05096,,
2023,6.0,12.0,114306.0,1.0,28.0,416.0,2.0,140.0,79.0,-28.0,84.0,72.0,-555.0,26.0,19.0,-104.0,-2453.0,-2185.0,-12.0,310.68,144.458,-57.47037,1364.185,1165.636,-8882.72,1.396363,2.421818,-8.127273,-1198.362,-1066.465,-5.45096,,
2023,6.0,12.0,114306.0,1.0,29.0,418.0,2.0,139.0,81.0,-32.0,99.0,63.0,-575.0,21.0,10.0,-100.0,-2559.0,-2199.0,75.0,308.297,148.8371,-64.492,1604.674,1021.343,-9203.372,0.941818,1.603637,-7.763637,-1250.09,-1073.297,37.00504,,
2023,6.0,12.0,114306.0,1.0,30.0,420.0,2.0,137.0,81.0,-32.0,114.0,49.0,-592.0,28.0,13.0,-107.0,-2666.0,-2206.0,170.0,303.531,148.9753,-64.01411,1845.164,796.886,-9475.927,1.578182,1.876364,-8.400001,-1302.306,-1076.713,83.36504,,
2023,6.0,12.0,114306.0,1.0,31.0,422.0,2.0,138.0,84.0,-34.0,127.0,38.0,-615.0,30.0,4.0,-117.0,-2779.0,-2210.0,273.0,305.762,155.154,-69.22107,2053.588,620.527,-9844.678,1.76,1.058182,-9.309092,-1357.45,-1078.665,133.629,,
2023,6.0,12.0,114306.0,1.0,32.0,424.0,2.0,134.0,83.0,-38.0,139.0,22.0,-641.0,25.0,-1.0,-130.0,-2901.0,-2204.0,378.0,296.458,153.6012,-73.51929,2245.979,364.0049,-10261.53,1.305454,0.6036364,-10.49091,-1416.986,-1075.737,184.869,,
2023,6.0,12.0,114306.0,1.0,33.0,425.9697,1.969697,134.0,83.0,-40.0,148.0,3.0,-667.0,31.0,-6.0,-132.0,-3026.0,-2195.0,483.0,296.534,153.7098,-76.48071,2390.273,59.38487,-10678.37,1.850909,0.1490909,-10.67273,-1477.986,-1071.345,236.1091,,
2023,6.0,12.0,114306.0,1.0,34.0,428.0,2.030303,133.0,85.0,-42.0,154.0,-16.0,-696.0,22.0,-6.0,-124.0,-3150.0,-2184.0,583.0,294.075,157.9803,-80.54092,2486.469,-245.2352,-11143.32,1.032727,0.1490909,-9.945455,-1538.498,-1065.977,284.909,,
2023,6.0,12.0,114306.0,1.0,35.0,430.0,2.0,134.0,86.0,-45.0,161.0,-36.0,-727.0,34.0,-11.0,-139.0,-3276.0,-2172.0,680.0,296.496,160.1204,-85.89087,2598.697,-565.8878,-11640.33,2.123636,-0.3054545,-11.30909,-1599.986,-1060.121,332.245,,
2023,6.0,12.0,114306.0,1.0,36.0,432.0,2.0,133.0,87.0,-45.0,168.0,-60.0,-759.0,33.0,-18.0,-141.0,-3404.0,-2158.0,773.0,294.037,162.2359,-86.3208,2710.926,-950.671,-12153.38,2.032727,-0.9418181,-11.49091,-1662.45,-1053.289,377.629,,
2023,6.0,12.0,114306.0,1.0,37.0,434.0,2.0,133.0,87.0,-44.0,172.0,-85.0,-793.0,23.0,-22.0,-145.0,-3535.0,-2145.0,857.0,293.999,162.1816,-84.84007,2775.056,-1351.487,-12698.49,1.123636,-1.305454,-11.85455,-1726.378,-1046.945,418.621,,
2023,6.0,12.0,114306.0,1.0,38.0,436.0,2.0,133.0,87.0,-46.0,139.0,-88.0,-822.0,28.0,-21.0,-149.0,-3654.0,-2199.0,987.0,294.075,162.2902,-87.80151,2245.979,-1399.585,-13163.43,1.578182,-1.214545,-12.21818,-1784.45,-1073.297,482.061,,
2023,6.0,12.0,114306.0,1.0,39.0,438.0,2.0,132.0,88.0,-47.0,178.0,-169.0,-864.0,39.0,-27.0,-160.0,-3736.0,-2140.0,1061.0,291.654,164.46,-89.71213,2871.252,-2698.228,-13836.8,2.578182,-1.76,-13.21818,-1824.466,-1044.505,518.173,,
2023,6.0,12.0,114306.0,1.0,40.0,440.0,2.0,132.0,90.0,-43.0,212.0,-165.0,-891.0,28.0,-32.0,-161.0,-3845.0,-2073.0,1103.0,291.35,168.3356,-85.127,3416.362,-2634.097,-14269.68,1.578182,-2.214545,-13.30909,-1877.658,-1011.809,538.669,,
2023,6.0,12.0,114306.0,1.0,41.0,442.0,2.0,130.0,90.0,-43.0,207.0,-217.0,-910.0,33.0,-43.0,-164.0,-3989.0,-2019.0,1182.0,286.584,168.4739,-84.64914,3336.198,-3467.794,-14574.3,2.032727,-3.214545,-13.58182,-1947.93,-985.4575,577.221,,
2023,6.0,12.0,114306.0,1.0,42.0,444.0,2.0,135.0,88.0,-44.0,185.0,-255.0,-936.0,36.0,-45.0,-167.0,-4101.0,-1967.0,1246.0,298.689,164.0898,-85.98683,2983.48,-4077.034,-14991.15,2.305454,-3.396363,-13.85455,-2002.586,-960.0814,608.4531,,
2023,6.0,12.0,114306.0,1.0,43.0,446.0,2.0,132.0,87.0,-38.0,182.0,-292.0,-959.0,26.0,-47.0,-165.0,-4177.0,-1908.0,1280.0,291.388,161.925,-75.71683,2935.383,-4670.242,-15359.9,1.396363,-3.578182,-13.67273,-2039.674,-931.2894,625.045,,
2023,6.0,12.0,114306.0,1.0,44.0,448.0,2.0,132.0,88.0,-40.0,184.0,-321.0,-962.0,33.0,-56.0,-176.0,-4239.0,-1852.0,1293.0,291.388,164.0799,-79.34714,2967.448,-5135.188,-15408.0,2.032727,-4.396363,-14.67273,-2069.93,-903.9614,631.389,,
2023,6.0,12.0,114306.0,1.0,45.0,450.0,2.0,136.0,89.0,-36.0,181.0,-353.0,-963.0,31.0,-59.0,-170.0,-4302.0,-1799.0,1316.0,300.692,165.6328,-75.04892,2919.35,-5648.232,-15424.03,1.850909,-4.669091,-14.12727,-2100.674,-878.0974,642.613,,
2023,6.0,12.0,114306.0,1.0,46.0,452.0,2.0,133.0,87.0,-36.0,174.0,-389.0,-973.0,29.0,-66.0,-169.0,-4346.0,-1739.0,1326.0,293.695,161.7473,-72.99437,2807.122,-6225.407,-15584.36,1.669091,-5.305454,-14.03636,-2122.146,-848.8174,647.493,,
2023,6.0,12.0,114306.0,1.0,47.0,454.0,2.0,131.0,88.0,-34.0,172.0,-419.0,-991.0,26.0,-78.0,-187.0,-4357.0,-1687.0,1309.0,288.777,163.8233,-70.22389,2775.056,-6706.386,-15872.95,1.396363,-6.396363,-15.67273,-2127.514,-823.4414,639.197,,
2023,6.0,12.0,114306.0,1.0,48.0,455.9697,1.969697,137.0,85.0,-31.0,176.0,-457.0,-1003.0,26.0,-80.0,-172.0,-4346.0,-1638.0,1264.0,303.189,157.1066,-65.20886,2839.187,-7315.626,-16065.34,1.396363,-6.578182,-14.30909,-2122.146,-799.5294,617.2371,,
2023,6.0,12.0,114306.0,1.0,49.0,458.0,2.030303,133.0,89.0,-27.0,177.0,-486.0,-1008.0,26.0,-82.0,-180.0,-4311.0,-1601.0,1177.0,293.201,165.3514,-61.00565,2855.219,-7780.572,-16145.5,1.396363,-6.76,-15.03636,-2105.066,-781.4734,574.781,,
2023,6.0,12.0,114306.0,1.0,50.0,460.0,2.0,133.0,89.0,-27.0,184.0,-519.0,-1006.0,22.0,-82.0,-179.0,-4252.0,-1562.0,1044.0,293.201,165.3514,-61.00565,2967.448,-8309.649,-16113.44,1.032727,-6.76,-14.94546,-2076.274,-762.4414,509.877,,
2023,6.0,12.0,114306.0,1.0,51.0,462.0,2.0,136.0,88.0,-24.0,191.0,-542.0,-991.0,34.0,-101.0,-171.0,-4169.0,-1512.0,874.0,300.312,162.9348,-56.61148,3079.676,-8678.399,-15872.95,2.123636,-8.487272,-14.21818,-2035.77,-738.0414,426.917,,
2023,6.0,12.0,114306.0,1.0,52.0,464.0,2.0,134.0,89.0,-23.0,195.0,-565.0,-984.0,32.0,-94.0,-170.0,-4076.0,-1491.0,692.0,295.432,165.0652,-55.32173,3143.807,-9047.15,-15760.72,1.941818,-7.850909,-14.12727,-1990.386,-727.7935,338.101,,
2023,6.0,12.0,114306.0,1.0,53.0,466.0,2.0,134.0,88.0,-22.0,202.0,-579.0,-976.0,37.0,-96.0,-173.0,-3966.0,-1488.0,500.0,295.47,162.9644,-53.17215,3256.035,-9271.607,-15632.46,2.396363,-8.032727,-14.4,-1936.706,-726.3294,244.405,,
2023,6.0,12.0,114306.0,1.0,54.0,468.0,2.0,134.0,90.0,-18.0,210.0,-589.0,-966.0,37.0,-103.0,-158.0,-3843.0,-1494.0,312.0,295.166,166.8401,-48.58702,3384.296,-9431.934,-15472.13,2.396363,-8.66909,-13.03636,-1876.682,-729.2574,152.661,,
2023,6.0,12.0,114306.0,1.0,55.0,470.0,2.0,137.0,90.0,-14.0,220.0,-595.0,-958.0,38.0,-102.0,-167.0,-3712.0,-1514.0,131.0,302.163,166.4156,-43.381,3544.623,-9528.129,-15343.87,2.487273,-8.578181,-13.85455,-1812.754,-739.0175,64.33304,,
2023,6.0,12.0,114306.0,1.0,56.0,472.0,2.0,134.0,92.0,-12.0,231.0,-597.0,-954.0,39.0,-109.0,-169.0,-3579.0,-1545.0,-38.0,294.786,170.6071,-41.04045,3720.982,-9560.194,-15279.74,2.578182,-9.214545,-14.03636,-1747.85,-754.1454,-18.13896,,
2023,6.0,12.0,114306.0,1.0,57.0,474.0,2.0,133.0,93.0,-12.0,242.0,-598.0,-953.0,46.0,-92.0,-166.0,-3451.0,-1584.0,-188.0,292.327,172.7226,-41.47037,3897.341,-9576.228,-15263.71,3.214545,-7.66909,-13.76364,-1685.386,-773.1774,-91.33897,,
2023,6.0,12.0,114306.0,1.0,58.0,476.0,2.0,135.0,98.0,-8.0,255.0,-598.0,-961.0,47.0,-103.0,-167.0,-3330.0,-1635.0,-321.0,296.561,182.5992,-39.36971,4105.765,-9576.228,-15391.97,3.305455,-8.66909,-13.85455,-1626.338,-798.0654,-156.243,,
2023,6.0,12.0,114306.0,1.0,59.0,478.0,2.0,134.0,98.0,-7.0,270.0,-596.0,-975.0,49.0,-102.0,-171.0,-3221.0,-1697.0,-430.0,294.14,182.614,-37.65004,4346.254,-9544.162,-15616.43,3.487273,-8.578181,-14.21818,-1573.146,-828.3214,-209.435,,
2023,6.0,12.0,114306.0,1.0,60.0,480.0,2.0,128.0,98.0,-5.0,284.0,-598.0,-997.0,55.0,-101.0,-191.0,-3130.0,-1768.0,-506.0,279.766,182.92,-33.25494,4570.711,-9576.228,-15969.14,4.032727,-8.487272,-16.03636,-1528.738,-862.9694,-246.523,,
2023,6.0,12.0,114306.0,1.0,61.0,482.0,2.0,129.0,104.0,-4.0,300.0,-605.0,-1027.0,58.0,-97.0,-180.0,-3056.0,-1850.0,-555.0,281.655,195.075,-36.02634,4827.233,-9688.456,-16450.12,4.305455,-8.123636,-15.03636,-1492.626,-902.9854,-270.435,,
2023,6.0,12.0,114306.0,1.0,62.0,484.0,2.0,129.0,106.0,-2.0,318.0,-611.0,-1068.0,55.0,-103.0,-200.0,-2998.0,-1948.0,-575.0,281.427,199.0592,-34.40263,5115.821,-9784.651,-17107.46,4.032727,-8.66909,-16.85455,-1464.322,-950.8094,-280.195,,
2023,6.0,12.0,114306.0,1.0,63.0,486.0,2.0,124.0,108.0,-4.0,332.0,-616.0,-1112.0,64.0,-105.0,-200.0,-2965.0,-2057.0,-571.0,269.436,203.6061,-37.50705,5340.277,-9864.814,-17812.9,4.850909,-8.850909,-16.85455,-1448.218,-1004.001,-278.243,,
2023,6.0,12.0,114306.0,1.0,64.0,488.0,2.0,125.0,109.0,-3.0,344.0,-631.0,-1157.0,61.0,-109.0,-215.0,-2946.0,-2173.0,-549.0,271.705,205.5291,-36.93416,5532.669,-10105.3,-18534.37,4.578182,-9.214545,-18.21818,-1438.946,-1060.609,-267.507,,
2023,6.0,12.0,114306.0,1.0,65.0,490.0,2.0,121.0,111.0,0.0,386.0,-673.0,-1273.0,73.0,-112.0,-229.0,-2940.0,-2436.0,-461.0,261.907,209.7354,-32.87395,6206.04,-10778.67,-20394.15,5.669091,-9.487272,-19.49091,-1436.018,-1188.953,-224.563,,
2023,6.0,12.0,114306.0,1.0,66.0,492.0,2.0,121.0,114.0,1.0,411.0,-705.0,-1343.0,70.0,-116.0,-236.0,-2955.0,-2578.0,-388.0,261.641,215.8203,-33.39981,6606.855,-11291.72,-21516.43,5.396364,-9.850909,-20.12727,-1443.338,-1258.249,-188.939,,
2023,6.0,12.0,114306.0,1.0,67.0,494.0,2.0,120.0,114.0,0.0,445.0,-743.0,-1419.0,84.0,-125.0,-244.0,-2970.0,-2724.0,-301.0,259.296,215.9437,-34.64159,7151.965,-11900.96,-22734.91,6.669091,-10.66909,-20.85455,-1450.658,-1329.497,-146.483,,
2023,6.0,12.0,114306.0,1.0,68.0,496.0,2.0,116.0,115.0,-1.0,485.0,-788.0,-1500.0,91.0,-136.0,-269.0,-2990.0,-2874.0,-198.0,249.726,218.3209,-35.83539,7793.27,-12622.43,-24033.56,7.305454,-11.66909,-23.12727,-1460.418,-1402.697,-96.21896,,
2023,6.0,12.0,114306.0,1.0,69.0,498.0,2.0,119.0,117.0,-3.0,529.0,-841.0,-1589.0,102.0,-144.0,-276.0,-3023.0,-3019.0,-84.0,256.799,222.3149,-40.85136,8498.706,-13472.16,-25460.46,8.305454,-12.39636,-23.76364,-1476.522,-1473.457,-40.58696,,
2023,6.0,12.0,114306.0,1.0,70.0,500.0,2.0,116.0,119.0,-3.0,577.0,-900.0,-1682.0,105.0,-154.0,-293.0,-3070.0,-3167.0,39.0,249.498,226.615,-41.47224,9268.272,-14418.08,-26951.5,8.578182,-13.30545,-25.30909,-1499.458,-1545.681,19.43704,,
2023,6.0,12.0,114306.0,1.0,71.0,502.0,2.0,114.0,121.0,-3.0,625.0,-967.0,-1775.0,112.0,-171.0,-308.0,-3128.0,-3314.0,158.0,244.58,230.846,-42.33208,10037.84,-15492.27,-28442.53,9.214545,-14.85091,-26.67273,-1527.762,-1617.417,77.50904,,
2023,6.0,12.0,114306.0,1.0,72.0,504.0,2.0,116.0,123.0,-6.0,671.0,-1042.0,-1866.0,108.0,-178.0,-327.0,-3185.0,-3458.0,269.0,249.308,234.9635,-48.58984,10775.34,-16694.72,-29901.5,8.850909,-15.48727,-28.4,-1555.578,-1687.689,131.677,,
2023,6.0,12.0,114306.0,1.0,73.0,506.0,2.0,112.0,122.0,-9.0,716.0,-1131.0,-1956.0,120.0,-200.0,-339.0,-3240.0,-3599.0,361.0,239.966,233.3564,-51.40732,11496.81,-18121.62,-31344.44,9.941818,-17.48727,-29.49091,-1582.418,-1756.497,176.573,,
2023,6.0,12.0,114306.0,1.0,74.0,508.0,2.0,112.0,124.0,-10.0,761.0,-1236.0,-2041.0,134.0,-209.0,-346.0,-3277.0,-3743.0,423.0,239.852,237.5035,-54.22577,12218.28,-19805.05,-32707.21,11.21455,-18.30545,-30.12727,-1600.474,-1826.769,206.829,,
2023,6.0,12.0,114306.0,1.0,75.0,510.0,2.0,112.0,124.0,-9.0,816.0,-1348.0,-2048.0,148.0,-228.0,-362.0,-3287.0,-3893.0,471.0,239.814,237.4492,-52.74506,13100.07,-21600.7,-32819.44,12.48727,-20.03273,-31.58182,-1605.354,-1899.969,230.2531,,
2023,6.0,12.0,114306.0,1.0,76.0,512.0,2.0,111.0,125.0,-11.0,884.0,-1462.0,-2048.0,147.0,-246.0,-378.0,-3248.0,-4042.0,503.0,237.431,239.6732,-56.13641,14190.29,-23428.42,-32819.44,12.39636,-21.66909,-33.03636,-1586.322,-1972.681,245.869,,
2023,6.0,12.0,114306.0,1.0,77.0,514.0,2.0,111.0,126.0,-14.0,967.0,-1569.0,-2048.0,163.0,-262.0,-393.0,-3154.0,-4179.0,522.0,237.469,241.8825,-61.24741,15521.0,-25143.91,-32819.44,13.85091,-23.12364,-34.4,-1540.45,-2039.537,255.1411,,
2023,6.0,12.0,114306.0,1.0,78.0,515.9999,2.0,110.0,126.0,-18.0,1056.0,-1672.0,-2048.0,178.0,-284.0,-400.0,-3013.0,-4287.0,527.0,235.238,242.1688,-66.93132,16947.9,-26795.28,-32819.44,15.21455,-25.12364,-35.03636,-1471.642,-2092.241,257.581,,
2023,6.0,12.0,114306.0,1.0,79.0,517.9999,2.0,107.0,127.0,-19.0,1142.0,-1770.0,-2048.0,188.0,-289.0,-406.0,-2856.0,-4367.0,522.0,228.051,244.4768,-68.36406,18326.71,-28366.47,-32819.44,16.12364,-25.57818,-35.58182,-1395.026,-2131.281,255.1411,,
2023,6.0,12.0,114306.0,1.0,80.0,519.9999,2.0,104.0,127.0,-24.0,1224.0,-1866.0,-2048.0,203.0,-314.0,-422.0,-2679.0,-4407.0,497.0,221.092,244.9556,-75.05081,19641.38,-29905.61,-32819.44,17.48727,-27.85091,-37.03636,-1308.65,-2150.802,242.941,,
2023,6.0,12.0,114306.0,1.0,81.0,521.9999,2.0,103.0,129.0,-29.0,1300.0,-1959.0,-2048.0,221.0,-332.0,-410.0,-2484.0,-4417.0,430.0,218.747,249.3889,-83.55315,20859.87,-31396.64,-32819.44,19.12364,-29.48727,-35.94545,-1213.49,-2155.682,210.245,,
2023,6.0,12.0,114306.0,1.0,82.0,523.9999,2.0,101.0,129.0,-31.0,1355.0,-2048.0,-2048.0,224.0,-341.0,-419.0,-2275.0,-4398.0,374.0,214.057,249.6357,-86.03668,21741.66,-32823.54,-32819.44,19.39636,-30.30545,-36.76363,-1111.498,-2146.41,182.9171,,
2023,6.0,12.0,114306.0,1.0,83.0,525.9999,2.0,101.0,129.0,-38.0,1376.0,-2048.0,-2048.0,224.0,-367.0,-430.0,-2022.0,-4381.0,321.0,214.323,250.0158,-96.4017,22078.35,-32823.54,-32819.44,19.39636,-32.66909,-37.76363,-988.0341,-2138.114,157.053,,
2023,6.0,12.0,114306.0,1.0,84.0,527.9999,2.0,96.0,133.0,-43.0,1379.0,-2048.0,-2048.0,222.0,-379.0,-436.0,-1701.0,-4378.0,277.0,202.294,258.8184,-105.286,22126.44,-32823.54,-32819.44,19.21454,-33.76,-38.30909,-831.3861,-2136.65,135.581,,
2023,6.0,12.0,114306.0,1.0,85.0,529.9999,2.0,93.0,134.0,-50.0,1364.0,-2048.0,-2048.0,220.0,-388.0,-438.0,-1308.0,-4412.0,261.0,195.335,261.4521,-115.603,21885.96,-32823.54,-32819.44,19.03273,-34.57818,-38.49091,-639.6021,-2153.241,127.773,,
2023,6.0,12.0,114306.0,1.0,86.0,531.9999,2.0,89.0,133.0,-55.0,1338.0,-2048.0,-2048.0,205.0,-417.0,-441.0,-841.0,-4490.0,267.0,186.069,259.9536,-121.3819,21469.11,-32823.54,-32819.44,17.66909,-37.21455,-38.76363,-411.7061,-2191.306,130.701,,
2023,6.0,12.0,114306.0,1.0,87.0,533.9999,2.0,84.0,133.0,-63.0,1308.0,-2048.0,-2048.0,207.0,-417.0,-450.0,-310.0,-4619.0,284.0,174.458,260.7335,-132.0329,20988.13,-32823.54,-32819.44,17.85091,-37.21455,-39.58182,-152.5781,-2254.258,138.997,,
2023,6.0,12.0,114306.0,1.0,88.0,535.9999,2.0,81.0,134.0,-77.0,1282.0,-2048.0,-2048.0,215.0,-424.0,-473.0,282.0,-4801.0,292.0,167.765,263.7473,-152.715,20571.28,-32823.54,-32819.44,18.57818,-37.85091,-41.67273,136.3179,-2343.073,142.901,,
2023,6.0,12.0,114306.0,1.0,89.0,537.9999,2.0,77.0,132.0,-90.0,1273.0,-2048.0,-2048.0,219.0,-443.0,-499.0,940.0,-5030.0,287.0,158.879,260.6367,-169.6707,20426.98,-32823.54,-32819.44,18.94182,-39.57818,-44.03636,457.4219,-2454.826,140.461,,
2023,6.0,12.0,114306.0,1.0,90.0,539.9999,2.0,67.0,129.0,-105.0,1303.0,-2048.0,-2048.0,231.0,-445.0,-523.0,1655.0,-5297.0,272.0,135.847,256.0029,-187.4854,20907.96,-32823.54,-32819.44,20.03273,-39.76,-46.21818,806.3419,-2585.122,133.1411,,
2023,6.0,12.0,114306.0,1.0,91.0,541.9999,2.0,60.0,126.0,-123.0,1381.0,-2048.0,-2048.0,250.0,-437.0,-572.0,2413.0,-5593.0,258.0,120.078,251.3248,-210.4591,22158.51,-32823.54,-32819.44,21.76,-39.03273,-50.67273,1176.246,-2729.57,126.309,,
2023,6.0,12.0,114306.0,1.0,92.0,543.9999,2.0,49.0,117.0,-144.0,1492.0,-2048.0,-2048.0,280.0,-436.0,-617.0,3246.0,-5920.0,273.0,95.347,234.8075,-232.9059,23938.13,-32823.54,-32819.44,24.48727,-38.94182,-54.76363,1582.75,-2889.146,133.629,,
2023,6.0,12.0,114306.0,1.0,93.0,545.9999,2.0,40.0,111.0,-166.0,1635.0,-2048.0,-2048.0,298.0,-429.0,-661.0,4129.0,-6294.0,279.0,75.192,224.3455,-259.318,26230.8,-32823.54,-32819.44,26.12364,-38.30545,-58.76363,2013.654,-3071.657,136.5571,,
2023,6.0,12.0,114306.0,1.0,94.0,547.9999,2.0,26.0,100.0,-190.0,1794.0,-2048.0,-2048.0,326.0,-444.0,-729.0,5122.0,-6727.0,286.0,43.578,204.1056,-284.1524,28779.99,-32823.54,-32819.44,28.66909,-39.66909,-64.94546,2498.238,-3282.962,139.9731,,
2023,6.0,12.0,114306.0,1.0,95.0,549.9999,2.0,11.0,84.0,-215.0,1950.0,-2048.0,-2048.0,346.0,-447.0,-793.0,6218.0,-7235.0,251.0,9.999001,173.7572,-306.8843,31281.08,-32823.54,-32819.44,30.48727,-39.94182,-70.76364,3033.086,-3530.865,122.893,,
2023,6.0,12.0,114306.0,1.0,96.0,551.9999,2.0,-10.0,63.0,-237.0,2047.0,-2048.0,-2048.0,380.0,-472.0,-917.0,7435.0,-7777.0,252.0,-37.612,133.4284,-320.3961,32836.24,-32823.54,-32819.44,33.57818,-42.21455,-82.03637,3626.982,-3795.362,123.381,,
2023,6.0,12.0,114306.0,1.0,97.0,553.9999,2.0,-34.0,40.0,-255.0,2047.0,-2048.0,-2048.0,437.0,-466.0,-943.0,8191.0,-8192.0,488.0,-92.37201,88.99706,-325.9304,32836.24,-32823.54,-32819.44,38.76,-41.66909,-84.4,3995.91,-3997.882,238.549,,
2023,6.0,12.0,114306.0,1.0,98.0,555.9999,2.0,-54.0,16.0,-265.0,2047.0,-2048.0,-2048.0,420.0,-501.0,-851.0,8191.0,-8192.0,965.0,-137.828,41.80849,-319.9059,32836.24,-32823.54,-32819.44,37.21455,-44.85091,-76.03637,3995.91,-3997.882,471.325,,
2023,6.0,12.0,114306.0,1.0,99.0,557.9999,2.0,-86.0,-8.0,-248.0,2047.0,-2048.0,-2048.0,330.0,-497.0,-667.0,8191.0,-8192.0,2828.0,-212.906,-6.016785,-271.0348,32836.24,-32823.54,-32819.44,29.03273,-44.48727,-59.30909,3995.91,-3997.882,1380.469,,
2023,6.0,12.0,114306.0,1.0,100.0,559.9999,2.0,-114.0,-15.0,-204.0,1726.0,-2048.0,-2048.0,202.0,-381.0,-513.0,8044.0,-8192.0,4911.0,-280.77,-20.79565,-194.5108,27689.77,-32823.54,-32819.44,17.39636,-33.94182,-45.30909,3924.174,-3997.882,2396.973,,
2023,6.0,12.0,114306.0,1.0,101.0,561.9999,2.0,-136.0,-7.0,-122.0,1171.0,-2048.0,-2048.0,14.0,-301.0,-342.0,8191.0,-8192.0,7976.0,-336.92,-7.356369,-73.18628,18791.66,-32823.54,-32819.44,0.3054544,-26.66909,-29.76364,3995.91,-3997.882,3892.693,,
2023,6.0,12.0,114306.0,1.0,102.0,563.9999,2.0,-134.0,23.0,-18.0,460.0,-2048.0,-2048.0,-147.0,-93.0,-5.0,8191.0,-8192.0,-8192.0,-338.386,48.25076,60.26434,7392.455,-32823.54,-32819.44,-14.33091,-7.759999,0.872727,3995.91,-3997.882,-3997.291,,
2023,6.0,12.0,114306.0,1.0,103.0,565.9999,2.0,-101.0,59.0,88.0,66.0,-791.0,-789.0,-185.0,-63.0,42.0,8191.0,-8192.0,-8192.0,-266.511,113.8855,185.2559,1075.597,-12670.53,-12634.36,-17.78546,-5.032727,5.145454,3995.91,-3997.882,-3997.291,,
2023,6.0,12.0,114306.0,1.0,104.0,567.9999,2.0,-55.0,95.0,156.0,58.0,-163.0,-338.0,-188.0,-56.0,36.0,8191.0,-8192.0,-8192.0,-162.213,180.6851,250.8739,947.3362,-2602.032,-5403.639,-18.05818,-4.396363,4.6,3995.91,-3997.882,-3997.291,,
2023,6.0,12.0,114306.0,1.0,105.0,569.9999,2.0,12.0,124.0,176.0,43.0,-176.0,-333.0,-188.0,-58.0,49.0,8191.0,-8192.0,-8192.0,-5.515999,234.3149,245.0818,706.8467,-2810.456,-5323.475,-18.05818,-4.578182,5.781818,3995.91,-3997.882,-3997.291,,
2023,6.0,12.0,114306.0,1.0,106.0,571.9999,2.0,71.0,136.0,144.0,34.0,-170.0,-320.0,-180.0,-61.0,46.0,8191.0,-8192.0,-8192.0,135.385,256.5321,175.5748,562.553,-2714.26,-5115.051,-17.33091,-4.850909,5.50909,3995.91,-3997.882,-3997.291,,
2023,6.0,12.0,114306.0,1.0,107.0,573.9999,2.0,108.0,128.0,70.0,36.0,-161.0,-313.0,-188.0,-54.0,46.0,8191.0,-8192.0,-8192.0,226.976,241.6219,62.51176,594.6183,-2569.967,-5002.823,-18.05818,-4.214545,5.50909,3995.91,-3997.882,-3997.291,,
2023,6.0,12.0,114306.0,1.0,108.0,575.9999,2.0,121.0,105.0,-37.0,39.0,-156.0,-307.0,-181.0,-45.0,55.0,8191.0,-8192.0,-8192.0,263.769,199.4659,-83.64723,642.7162,-2489.804,-4906.627,-17.42182,-3.396363,6.327272,3995.91,-3997.882,-3997.291,,
2023,6.0,12.0,114306.0,1.0,109.0,577.9999,2.0,104.0,74.0,-147.0,46.0,-151.0,-298.0,-187.0,-44.0,49.0,8191.0,-8192.0,-8192.0,229.794,143.1747,-221.7291,754.9446,-2409.641,-4762.333,-17.96727,-3.305454,5.781818,3995.91,-3997.882,-3997.291,,
2023,6.0,12.0,114306.0,1.0,110.0,579.9999,2.0,64.0,38.0,-231.0,61.0,-143.0,-292.0,-186.0,-41.0,52.0,8191.0,-8192.0,-8192.0,140.402,76.82922,-312.4722,995.4341,-2281.379,-4666.137,-17.87636,-3.032727,6.054545,3995.91,-3997.882,-3997.291,,
2023,6.0,12.0,114306.0,1.0,111.0,581.9999,2.0,4.0,3.0,-279.0,76.0,-137.0,-294.0,-184.0,-51.0,47.0,8191.0,-8192.0,-8192.0,1.905998,11.95755,-345.7996,1235.924,-2185.184,-4698.203,-17.69455,-3.941818,5.6,3995.91,-3997.882,-3997.291,,
2023,6.0,12.0,114306.0,1.0,112.0,583.9999,2.0,-61.0,-19.0,-273.0,86.0,-137.0,-304.0,-184.0,-41.0,57.0,8191.0,-8192.0,-8192.0,-151.545,-28.89734,-306.6689,1396.25,-2185.184,-4858.529,-17.69455,-3.032727,6.50909,3995.91,-3997.882,-3997.291,,
2023,6.0,12.0,114306.0,1.0,113.0,585.9999,2.0,-108.0,-22.0,-215.0,91.0,-143.0,-317.0,-183.0,-45.0,53.0,8191.0,-8192.0,-8192.0,-265.522,-34.93781,-207.5503,1476.413,-2281.379,-5066.953,-17.60364,-3.396363,6.145454,3995.91,-3997.882,-3997.291,,
2023,6.0,12.0,114306.0,1.0,114.0,587.9999,2.0,-133.0,-8.0,-123.0,91.0,-152.0,-329.0,-185.0,-53.0,47.0,8191.0,-8192.0,-8192.0,-329.657,-9.555771,-74.71497,1476.413,-2425.673,-5259.345,-17.78546,-4.123636,5.6,3995.91,-3997.882,-3997.291,,
2023,6.0,12.0,114306.0,1.0,115.0,589.9999,2.0,-133.0,27.0,-13.0,82.0,-161.0,-336.0,-188.0,-50.0,57.0,8191.0,-8192.0,-8192.0,-336.497,56.09575,64.75352,1332.119,-2569.967,-5371.573,-18.05818,-3.850909,6.50909,3995.91,-3997.882,-3997.291,,
2023,6.0,12.0,114306.0,1.0,116.0,591.9999,2.0,-100.0,64.0,88.0,69.0,-165.0,-340.0,-190.0,-45.0,43.0,8191.0,-8192.0,-8192.0,-264.508,124.0484,181.6726,1123.695,-2634.097,-5435.704,-18.24,-3.396363,5.236363,3995.91,-3997.882,-3997.291,,
2023,6.0,12.0,114306.0,1.0,117.0,593.9999,2.0,-51.0,99.0,156.0,55.0,-170.0,-339.0,-192.0,-44.0,52.0,8191.0,-8192.0,-8192.0,-152.985,188.5943,247.2427,899.2383,-2714.26,-5419.671,-18.42182,-3.305454,6.054545,3995.91,-3997.882,-3997.291,,
2023,6.0,12.0,114306.0,1.0,118.0,595.9999,2.0,17.0,125.0,175.0,44.0,-172.0,-333.0,-196.0,-48.0,60.0,8191.0,-8192.0,-8192.0,6.361,236.0701,241.7375,722.8793,-2746.326,-5323.475,-18.78546,-3.669091,6.781818,3995.91,-3997.882,-3997.291,,
2023,6.0,12.0,114306.0,1.0,119.0,597.9999,2.0,72.0,133.0,145.0,41.0,-167.0,-323.0,-200.0,-47.0,59.0,8191.0,-8192.0,-8192.0,137.958,250.2695,178.8231,674.7814,-2666.163,-5163.149,-19.14909,-3.578182,6.690909,3995.91,-3997.882,-3997.291,,
2023,6.0,12.0,114306.0,1.0,120.0,599.9999,2.0,110.0,125.0,68.0,43.0,-159.0,-317.0,-195.0,-40.0,56.0,8170.0,-8192.0,-8192.0,232.046,235.4531,61.07902,706.8467,-2537.902,-5066.953,-18.69455,-2.941818,6.418181,3985.662,-3997.882,-3997.291,,
2023,6.0,12.0,114306.0,1.0,121.0,601.9999,2.0,123.0,104.0,-40.0,48.0,-156.0,-311.0,-190.0,-43.0,50.0,8118.0,-8192.0,-8192.0,268.725,197.4442,-87.89841,787.0099,-2489.804,-4970.757,-18.24,-3.214545,5.872727,3960.286,-3997.882,-3997.291,,
2023,6.0,12.0,114306.0,1.0,122.0,603.9999,2.0,107.0,66.0,-146.0,53.0,-153.0,-307.0,-200.0,-40.0,49.0,8066.0,-8192.0,-8192.0,237.513,126.5419,-215.6143,867.173,-2441.706,-4906.627,-19.14909,-2.941818,5.781818,3934.91,-3997.882,-3997.291,,
2023,6.0,12.0,114306.0,1.0,123.0,605.9999,2.0,66.0,30.0,-230.0,62.0,-148.0,-303.0,-192.0,-42.0,52.0,8014.0,-8192.0,-8192.0,145.738,60.26555,-306.1185,1011.467,-2361.543,-4842.496,-18.42182,-3.123636,6.054545,3909.534,-3997.882,-3997.291,,
2023,6.0,12.0,114306.0,1.0,124.0,607.9999,2.0,7.0,-2.0,-279.0,75.0,-149.0,-302.0,-195.0,-40.0,60.0,7963.0,-8192.0,-8192.0,9.434998,1.518265,-343.1721,1219.891,-2377.575,-4826.464,-18.69455,-2.941818,6.781818,3884.646,-3997.882,-3997.291,,
2023,6.0,12.0,114306.0,1.0,125.0,609.9999,2.0,-59.0,-22.0,-273.0,88.0,-150.0,-307.0,-190.0,-41.0,49.0,7913.0,-8192.0,-8192.0,-146.551,-35.17473,-305.1402,1428.315,-2393.608,-4906.627,-18.24,-3.032727,5.781818,3860.246,-3997.882,-3997.291,,
2023,6.0,12.0,114306.0,1.0,126.0,611.9999,2.0,-109.0,-20.0,-215.0,100.0,-154.0,-318.0,-200.0,-43.0,43.0,7861.0,-8192.0,-8192.0,-268.057,-30.77591,-208.6491,1620.707,-2457.739,-5082.986,-19.14909,-3.214545,5.236363,3834.87,-3997.882,-3997.291,,
2023,6.0,12.0,114306.0,1.0,127.0,613.9999,2.0,-136.0,-6.0,-122.0,105.0,-162.0,-335.0,-200.0,-38.0,49.0,7810.0,-8192.0,-8192.0,-336.996,-5.309967,-73.85515,1700.87,-2586.0,-5355.541,-19.14909,-2.76,5.781818,3809.982,-3997.882,-3997.291,,
2023,6.0,12.0,114306.0,1.0,128.0,615.9999,2.0,-133.0,28.0,-14.0,93.0,-169.0,-347.0,-202.0,-40.0,49.0,7760.0,-8192.0,-8192.0,-336.535,58.19644,62.60395,1508.478,-2698.228,-5547.932,-19.33091,-2.941818,5.781818,3785.582,-3997.882,-3997.291,,
2023,6.0,12.0,114306.0,1.0,129.0,617.9999,2.0,-102.0,67.0,88.0,77.0,-171.0,-349.0,-200.0,-39.0,51.0,7709.0,-8192.0,-8192.0,-269.502,130.3258,180.1439,1251.956,-2730.293,-5579.998,-19.14909,-2.850909,5.963636,3760.694,-3997.882,-3997.291,,
2023,6.0,12.0,114306.0,1.0,130.0,619.9999,2.0,-51.0,102.0,155.0,63.0,-176.0,-347.0,-203.0,-43.0,48.0,7658.0,-8192.0,-8192.0,-153.175,194.7878,243.7554,1027.499,-2810.456,-5547.932,-19.42182,-3.214545,5.690909,3735.806,-3997.882,-3997.291,,
2023,6.0,12.0,114306.0,1.0,131.0,621.9999,2.0,16.0,128.0,175.0,52.0,-179.0,-340.0,-208.0,-46.0,51.0,7606.0,-8192.0,-8192.0,3.75,242.2784,239.9699,851.1404,-2858.554,-5435.704,-19.87636,-3.487273,5.963636,3710.43,-3997.882,-3997.291,,
2023,6.0,12.0,114306.0,1.0,132.0,623.9999,2.0,74.0,133.0,143.0,49.0,-174.0,-329.0,-203.0,-41.0,55.0,7554.0,-8192.0,-8192.0,142.8,250.2399,175.3838,803.0425,-2778.391,-5259.345,-19.42182,-3.032727,6.327272,3685.054,-3997.882,-3997.291,,
2023,6.0,12.0,114306.0,1.0,133.0,625.9999,2.0,114.0,125.0,65.0,53.0,-165.0,-324.0,-210.0,-34.0,49.0,7503.0,-8192.0,-8192.0,241.692,235.3396,55.68109,867.173,-2634.097,-5179.182,-20.05818,-2.396363,5.781818,3660.166,-3997.882,-3997.291,,
2023,6.0,12.0,114306.0,1.0,134.0,627.9999,2.0,129.0,98.0,-41.0,56.0,-163.0,-321.0,-194.0,-43.0,64.0,7449.0,-8192.0,-8192.0,283.517,184.8056,-86.79962,915.2709,-2602.032,-5131.083,-18.60364,-3.214545,7.145454,3633.814,-3997.882,-3997.291,,
2023,6.0,12.0,114306.0,1.0,135.0,629.9999,2.0,111.0,62.0,-150.0,61.0,-159.0,-312.0,-200.0,-35.0,53.0,7399.0,-8192.0,-8192.0,247.501,118.2971,-219.8175,995.4341,-2537.902,-4986.79,-19.14909,-2.487273,6.145454,3609.414,-3997.882,-3997.291,,
2023,6.0,12.0,114306.0,1.0,136.0,631.9999,2.0,70.0,24.0,-236.0,73.0,-153.0,-304.0,-199.0,-33.0,61.0,7346.0,-8192.0,-8192.0,155.954,48.03653,-311.9454,1187.826,-2441.706,-4858.529,-19.05818,-2.305454,6.872727,3583.55,-3997.882,-3997.291,,
2023,6.0,12.0,114306.0,1.0,137.0,633.9999,2.0,11.0,-8.0,-280.0,85.0,-155.0,-306.0,-203.0,-40.0,63.0,7297.0,-8192.0,-8192.0,19.461,-10.98222,-341.5955,1380.217,-2473.771,-4890.594,-19.42182,-2.941818,7.054545,3559.638,-3997.882,-3997.291,,
2023,6.0,12.0,114306.0,1.0,138.0,635.9999,2.0,-55.0,-25.0,-278.0,95.0,-159.0,-310.0,-204.0,-39.0,53.0,7245.0,-8192.0,-8192.0,-136.601,-41.31886,-311.493,1540.544,-2537.902,-4954.725,-19.51273,-2.850909,6.145454,3534.262,-3997.882,-3997.291,,
2023,6.0,12.0,114306.0,1.0,139.0,637.9999,2.0,-108.0,-24.0,-219.0,105.0,-164.0,-318.0,-196.0,-39.0,47.0,7193.0,-8192.0,-8192.0,-265.218,-38.81343,-212.1355,1700.87,-2618.065,-5082.986,-18.78546,-2.850909,5.6,3508.886,-3997.882,-3997.291,,
2023,6.0,12.0,114306.0,1.0,140.0,639.9999,2.0,-135.0,-4.0,-124.0,113.0,-172.0,-331.0,-206.0,-41.0,47.0,7143.0,-8192.0,-8192.0,-334.689,-1.177689,-78.39323,1829.131,-2746.326,-5291.41,-19.69455,-3.032727,5.6,3484.486,-3997.882,-3997.291,,
2023,6.0,12.0,114306.0,1.0,141.0,641.9999,2.0,-134.0,31.0,-16.0,109.0,-179.0,-346.0,-199.0,-33.0,50.0,7090.0,-8192.0,-8192.0,-339.07,64.51332,57.87489,1765.0,-2858.554,-5531.899,-19.05818,-2.305454,5.872727,3458.622,-3997.882,-3997.291,,
2023,6.0,12.0,114306.0,1.0,142.0,643.9999,2.0,-103.0,68.0,86.0,94.0,-182.0,-352.0,-209.0,-33.0,51.0,7040.0,-8192.0,-8192.0,-271.885,132.5499,176.7526,1524.511,-2906.652,-5628.095,-19.96727,-2.305454,5.963636,3434.222,-3997.882,-3997.291,,
2023,6.0,12.0,114306.0,1.0,143.0,645.9999,2.0,-49.0,103.0,156.0,79.0,-184.0,-349.0,-206.0,-41.0,40.0,6988.0,-8192.0,-8192.0,-148.523,196.6417,244.0894,1284.021,-2938.717,-5579.998,-19.69455,-3.032727,4.963636,3408.846,-3997.882,-3997.291,,
2023,6.0,12.0,114306.0,1.0,144.0,647.9999,2.0,17.0,127.0,177.0,68.0,-188.0,-344.0,-217.0,-41.0,51.0,6937.0,-8192.0,-8192.0,6.133003,240.0543,243.3612,1107.662,-3002.848,-5499.834,-20.69455,-3.032727,5.963636,3383.958,-3997.882,-3997.291,,
2023,6.0,12.0,114306.0,1.0,145.0,649.9999,2.0,78.0,134.0,145.0,57.0,-186.0,-335.0,-213.0,-35.0,45.0,6887.0,-8192.0,-8192.0,152.18,251.9013,176.7206,931.3035,-2970.783,-5355.541,-20.33091,-2.487273,5.418181,3359.558,-3997.882,-3997.291,,
2023,6.0,12.0,114306.0,1.0,146.0,651.9999,2.0,120.0,122.0,68.0,55.0,-177.0,-326.0,-217.0,-34.0,68.0,6832.0,-8192.0,-8192.0,256.104,228.6229,60.69614,899.2383,-2826.489,-5211.247,-20.69455,-2.396363,7.50909,3332.718,-3997.882,-3997.291,,
2023,6.0,12.0,114306.0,1.0,147.0,653.9999,2.0,135.0,95.0,-39.0,63.0,-172.0,-319.0,-210.0,-21.0,53.0,6780.0,-8192.0,-8192.0,297.967,178.1431,-83.26529,1027.499,-2746.326,-5099.019,-20.05818,-1.214545,6.145454,3307.342,-3997.882,-3997.291,,
2023,6.0,12.0,114306.0,1.0,148.0,655.9999,2.0,118.0,57.0,-149.0,70.0,-169.0,-313.0,-210.0,-22.0,58.0,6728.0,-8192.0,-8192.0,264.524,107.5272,-216.6651,1139.728,-2698.228,-5002.823,-20.05818,-1.305454,6.6,3281.966,-3997.882,-3997.291,,
2023,6.0,12.0,114306.0,1.0,149.0,657.9999,2.0,75.0,19.0,-236.0,80.0,-166.0,-310.0,-205.0,-27.0,61.0,6675.0,-8192.0,-8192.0,168.249,37.45903,-309.7958,1300.054,-2650.13,-4954.725,-19.60364,-1.76,6.872727,3256.102,-3997.882,-3997.291,,
2023,6.0,12.0,114306.0,1.0,150.0,659.9999,2.0,13.0,-14.0,-288.0,93.0,-165.0,-310.0,-204.0,-34.0,57.0,6625.0,-8192.0,-8192.0,24.987,-22.96446,-349.906,1508.478,-2634.097,-4954.725,-19.51273,-2.396363,6.50909,3231.702,-3997.882,-3997.291,,
2023,6.0,12.0,114306.0,1.0,151.0,661.9999,2.0,-56.0,-28.0,-281.0,107.0,-165.0,-315.0,-207.0,-24.0,66.0,6573.0,-8192.0,-8192.0,-138.642,-47.22606,-313.6895,1732.935,-2634.097,-5034.888,-19.78546,-1.487273,7.327272,3206.326,-3997.882,-3997.291,,
2023,6.0,12.0,114306.0,1.0,152.0,667.9999,6.0,-136.0,29.0,-18.0,117.0,-186.0,-349.0,-212.0,-35.0,58.0,6420.0,-8192.0,-8192.0,-343.608,60.66733,56.72906,1893.261,-2970.783,-5579.998,-20.24,-2.487273,6.6,3131.662,-3997.882,-3997.291,,
2023,6.0,12.0,114306.0,1.0,153.0,673.9999,6.0,14.0,130.0,180.0,76.0,-201.0,-351.0,-224.0,-26.0,57.0,6264.0,-8192.0,-8192.0,-1.358002,246.2379,246.5137,1235.924,-3211.272,-5612.063,-21.33091,-1.669091,6.50909,3055.534,-3997.882,-3997.291,,
2023,6.0,12.0,114306.0,1.0,154.0,675.9999,2.0,77.0,136.0,152.0,69.0,-197.0,-342.0,-220.0,-26.0,52.0,6212.0,-8192.0,-8192.0,149.379,255.6831,185.9868,1123.695,-3147.142,-5467.769,-20.96727,-1.669091,6.054545,3030.158,-3997.882,-3997.291,,
2023,6.0,12.0,114306.0,1.0,155.0,677.9999,2.0,123.0,119.0,74.0,68.0,-188.0,-334.0,-225.0,-23.0,48.0,6162.0,-8192.0,-8192.0,263.253,221.9507,70.87018,1107.662,-3002.848,-5339.508,-21.42182,-1.396363,5.690909,3005.758,-3997.882,-3997.291,,
2023,6.0,12.0,114306.0,1.0,156.0,679.9999,2.0,139.0,92.0,-35.0,72.0,-182.0,-330.0,-222.0,-21.0,55.0,6108.0,-8192.0,-8192.0,307.575,171.5104,-76.29161,1171.793,-2906.652,-5275.377,-21.14909,-1.214545,6.327272,2979.406,-3997.882,-3997.291,,
2023,6.0,12.0,114306.0,1.0,157.0,681.9999,2.0,123.0,53.0,-146.0,79.0,-180.0,-326.0,-220.0,-17.0,55.0,6056.0,-8192.0,-8192.0,276.629,98.83316,-210.7422,1284.021,-2874.587,-5211.247,-20.96727,-0.850909,6.327272,2954.03,-3997.882,-3997.291,,
2023,6.0,12.0,114306.0,1.0,158.0,683.9999,2.0,76.0,14.0,-239.0,84.0,-176.0,-323.0,-218.0,-19.0,57.0,6004.0,-8192.0,-8192.0,171.126,27.32083,-311.1326,1364.185,-2810.456,-5163.149,-20.78546,-1.032727,6.50909,2928.654,-3997.882,-3997.291,,
2023,6.0,12.0,114306.0,1.0,159.0,685.9999,2.0,17.0,-21.0,-291.0,90.0,-173.0,-322.0,-209.0,-28.0,57.0,5955.0,-8192.0,-8192.0,35.165,-37.40277,-350.6218,1460.38,-2762.358,-5147.116,-19.96727,-1.850909,6.50909,2904.742,-3997.882,-3997.291,,
2023,6.0,12.0,114306.0,1.0,160.0,687.9999,2.0,-53.0,-35.0,-288.0,102.0,-175.0,-323.0,-214.0,-22.0,48.0,5903.0,-8192.0,-8192.0,-130.695,-61.37809,-320.0894,1652.772,-2794.424,-5163.149,-20.42182,-1.305454,5.690909,2879.366,-3997.882,-3997.291,,
2023,6.0,12.0,114306.0,1.0,161.0,689.9999,2.0,-106.0,-28.0,-229.0,113.0,-179.0,-328.0,-214.0,-13.0,61.0,5852.0,-8192.0,-8192.0,-259.768,-46.59428,-224.7451,1829.131,-2858.554,-5243.312,-20.42182,-0.4872726,6.872727,2854.478,-3997.882,-3997.291,,
2023,6.0,12.0,114306.0,1.0,162.0,691.9999,2.0,-140.0,-4.0,-137.0,123.0,-186.0,-337.0,-216.0,-12.0,50.0,5801.0,-8192.0,-8192.0,-346.11,-0.126358,-96.44778,1989.457,-2970.783,-5387.606,-20.60364,-0.3963636,5.872727,2829.59,-3997.882,-3997.291,,
2023,6.0,12.0,114306.0,1.0,163.0,693.9697,1.969697,-136.0,33.0,-25.0,123.0,-194.0,-352.0,-220.0,-23.0,51.0,5747.0,-8192.0,-8192.0,-343.646,69.23297,43.68861,1989.457,-3099.044,-5628.095,-20.96727,-1.396363,5.963636,2803.238,-3997.882,-3997.291,,
2023,6.0,12.0,114306.0,1.0,164.0,695.9999,2.030303,-106.0,72.0,82.0,112.0,-201.0,-365.0,-223.0,-29.0,50.0,5698.0,-8192.0,-8192.0,-279.186,141.1599,168.8711,1813.098,-3211.272,-5836.52,-21.24,-1.941818,5.872727,2779.326,-3997.882,-3997.291,,
2023,6.0,12.0,114306.0,1.0,165.0,697.9999,2.0,-53.0,109.0,157.0,95.0,-204.0,-366.0,-225.0,-16.0,51.0,5645.0,-8192.0,-8192.0,-158.549,209.1422,242.5127,1540.544,-3259.37,-5852.552,-21.42182,-0.76,5.963636,2753.462,-3997.882,-3997.291,,
2023,6.0,12.0,114306.0,1.0,166.0,699.9999,2.0,16.0,131.0,181.0,83.0,-207.0,-358.0,-226.0,-14.0,53.0,5595.0,-8192.0,-8192.0,3.293999,248.0918,246.8476,1348.152,-3307.468,-5724.291,-21.51273,-0.5781817,6.145454,2729.062,-3997.882,-3997.291,,
2023,6.0,12.0,114306.0,1.0,167.0,701.9999,2.0,80.0,134.0,154.0,77.0,-205.0,-348.0,-228.0,-10.0,47.0,5544.0,-8192.0,-8192.0,156.604,251.2744,189.5691,1251.956,-3275.403,-5563.965,-21.69455,-0.2145454,5.6,2704.174,-3997.882,-3997.291,,
2023,6.0,12.0,114306.0,1.0,168.0,703.9999,2.0,125.0,120.0,79.0,77.0,-196.0,-341.0,-228.0,-17.0,55.0,5491.0,-8192.0,-8192.0,267.753,223.5873,77.127,1251.956,-3131.109,-5451.736,-21.69455,-0.850909,6.327272,2678.31,-3997.882,-3997.291,,
2023,6.0,12.0,114306.0,1.0,169.0,705.9999,2.0,141.0,91.0,-32.0,81.0,-189.0,-335.0,-228.0,-12.0,55.0,5439.0,-8192.0,-8192.0,312.303,169.1629,-71.65851,1316.087,-3018.881,-5355.541,-21.69455,-0.3963636,6.327272,2652.934,-3997.882,-3997.291,,
2023,6.0,12.0,114306.0,1.0,170.0,707.9999,2.0,128.0,49.0,-145.0,86.0,-187.0,-329.0,-234.0,-13.0,61.0,5387.0,-8192.0,-8192.0,288.81,90.2478,-207.7808,1396.25,-2986.815,-5259.345,-22.24,-0.4872726,6.872727,2627.558,-3997.882,-3997.291,,
2023,6.0,12.0,114306.0,1.0,171.0,709.9999,2.0,82.0,10.0,-240.0,95.0,-182.0,-323.0,-223.0,-5.0,66.0,5335.0,-8192.0,-8192.0,185.766,18.77493,-311.3716,1540.544,-2906.652,-5163.149,-21.24,0.24,7.327272,2602.182,-3997.882,-3997.291,,
2023,6.0,12.0,114306.0,1.0,172.0,711.9999,2.0,20.0,-23.0,-293.0,108.0,-179.0,-321.0,-211.0,-12.0,49.0,5284.0,-8192.0,-8192.0,42.542,-41.59428,-352.9623,1748.968,-2858.554,-5131.083,-20.14909,-0.3963636,5.781818,2577.294,-3997.882,-3997.291,,
2023,6.0,12.0,114306.0,1.0,173.0,713.9999,2.0,-49.0,-38.0,-289.0,121.0,-183.0,-323.0,-226.0,-13.0,57.0,5232.0,-8192.0,-8192.0,-120.897,-67.7394,-320.5193,1957.392,-2922.685,-5163.149,-21.51273,-0.4872726,6.50909,2551.918,-3997.882,-3997.291,,
2023,6.0,12.0,114306.0,1.0,174.0,715.9999,2.0,-107.0,-31.0,-236.0,132.0,-190.0,-329.0,-215.0,-15.0,48.0,5181.0,-8192.0,-8192.0,-261.657,-52.2843,-232.8645,2133.751,-3034.913,-5259.345,-20.51273,-0.6690909,5.690909,2527.03,-3997.882,-3997.291,,
2023,6.0,12.0,114306.0,1.0,175.0,717.9999,2.0,-138.0,-8.0,-143.0,140.0,-198.0,-341.0,-223.0,-11.0,50.0,5131.0,-8192.0,-8192.0,-340.812,-8.12439,-103.1345,2262.012,-3163.174,-5451.736,-21.24,-0.3054545,5.872727,2502.63,-3997.882,-3997.291,,
2023,6.0,12.0,114306.0,1.0,176.0,719.9999,2.0,-141.0,31.0,-30.0,138.0,-207.0,-355.0,-229.0,-12.0,52.0,5078.0,-8192.0,-8192.0,-355.219,65.75716,38.8175,2229.947,-3307.468,-5676.193,-21.78546,-0.3963636,6.054545,2476.766,-3997.882,-3997.291,,
2023,6.0,12.0,114306.0,1.0,177.0,721.9999,2.0,-111.0,74.0,79.0,111.0,-216.0,-363.0,-229.0,-14.0,56.0,4977.0,-8192.0,-8192.0,-291.139,145.7611,164.286,1797.066,-3451.762,-5804.454,-21.78546,-0.5781817,6.418181,2427.478,-3997.882,-3997.291,,
[2023/06/12 11:48:30],,,,,,,,,,,,,,,,,,,,,,,,,,,,,,,,,
== yy0 ==============,,,,,,,,,,,,,,,,,,,,,,,,,,,,,,,,,
2023,6.0,12.0,114830.0,0.0,32.0,622.0,20.0,-139.0,60.0,26.0,31.0,-9.0,-54.0,11.0,-3.0,-15.0,2.0,0.0,0.0,-354.785,121.924,101.8627,514.4551,-133.0067,-850.3708,0.03272712,0.4218182,-0.03636384,-0.3220789,-0.18544,0.4050401,,
2023,6.0,12.0,114830.0,0.0,33.0,642.0,20.0,-141.0,59.0,22.0,31.0,-9.0,-53.0,14.0,-1.0,-18.0,2.0,0.0,-1.0,-359.323,120.2329,97.08655,514.4551,-133.0067,-834.3382,0.3054544,0.6036364,-0.3090911,-0.3220789,-0.18544,-0.08295995,,
2023,6.0,12.0,114830.0,0.0,34.0,662.0,20.0,-141.0,61.0,23.0,31.0,-9.0,-54.0,16.0,-6.0,-12.0,3.0,0.0,-1.0,-359.513,124.2715,97.22955,514.4551,-133.0067,-850.3708,0.4872726,0.1490909,0.2363634,0.1659211,-0.18544,-0.08295995,,
2023,6.0,12.0,114830.0,0.0,35.0,682.0,20.0,-139.0,59.0,26.0,31.0,-9.0,-53.0,11.0,-6.0,-16.0,3.0,1.0,0.0,-354.709,119.8776,102.5315,514.4551,-133.0067,-834.3382,0.03272712,0.1490909,-0.127273,0.1659211,0.30256,0.4050401,,
2023,6.0,12.0,114830.0,0.0,36.0,702.0,20.0,-139.0,62.0,23.0,31.0,-9.0,-54.0,10.0,-6.0,-12.0,3.0,0.0,-1.0,-354.823,126.1797,96.08278,514.4551,-133.0067,-850.3708,-0.05818194,0.1490909,0.2363634,0.1659211,-0.18544,-0.08295995,,
2023,6.0,12.0,114830.0,0.0,37.0,722.0,20.0,-140.0,61.0,24.0,31.0,-9.0,-53.0,7.0,-3.0,-11.0,2.0,0.0,0.0,-357.168,124.148,98.47131,514.4551,-133.0067,-834.3382,-0.3309093,0.4218182,0.3272725,-0.3220789,-0.18544,0.4050401,,
2023,6.0,12.0,114830.0,0.0,38.0,742.0,20.0,-138.0,60.0,26.0,31.0,-9.0,-54.0,11.0,-4.0,-9.0,3.0,1.0,0.0,-352.402,121.8549,101.6237,514.4551,-133.0067,-850.3708,0.03272712,0.3309091,0.5090907,0.1659211,0.30256,0.4050401,,
2023,6.0,12.0,114830.0,0.0,39.0,762.0,20.0,-142.0,59.0,25.0,31.0,-9.0,-54.0,9.0,0.0,-18.0,1.0,0.0,-1.0,-361.82,120.1392,101.7676,514.4551,-133.0067,-850.3708,-0.1490911,0.6945455,-0.3090911,-0.8100789,-0.18544,-0.08295995,,
2023,6.0,12.0,114830.0,0.0,40.0,782.0,20.0,-141.0,59.0,23.0,31.0,-10.0,-53.0,11.0,-2.0,-19.0,3.0,0.0,-2.0,-359.361,120.1787,98.56726,514.4551,-149.0394,-834.3382,0.03272712,0.5127273,-0.4000002,0.1659211,-0.18544,-0.5709599,,
2023,6.0,12.0,114830.0,0.0,41.0,802.0,20.0,-141.0,58.0,23.0,31.0,-9.0,-54.0,8.0,-7.0,-14.0,2.0,1.0,-2.0,-359.285,118.1323,99.23612,514.4551,-133.0067,-850.3708,-0.2400001,0.05818188,0.05454528,-0.3220789,0.30256,-0.5709599,,
2023,6.0,12.0,114830.0,0.0,42.0,822.0,20.0,-142.0,59.0,26.0,31.0,-9.0,-54.0,12.0,-12.0,-11.0,2.0,1.0,-2.0,-361.858,120.0849,103.2484,514.4551,-133.0067,-850.3708,0.1236362,-0.3963636,0.3272725,-0.3220789,0.30256,-0.5709599,,
2023,6.0,12.0,114830.0,0.0,43.0,842.0,20.0,-138.0,59.0,24.0,31.0,-9.0,-54.0,11.0,-3.0,-19.0,3.0,0.0,-1.0,-352.25,119.9171,99.33114,514.4551,-133.0067,-850.3708,0.03272712,0.4218182,-0.4000002,0.1659211,-0.18544,-0.08295995,,
2023,6.0,12.0,114830.0,0.0,44.0,862.0,20.0,-140.0,58.0,23.0,31.0,-9.0,-53.0,10.0,-11.0,-12.0,3.0,1.0,-1.0,-356.902,118.0631,98.99718,514.4551,-133.0067,-834.3382,-0.05818194,-0.3054545,0.2363634,0.1659211,0.30256,-0.08295995,,
2023,6.0,12.0,114830.0,0.0,45.0,882.0,20.0,-141.0,58.0,23.0,31.0,-9.0,-53.0,11.0,-11.0,-16.0,3.0,0.0,-1.0,-359.285,118.1323,99.23612,514.4551,-133.0067,-834.3382,0.03272712,-0.3054545,-0.127273,0.1659211,-0.18544,-0.08295995,,
2023,6.0,12.0,114830.0,0.0,46.0,902.0,20.0,-140.0,61.0,23.0,31.0,-9.0,-53.0,10.0,-6.0,-13.0,2.0,0.0,-1.0,-357.13,124.2024,96.9906,514.4551,-133.0067,-834.3382,-0.05818194,0.1490909,0.1454544,-0.3220789,-0.18544,-0.08295995,,
2023,6.0,12.0,114830.0,0.0,47.0,922.0,20.0,-139.0,58.0,22.0,31.0,-9.0,-53.0,2.0,-9.0,-15.0,2.0,1.0,-1.0,-354.481,118.0484,97.27752,514.4551,-133.0067,-834.3382,-0.7854547,-0.1236363,-0.03636384,-0.3220789,0.30256,-0.08295995,,
2023,6.0,12.0,114830.0,0.0,48.0,942.0,20.0,-139.0,57.0,25.0,31.0,-9.0,-54.0,8.0,-10.0,-14.0,3.0,0.0,-1.0,-354.519,115.8391,102.3885,514.4551,-133.0067,-850.3708,-0.2400001,-0.2145454,0.05454528,0.1659211,-0.18544,-0.08295995,,
2023,6.0,12.0,114830.0,0.0,49.0,962.0,20.0,-140.0,59.0,24.0,31.0,-9.0,-54.0,13.0,-7.0,-13.0,2.0,1.0,-1.0,-357.016,120.0553,99.80903,514.4551,-133.0067,-850.3708,0.2145452,0.05818188,0.1454544,-0.3220789,0.30256,-0.08295995,,
2023,6.0,12.0,114830.0,0.0,50.0,982.0,20.0,-140.0,59.0,24.0,31.0,-9.0,-54.0,2.0,-8.0,-12.0,3.0,0.0,0.0,-357.016,120.0553,99.80903,514.4551,-133.0067,-850.3708,-0.7854547,-0.03272724,0.2363634,0.1659211,-0.18544,0.4050401,,
2023,6.0,12.0,114830.0,0.0,51.0,1002.0,20.0,-142.0,58.0,24.0,31.0,-9.0,-54.0,10.0,-10.0,-9.0,2.0,0.0,-1.0,-361.706,118.1471,100.9558,514.4551,-133.0067,-850.3708,-0.05818194,-0.2145454,0.5090907,-0.3220789,-0.18544,-0.08295995,,
2023,6.0,12.0,114830.0,0.0,52.0,1022.0,20.0,-140.0,59.0,22.0,31.0,-9.0,-54.0,10.0,4.0,-16.0,2.0,1.0,-1.0,-356.94,120.1638,96.8476,514.4551,-133.0067,-850.3708,-0.05818194,1.058182,-0.127273,-0.3220789,0.30256,-0.08295995,,
2023,6.0,12.0,114830.0,0.0,53.0,1042.0,20.0,-139.0,59.0,24.0,31.0,-9.0,-54.0,12.0,-9.0,-8.0,3.0,1.0,-1.0,-354.633,119.9861,99.57008,514.4551,-133.0067,-850.3708,0.1236362,-0.1236363,0.5999998,0.1659211,0.30256,-0.08295995,,
2023,6.0,12.0,114830.0,0.0,54.0,1062.0,20.0,-139.0,58.0,23.0,31.0,-9.0,-53.0,14.0,-11.0,-10.0,3.0,1.0,0.0,-354.519,117.9941,98.75824,514.4551,-133.0067,-834.3382,0.3054544,-0.3054545,0.4181816,0.1659211,0.30256,0.4050401,,
2023,6.0,12.0,114830.0,0.0,55.0,1082.0,20.0,-142.0,59.0,22.0,31.0,-9.0,-54.0,9.0,-5.0,-11.0,3.0,0.0,0.0,-361.706,120.3021,97.32549,514.4551,-133.0067,-850.3708,-0.1490911,0.24,0.3272725,0.1659211,-0.18544,0.4050401,,
2023,6.0,12.0,114830.0,0.0,56.0,1102.0,20.0,-142.0,60.0,23.0,31.0,-9.0,-54.0,10.0,-8.0,-5.0,3.0,0.0,-1.0,-361.82,122.2942,98.13734,514.4551,-133.0067,-850.3708,-0.05818194,-0.03272724,0.872727,0.1659211,-0.18544,-0.08295995,,
2023,6.0,12.0,114830.0,0.0,57.0,1122.0,20.0,-138.0,59.0,23.0,31.0,-9.0,-54.0,12.0,-17.0,-7.0,3.0,0.0,-1.0,-352.212,119.9714,97.85042,514.4551,-133.0067,-850.3708,0.1236362,-0.850909,0.6909089,0.1659211,-0.18544,-0.08295995,,
2023,6.0,12.0,114830.0,0.0,58.0,1142.0,20.0,-141.0,60.0,24.0,31.0,-9.0,-54.0,6.0,-12.0,-12.0,3.0,1.0,-1.0,-359.475,122.1708,99.37911,514.4551,-133.0067,-850.3708,-0.4218183,-0.3963636,0.2363634,0.1659211,0.30256,-0.08295995,,
2023,6.0,12.0,114830.0,0.0,59.0,1162.0,20.0,-142.0,60.0,25.0,31.0,-9.0,-53.0,9.0,-5.0,-6.0,3.0,0.0,-1.0,-361.896,122.1855,101.0988,514.4551,-133.0067,-834.3382,-0.1490911,0.24,0.781818,0.1659211,-0.18544,-0.08295995,,
2023,6.0,12.0,114830.0,0.0,60.0,1182.0,20.0,-139.0,59.0,24.0,31.0,-9.0,-54.0,11.0,-12.0,-16.0,2.0,0.0,-1.0,-354.633,119.9861,99.57008,514.4551,-133.0067,-850.3708,0.03272712,-0.3963636,-0.127273,-0.3220789,-0.18544,-0.08295995,,
2023,6.0,12.0,114830.0,0.0,61.0,1202.0,20.0,-139.0,60.0,22.0,31.0,-9.0,-54.0,9.0,-11.0,-20.0,3.0,-1.0,-1.0,-354.633,122.1412,95.9398,514.4551,-133.0067,-850.3708,-0.1490911,-0.3054545,-0.4909093,0.1659211,-0.67344,-0.08295995,,
2023,6.0,12.0,114830.0,0.0,62.0,1222.0,20.0,-140.0,59.0,23.0,31.0,-9.0,-53.0,10.0,-9.0,-13.0,3.0,0.0,-1.0,-356.978,120.1096,98.32832,514.4551,-133.0067,-834.3382,-0.05818194,-0.1236363,0.1454544,0.1659211,-0.18544,-0.08295995,,
2023,6.0,12.0,114830.0,0.0,63.0,1242.0,20.0,-140.0,61.0,25.0,31.0,-9.0,-54.0,17.0,-9.0,-14.0,2.0,0.0,-1.0,-357.206,124.0938,99.95203,514.4551,-133.0067,-850.3708,0.5781816,-0.1236363,0.05454528,-0.3220789,-0.18544,-0.08295995,,
2023,6.0,12.0,114830.0,0.0,64.0,1262.0,20.0,-139.0,60.0,24.0,31.0,-10.0,-54.0,15.0,-8.0,-13.0,3.0,0.0,-1.0,-354.709,122.0325,98.90122,514.4551,-149.0394,-850.3708,0.3963635,-0.03272724,0.1454544,0.1659211,-0.18544,-0.08295995,,
2023,6.0,12.0,114830.0,0.0,65.0,1282.0,20.0,-139.0,57.0,25.0,31.0,-9.0,-54.0,8.0,-1.0,-19.0,2.0,1.0,-1.0,-354.519,115.8391,102.3885,514.4551,-133.0067,-850.3708,-0.2400001,0.6036364,-0.4000002,-0.3220789,0.30256,-0.08295995,,
2023,6.0,12.0,114830.0,0.0,66.0,1302.0,20.0,-140.0,60.0,23.0,31.0,-9.0,-54.0,13.0,-12.0,-17.0,3.0,1.0,-1.0,-357.054,122.1559,97.65946,514.4551,-133.0067,-850.3708,0.2145452,-0.3963636,-0.218182,0.1659211,0.30256,-0.08295995,,
2023,6.0,12.0,114830.0,0.0,67.0,1322.0,20.0,-140.0,60.0,24.0,32.0,-9.0,-54.0,13.0,-6.0,-23.0,3.0,0.0,-1.0,-357.092,122.1017,99.14017,530.4877,-133.0067,-850.3708,0.2145452,0.1490909,-0.7636365,0.1659211,-0.18544,-0.08295995,,
2023,6.0,12.0,114830.0,0.0,68.0,1342.0,20.0,-140.0,59.0,25.0,31.0,-9.0,-53.0,15.0,-14.0,-20.0,3.0,1.0,-1.0,-357.054,120.001,101.2897,514.4551,-133.0067,-834.3382,0.3963635,-0.5781817,-0.4909093,0.1659211,0.30256,-0.08295995,,
2023,6.0,12.0,114830.0,0.0,69.0,1362.0,20.0,-139.0,61.0,23.0,31.0,-9.0,-54.0,6.0,-5.0,-18.0,2.0,1.0,-1.0,-354.747,124.1333,96.75165,514.4551,-133.0067,-850.3708,-0.4218183,0.24,-0.3090911,-0.3220789,0.30256,-0.08295995,,
2023,6.0,12.0,114830.0,0.0,70.0,1382.0,20.0,-142.0,58.0,23.0,31.0,-9.0,-54.0,3.0,-5.0,-13.0,3.0,0.0,0.0,-361.668,118.2014,99.47507,514.4551,-133.0067,-850.3708,-0.6945456,0.24,0.1454544,0.1659211,-0.18544,0.4050401,,
2023,6.0,12.0,114830.0,0.0,71.0,1402.0,20.0,-141.0,56.0,22.0,31.0,-9.0,-53.0,14.0,-12.0,-17.0,3.0,0.0,-1.0,-359.095,114.0938,99.09312,514.4551,-133.0067,-834.3382,0.3054544,-0.3963636,-0.218182,0.1659211,-0.18544,-0.08295995,,
2023,6.0,12.0,114830.0,0.0,72.0,1422.0,20.0,-139.0,60.0,25.0,31.0,-9.0,-54.0,12.0,-16.0,-23.0,2.0,1.0,0.0,-354.747,121.9783,100.3819,514.4551,-133.0067,-850.3708,0.1236362,-0.76,-0.7636365,-0.3220789,0.30256,0.4050401,,
2023,6.0,12.0,114830.0,0.0,73.0,1442.0,20.0,-141.0,57.0,24.0,31.0,-9.0,-53.0,13.0,-10.0,-9.0,3.0,0.0,-1.0,-359.247,116.0316,101.3857,514.4551,-133.0067,-834.3382,0.2145452,-0.2145454,0.5090907,0.1659211,-0.18544,-0.08295995,,
2023,6.0,12.0,114830.0,0.0,74.0,1462.0,20.0,-139.0,59.0,22.0,31.0,-9.0,-53.0,14.0,-8.0,-13.0,3.0,0.0,-1.0,-354.557,120.0948,96.60866,514.4551,-133.0067,-834.3382,0.3054544,-0.03272724,0.1454544,0.1659211,-0.18544,-0.08295995,,
2023,6.0,12.0,114830.0,0.0,75.0,1482.0,20.0,-139.0,59.0,24.0,31.0,-9.0,-54.0,6.0,-10.0,-25.0,3.0,1.0,-1.0,-354.633,119.9861,99.57008,514.4551,-133.0067,-850.3708,-0.4218183,-0.2145454,-0.9454547,0.1659211,0.30256,-0.08295995,,
2023,6.0,12.0,114830.0,0.0,76.0,1502.0,20.0,-140.0,59.0,24.0,31.0,-9.0,-53.0,12.0,-6.0,-17.0,2.0,0.0,-1.0,-357.016,120.0553,99.80903,514.4551,-133.0067,-834.3382,0.1236362,0.1490909,-0.218182,-0.3220789,-0.18544,-0.08295995,,
2023,6.0,12.0,114830.0,0.0,77.0,1522.0,20.0,-142.0,60.0,26.0,31.0,-9.0,-54.0,8.0,-9.0,-14.0,3.0,0.0,-1.0,-361.934,122.1313,102.5795,514.4551,-133.0067,-850.3708,-0.2400001,-0.1236363,0.05454528,0.1659211,-0.18544,-0.08295995,,
2023,6.0,12.0,114830.0,0.0,78.0,1542.0,20.0,-140.0,60.0,23.0,31.0,-9.0,-54.0,10.0,-17.0,-12.0,3.0,0.0,-1.0,-357.054,122.1559,97.65946,514.4551,-133.0067,-850.3708,-0.05818194,-0.850909,0.2363634,0.1659211,-0.18544,-0.08295995,,
2023,6.0,12.0,114830.0,0.0,79.0,1562.0,20.0,-141.0,59.0,24.0,31.0,-9.0,-54.0,10.0,-4.0,-12.0,3.0,1.0,-1.0,-359.399,120.1244,100.048,514.4551,-133.0067,-850.3708,-0.05818194,0.3309091,0.2363634,0.1659211,0.30256,-0.08295995,,
2023,6.0,12.0,114830.0,0.0,80.0,1582.0,20.0,-139.0,60.0,22.0,31.0,-9.0,-54.0,14.0,-15.0,-20.0,3.0,0.0,-1.0,-354.633,122.1412,95.9398,514.4551,-133.0067,-850.3708,0.3054544,-0.6690909,-0.4909093,0.1659211,-0.18544,-0.08295995,,
2023,6.0,12.0,114830.0,0.0,81.0,1602.0,20.0,-142.0,59.0,23.0,31.0,-9.0,-54.0,14.0,-2.0,-13.0,3.0,1.0,-1.0,-361.744,120.2478,98.80621,514.4551,-133.0067,-850.3708,0.3054544,0.5127273,0.1454544,0.1659211,0.30256,-0.08295995,,
2023,6.0,12.0,114830.0,0.0,82.0,1622.0,20.0,-142.0,60.0,24.0,31.0,-9.0,-54.0,14.0,-5.0,-16.0,3.0,0.0,-1.0,-361.858,122.2399,99.61807,514.4551,-133.0067,-850.3708,0.3054544,0.24,-0.127273,0.1659211,-0.18544,-0.08295995,,
2023,6.0,12.0,114830.0,0.0,83.0,1642.0,20.0,-140.0,60.0,23.0,31.0,-9.0,-54.0,17.0,-10.0,-24.0,2.0,0.0,-1.0,-357.054,122.1559,97.65946,514.4551,-133.0067,-850.3708,0.5781816,-0.2145454,-0.8545457,-0.3220789,-0.18544,-0.08295995,,
2023,6.0,12.0,114830.0,0.0,84.0,1662.0,20.0,-141.0,60.0,24.0,31.0,-9.0,-54.0,8.0,-11.0,-6.0,3.0,0.0,0.0,-359.475,122.1708,99.37911,514.4551,-133.0067,-850.3708,-0.2400001,-0.3054545,0.781818,0.1659211,-0.18544,0.4050401,,
2023,6.0,12.0,114830.0,0.0,85.0,1682.0,20.0,-141.0,60.0,23.0,31.0,-9.0,-54.0,13.0,-6.0,-16.0,3.0,1.0,-1.0,-359.437,122.2251,97.8984,514.4551,-133.0067,-850.3708,0.2145452,0.1490909,-0.127273,0.1659211,0.30256,-0.08295995,,
2023,6.0,12.0,114830.0,0.0,86.0,1702.0,20.0,-138.0,61.0,23.0,31.0,-9.0,-54.0,13.0,-6.0,-20.0,3.0,1.0,0.0,-352.364,124.0642,96.5127,514.4551,-133.0067,-850.3708,0.2145452,0.1490909,-0.4909093,0.1659211,0.30256,0.4050401,,
2023,6.0,12.0,114830.0,0.0,87.0,1722.0,20.0,-139.0,58.0,24.0,31.0,-9.0,-54.0,7.0,-10.0,-13.0,3.0,1.0,0.0,-354.557,117.9398,100.2389,514.4551,-133.0067,-850.3708,-0.3309093,-0.2145454,0.1454544,0.1659211,0.30256,0.4050401,,
2023,6.0,12.0,114830.0,0.0,88.0,1742.0,20.0,-140.0,60.0,23.0,31.0,-9.0,-54.0,10.0,-5.0,-24.0,3.0,0.0,-1.0,-357.054,122.1559,97.65946,514.4551,-133.0067,-850.3708,-0.05818194,0.24,-0.8545457,0.1659211,-0.18544,-0.08295995,,
2023,6.0,12.0,114830.0,0.0,89.0,1762.0,20.0,-139.0,59.0,22.0,31.0,-9.0,-54.0,12.0,-6.0,-9.0,3.0,0.0,-1.0,-354.557,120.0948,96.60866,514.4551,-133.0067,-850.3708,0.1236362,0.1490909,0.5090907,0.1659211,-0.18544,-0.08295995,,
2023,6.0,12.0,114830.0,0.0,90.0,1782.0,20.0,-140.0,60.0,24.0,31.0,-9.0,-54.0,13.0,-7.0,-16.0,3.0,1.0,-1.0,-357.092,122.1017,99.14017,514.4551,-133.0067,-850.3708,0.2145452,0.05818188,-0.127273,0.1659211,0.30256,-0.08295995,,
2023,6.0,12.0,114830.0,0.0,91.0,1802.0,20.0,-140.0,59.0,25.0,32.0,-9.0,-54.0,13.0,-1.0,-19.0,2.0,1.0,-1.0,-357.054,120.001,101.2897,530.4877,-133.0067,-850.3708,0.2145452,0.6036364,-0.4000002,-0.3220789,0.30256,-0.08295995,,
2023,6.0,12.0,114830.0,0.0,92.0,1822.0,20.0,-140.0,57.0,24.0,31.0,-9.0,-54.0,8.0,-1.0,-11.0,3.0,0.0,0.0,-356.864,115.9625,101.1468,514.4551,-133.0067,-850.3708,-0.2400001,0.6036364,0.3272725,0.1659211,-0.18544,0.4050401,,
2023,6.0,12.0,114830.0,0.0,93.0,1842.0,20.0,-138.0,60.0,24.0,31.0,-9.0,-54.0,14.0,-7.0,-18.0,3.0,0.0,-1.0,-352.326,121.9634,98.66228,514.4551,-133.0067,-850.3708,0.3054544,0.05818188,-0.3090911,0.1659211,-0.18544,-0.08295995,,
2023,6.0,12.0,114830.0,0.0,94.0,1862.0,20.0,-140.0,58.0,23.0,31.0,-9.0,-54.0,15.0,-15.0,-12.0,3.0,1.0,-1.0,-356.902,118.0631,98.99718,514.4551,-133.0067,-850.3708,0.3963635,-0.6690909,0.2363634,0.1659211,0.30256,-0.08295995,,
2023,6.0,12.0,114830.0,0.0,95.0,1882.0,20.0,-141.0,58.0,24.0,31.0,-9.0,-54.0,10.0,-11.0,-18.0,3.0,1.0,-1.0,-359.323,118.078,100.7169,514.4551,-133.0067,-850.3708,-0.05818194,-0.3054545,-0.3090911,0.1659211,0.30256,-0.08295995,,
2023,6.0,12.0,114830.0,0.0,96.0,1902.0,20.0,-139.0,58.0,25.0,31.0,-9.0,-54.0,12.0,-10.0,-14.0,3.0,0.0,-1.0,-354.595,117.8855,101.7197,514.4551,-133.0067,-850.3708,0.1236362,-0.2145454,0.05454528,0.1659211,-0.18544,-0.08295995,,
2023,6.0,12.0,114830.0,0.0,97.0,1922.0,20.0,-139.0,58.0,21.0,31.0,-9.0,-54.0,11.0,-4.0,-20.0,3.0,0.0,-1.0,-354.443,118.1027,95.7968,514.4551,-133.0067,-850.3708,0.03272712,0.3309091,-0.4909093,0.1659211,-0.18544,-0.08295995,,
2023,6.0,12.0,114830.0,0.0,98.0,1942.0,20.0,-142.0,60.0,20.0,31.0,-10.0,-53.0,12.0,-2.0,-16.0,3.0,1.0,0.0,-361.706,122.457,93.69521,514.4551,-149.0394,-834.3382,0.1236362,0.5127273,-0.127273,0.1659211,0.30256,0.4050401,,
2023,6.0,12.0,114830.0,0.0,99.0,1962.0,20.0,-140.0,59.0,23.0,31.0,-9.0,-54.0,12.0,-11.0,-6.0,3.0,0.0,-1.0,-356.978,120.1096,98.32832,514.4551,-133.0067,-850.3708,0.1236362,-0.3054545,0.781818,0.1659211,-0.18544,-0.08295995,,
2023,6.0,12.0,114830.0,0.0,100.0,1982.0,20.0,-142.0,56.0,24.0,31.0,-9.0,-54.0,6.0,-9.0,-14.0,3.0,1.0,-1.0,-361.554,114.0543,102.2935,514.4551,-133.0067,-850.3708,-0.4218183,-0.1236363,0.05454528,0.1659211,0.30256,-0.08295995,,
2023,6.0,12.0,114830.0,0.0,101.0,2002.0,20.0,-141.0,59.0,24.0,31.0,-9.0,-54.0,17.0,-17.0,-18.0,2.0,0.0,0.0,-359.399,120.1244,100.048,514.4551,-133.0067,-850.3708,0.5781816,-0.850909,-0.3090911,-0.3220789,-0.18544,0.4050401,,
2023,6.0,12.0,114830.0,0.0,102.0,2022.0,20.0,-138.0,57.0,24.0,31.0,-9.0,-53.0,9.0,-9.0,-16.0,2.0,1.0,-1.0,-352.098,115.8243,100.6689,514.4551,-133.0067,-834.3382,-0.1490911,-0.1236363,-0.127273,-0.3220789,0.30256,-0.08295995,,
2023,6.0,12.0,114830.0,0.0,103.0,2042.0,20.0,-140.0,58.0,24.0,31.0,-9.0,-54.0,8.0,-9.0,-22.0,2.0,0.0,-1.0,-356.94,118.0089,100.4779,514.4551,-133.0067,-850.3708,-0.2400001,-0.1236363,-0.6727275,-0.3220789,-0.18544,-0.08295995,,
2023,6.0,12.0,114830.0,0.0,104.0,2062.0,20.0,-140.0,57.0,23.0,31.0,-9.0,-54.0,11.0,-5.0,-9.0,3.0,1.0,-1.0,-356.826,116.0168,99.66604,514.4551,-133.0067,-850.3708,0.03272712,0.24,0.5090907,0.1659211,0.30256,-0.08295995,,
2023,6.0,12.0,114830.0,0.0,105.0,2082.0,20.0,-140.0,58.0,20.0,31.0,-9.0,-54.0,19.0,-12.0,-23.0,3.0,0.0,0.0,-356.788,118.2261,94.55503,514.4551,-133.0067,-850.3708,0.7599999,-0.3963636,-0.7636365,0.1659211,-0.18544,0.4050401,,
2023,6.0,12.0,114830.0,0.0,106.0,2102.0,20.0,-139.0,61.0,23.0,31.0,-9.0,-54.0,10.0,-10.0,-14.0,3.0,1.0,-2.0,-354.747,124.1333,96.75165,514.4551,-133.0067,-850.3708,-0.05818194,-0.2145454,0.05454528,0.1659211,0.30256,-0.5709599,,
2023,6.0,12.0,114830.0,0.0,107.0,2122.0,20.0,-141.0,60.0,21.0,31.0,-9.0,-54.0,14.0,-10.0,-24.0,2.0,0.0,-1.0,-359.361,122.3336,94.93697,514.4551,-133.0067,-850.3708,0.3054544,-0.2145454,-0.8545457,-0.3220789,-0.18544,-0.08295995,,
2023,6.0,12.0,114830.0,0.0,108.0,2142.0,20.0,-143.0,58.0,23.0,31.0,-9.0,-54.0,5.0,-6.0,-16.0,2.0,1.0,-1.0,-364.051,118.2705,99.71401,514.4551,-133.0067,-850.3708,-0.5127274,0.1490909,-0.127273,-0.3220789,0.30256,-0.08295995,,
2023,6.0,12.0,114830.0,0.0,109.0,2162.0,20.0,-141.0,58.0,25.0,31.0,-9.0,-54.0,8.0,-4.0,-14.0,2.0,0.0,-1.0,-359.361,118.0237,102.1975,514.4551,-133.0067,-850.3708,-0.2400001,0.3309091,0.05454528,-0.3220789,-0.18544,-0.08295995,,
2023,6.0,12.0,114830.0,0.0,110.0,2182.0,20.0,-141.0,58.0,24.0,31.0,-9.0,-54.0,11.0,-6.0,-16.0,2.0,1.0,-1.0,-359.323,118.078,100.7169,514.4551,-133.0067,-850.3708,0.03272712,0.1490909,-0.127273,-0.3220789,0.30256,-0.08295995,,
2023,6.0,12.0,114830.0,0.0,111.0,2202.0,20.0,-143.0,60.0,22.0,31.0,-9.0,-54.0,6.0,-2.0,-8.0,3.0,0.0,0.0,-364.165,122.4176,96.89557,514.4551,-133.0067,-850.3708,-0.4218183,0.5127273,0.5999998,0.1659211,-0.18544,0.4050401,,
2023,6.0,12.0,114830.0,0.0,112.0,2222.0,20.0,-141.0,59.0,23.0,31.0,-9.0,-54.0,11.0,-9.0,-7.0,2.0,1.0,-1.0,-359.361,120.1787,98.56726,514.4551,-133.0067,-850.3708,0.03272712,-0.1236363,0.6909089,-0.3220789,0.30256,-0.08295995,,
2023,6.0,12.0,114830.0,0.0,113.0,2241.97,19.9697,-139.0,61.0,24.0,31.0,-9.0,-54.0,13.0,-12.0,-16.0,3.0,0.0,-1.0,-354.785,124.0789,98.23236,514.4551,-133.0067,-850.3708,0.2145452,-0.3963636,-0.127273,0.1659211,-0.18544,-0.08295995,,
2023,6.0,12.0,114830.0,0.0,114.0,2262.0,20.0303,-140.0,59.0,22.0,31.0,-9.0,-54.0,17.0,-1.0,-16.0,3.0,1.0,-1.0,-356.94,120.1638,96.8476,514.4551,-133.0067,-850.3708,0.5781816,0.6036364,-0.127273,0.1659211,0.30256,-0.08295995,,
2023,6.0,12.0,114830.0,0.0,115.0,2282.0,20.0,-141.0,56.0,24.0,31.0,-9.0,-54.0,4.0,-10.0,-18.0,3.0,0.0,-1.0,-359.171,113.9852,102.0546,514.4551,-133.0067,-850.3708,-0.6036365,-0.2145454,-0.3090911,0.1659211,-0.18544,-0.08295995,,
2023,6.0,12.0,114830.0,0.0,116.0,2301.97,19.9697,-141.0,57.0,23.0,31.0,-9.0,-54.0,2.0,-5.0,-12.0,3.0,0.0,0.0,-359.209,116.0859,99.90498,514.4551,-133.0067,-850.3708,-0.7854547,0.24,0.2363634,0.1659211,-0.18544,0.4050401,,
2023,6.0,12.0,114830.0,0.0,117.0,2322.0,20.0303,-141.0,59.0,22.0,31.0,-9.0,-54.0,10.0,-2.0,-9.0,2.0,1.0,-1.0,-359.323,120.2329,97.08655,514.4551,-133.0067,-850.3708,-0.05818194,0.5127273,0.5090907,-0.3220789,0.30256,-0.08295995,,
2023,6.0,12.0,114830.0,0.0,118.0,2342.0,20.0,-141.0,58.0,23.0,31.0,-9.0,-54.0,9.0,-16.0,-11.0,3.0,1.0,-1.0,-359.285,118.1323,99.23612,514.4551,-133.0067,-850.3708,-0.1490911,-0.76,0.3272725,0.1659211,0.30256,-0.08295995,,
2023,6.0,12.0,114830.0,0.0,119.0,2362.0,20.0,-143.0,58.0,22.0,31.0,-9.0,-54.0,11.0,-4.0,-8.0,3.0,0.0,0.0,-364.013,118.3248,98.2333,514.4551,-133.0067,-850.3708,0.03272712,0.3309091,0.5999998,0.1659211,-0.18544,0.4050401,,
2023,6.0,12.0,114830.0,0.0,120.0,2382.0,20.0,-142.0,58.0,21.0,31.0,-9.0,-53.0,14.0,-15.0,-12.0,2.0,0.0,-1.0,-361.592,118.3099,96.51364,514.4551,-133.0067,-834.3382,0.3054544,-0.6690909,0.2363634,-0.3220789,-0.18544,-0.08295995,,
2023,6.0,12.0,114830.0,0.0,121.0,2402.0,20.0,-139.0,58.0,23.0,31.0,-9.0,-53.0,19.0,-5.0,-18.0,3.0,0.0,-1.0,-354.519,117.9941,98.75824,514.4551,-133.0067,-834.3382,0.7599999,0.24,-0.3090911,0.1659211,-0.18544,-0.08295995,,
2023,6.0,12.0,114830.0,0.0,122.0,2422.0,20.0,-140.0,60.0,22.0,31.0,-9.0,-54.0,6.0,-9.0,-16.0,2.0,0.0,-1.0,-357.016,122.2102,96.17874,514.4551,-133.0067,-850.3708,-0.4218183,-0.1236363,-0.127273,-0.3220789,-0.18544,-0.08295995,,
2023,6.0,12.0,114830.0,0.0,123.0,2442.0,20.0,-142.0,58.0,25.0,31.0,-9.0,-54.0,10.0,-2.0,-16.0,3.0,0.0,-1.0,-361.744,118.0928,102.4365,514.4551,-133.0067,-850.3708,-0.05818194,0.5127273,-0.127273,0.1659211,-0.18544,-0.08295995,,
2023,6.0,12.0,114830.0,0.0,124.0,2462.0,20.0,-140.0,60.0,23.0,31.0,-9.0,-54.0,7.0,-10.0,-8.0,3.0,0.0,0.0,-357.054,122.1559,97.65946,514.4551,-133.0067,-850.3708,-0.3309093,-0.2145454,0.5999998,0.1659211,-0.18544,0.4050401,,
2023,6.0,12.0,114830.0,0.0,125.0,2482.0,20.0,-138.0,59.0,23.0,31.0,-9.0,-53.0,6.0,-6.0,-17.0,2.0,0.0,-1.0,-352.212,119.9714,97.85042,514.4551,-133.0067,-834.3382,-0.4218183,0.1490909,-0.218182,-0.3220789,-0.18544,-0.08295995,,
2023,6.0,12.0,114830.0,0.0,126.0,2502.0,20.0,-141.0,60.0,22.0,31.0,-9.0,-54.0,10.0,-12.0,-22.0,3.0,0.0,-1.0,-359.399,122.2793,96.41769,514.4551,-133.0067,-850.3708,-0.05818194,-0.3963636,-0.6727275,0.1659211,-0.18544,-0.08295995,,
2023,6.0,12.0,114830.0,0.0,127.0,2522.0,20.0,-139.0,59.0,24.0,31.0,-9.0,-54.0,9.0,-11.0,-16.0,2.0,0.0,-1.0,-354.633,119.9861,99.57008,514.4551,-133.0067,-850.3708,-0.1490911,-0.3054545,-0.127273,-0.3220789,-0.18544,-0.08295995,,
2023,6.0,12.0,114830.0,0.0,128.0,2542.0,20.0,-140.0,59.0,24.0,31.0,-10.0,-54.0,13.0,2.0,-19.0,2.0,1.0,-1.0,-357.016,120.0553,99.80903,514.4551,-149.0394,-850.3708,0.2145452,0.8763637,-0.4000002,-0.3220789,0.30256,-0.08295995,,
2023,6.0,12.0,114830.0,0.0,129.0,2562.0,20.0,-141.0,59.0,22.0,31.0,-9.0,-54.0,10.0,-5.0,-15.0,3.0,-1.0,-1.0,-359.323,120.2329,97.08655,514.4551,-133.0067,-850.3708,-0.05818194,0.24,-0.03636384,0.1659211,-0.67344,-0.08295995,,
2023,6.0,12.0,114830.0,0.0,130.0,2582.0,20.0,-140.0,56.0,22.0,31.0,-9.0,-54.0,14.0,-8.0,-15.0,2.0,1.0,0.0,-356.712,114.0247,98.85418,514.4551,-133.0067,-850.3708,0.3054544,-0.03272724,-0.03636384,-0.3220789,0.30256,0.4050401,,
2023,6.0,12.0,114830.0,0.0,131.0,2602.0,20.0,-140.0,57.0,24.0,31.0,-9.0,-53.0,5.0,-8.0,-3.0,4.0,1.0,-1.0,-356.864,115.9625,101.1468,514.4551,-133.0067,-834.3382,-0.5127274,-0.03272724,1.054545,0.6539211,0.30256,-0.08295995,,
== yy1 ==============,,,,,,,,,,,,,,,,,,,,,,,,,,,,,,,,,
2023,6.0,12.0,114830.0,1.0,1.0,3602.0,0.0,127.0,78.0,119.0,181.0,162.0,-399.0,34.0,12.0,-67.0,-1434.0,-1349.0,-905.0,274.191,135.3287,163.9699,2919.35,2608.573,-6381.629,2.123636,1.785455,-4.763637,-701.0901,-658.4974,-441.235,,
2023,6.0,12.0,114830.0,1.0,2.0,3604.0,2.0,126.0,75.0,120.0,170.0,163.0,-400.0,28.0,18.0,-74.0,-1445.0,-1347.0,-921.0,271.998,129.2043,167.6962,2742.991,2624.606,-6397.662,1.578182,2.330909,-5.4,-706.4581,-657.5214,-449.043,,
2023,6.0,12.0,114830.0,1.0,3.0,3606.0,2.0,128.0,78.0,117.0,161.0,163.0,-403.0,31.0,22.0,-78.0,-1457.0,-1349.0,-938.0,276.65,135.3682,160.7695,2598.697,2624.606,-6445.76,1.850909,2.694546,-5.763637,-712.3141,-658.4974,-457.339,,
2023,6.0,12.0,114830.0,1.0,4.0,3608.0,2.0,127.0,78.0,115.0,152.0,163.0,-409.0,23.0,25.0,-76.0,-1471.0,-1356.0,-959.0,274.343,135.5459,158.047,2454.404,2624.606,-6541.956,1.123636,2.967273,-5.581819,-719.1461,-661.9135,-467.587,,
2023,6.0,12.0,114830.0,1.0,5.0,3610.0,2.0,127.0,78.0,112.0,144.0,162.0,-415.0,22.0,25.0,-76.0,-1485.0,-1363.0,-977.0,274.457,135.7087,153.6049,2326.143,2608.573,-6638.151,1.032727,2.967273,-5.581819,-725.9781,-665.3294,-476.371,,
2023,6.0,12.0,114830.0,1.0,6.0,3612.0,2.0,128.0,79.0,111.0,135.0,162.0,-422.0,29.0,16.0,-75.0,-1498.0,-1376.0,-998.0,276.802,137.7404,151.2164,2181.849,2608.573,-6750.379,1.669091,2.149091,-5.49091,-732.3221,-671.6735,-486.619,,
2023,6.0,12.0,114830.0,1.0,7.0,3614.0,2.0,128.0,83.0,109.0,128.0,161.0,-430.0,20.0,15.0,-81.0,-1512.0,-1393.0,-1014.0,276.574,146.0345,145.5795,2069.62,2592.541,-6878.641,0.850909,2.058182,-6.036364,-739.1541,-679.9694,-494.427,,
2023,6.0,12.0,114830.0,1.0,8.0,3616.0,2.0,129.0,81.0,107.0,120.0,160.0,-437.0,27.0,25.0,-71.0,-1528.0,-1416.0,-1027.0,279.185,141.9812,143.7168,1941.359,2576.508,-6990.869,1.487273,2.967273,-5.127273,-746.9621,-691.1934,-500.771,,
2023,6.0,12.0,114830.0,1.0,9.0,3618.0,2.0,128.0,81.0,106.0,112.0,159.0,-446.0,22.0,21.0,-82.0,-1547.0,-1443.0,-1036.0,276.84,142.1046,142.4751,1813.098,2560.476,-7135.163,1.032727,2.603636,-6.127273,-756.2341,-704.3694,-505.163,,
2023,6.0,12.0,114830.0,1.0,10.0,3620.0,2.0,127.0,80.0,105.0,106.0,159.0,-452.0,18.0,21.0,-80.0,-1560.0,-1471.0,-1044.0,274.571,140.1816,141.9022,1716.903,2560.476,-7231.358,0.6690907,2.603636,-5.945455,-762.5781,-718.0334,-509.067,,
2023,6.0,12.0,114830.0,1.0,11.0,3622.0,2.0,128.0,85.0,105.0,99.0,160.0,-461.0,16.0,22.0,-78.0,-1571.0,-1511.0,-1050.0,276.574,150.3445,138.3189,1604.674,2576.508,-7375.652,0.4872726,2.694546,-5.763637,-767.9461,-737.5534,-511.995,,
2023,6.0,12.0,114830.0,1.0,12.0,3624.0,2.0,129.0,81.0,102.0,94.0,158.0,-467.0,17.0,27.0,-87.0,-1581.0,-1556.0,-1057.0,279.375,142.2527,136.3133,1524.511,2544.443,-7471.848,0.5781816,3.149091,-6.581819,-772.8261,-759.5134,-515.4109,,
2023,6.0,12.0,114830.0,1.0,13.0,3626.0,2.0,132.0,84.0,100.0,89.0,153.0,-476.0,7.0,17.0,-83.0,-1581.0,-1602.0,-1051.0,286.372,148.2932,130.6284,1444.348,2464.28,-7616.142,-0.3309093,2.24,-6.218182,-772.8261,-781.9614,-512.483,,
2023,6.0,12.0,114830.0,1.0,14.0,3628.0,2.0,129.0,85.0,98.0,83.0,149.0,-483.0,14.0,21.0,-85.0,-1575.0,-1655.0,-1043.0,279.223,150.6555,127.715,1348.152,2400.149,-7728.37,0.3054544,2.603636,-6.4,-769.8981,-807.8254,-508.579,,
2023,6.0,12.0,114830.0,1.0,15.0,3630.0,2.0,126.0,86.0,96.0,76.0,146.0,-492.0,15.0,18.0,-83.0,-1568.0,-1718.0,-1032.0,272.074,153.0178,124.8015,1235.924,2352.051,-7872.664,0.3963635,2.330909,-6.218182,-766.4821,-838.5695,-503.211,,
2023,6.0,12.0,114830.0,1.0,16.0,3632.0,2.0,130.0,88.0,95.0,70.0,143.0,-501.0,13.0,22.0,-95.0,-1563.0,-1785.0,-1016.0,281.492,156.8885,121.0273,1139.728,2303.953,-8016.958,0.2145452,2.694546,-7.309092,-764.0421,-871.2654,-495.403,,
2023,6.0,12.0,114830.0,1.0,17.0,3634.0,2.0,132.0,88.0,92.0,63.0,136.0,-511.0,12.0,23.0,-88.0,-1557.0,-1855.0,-998.0,286.372,156.9131,116.1072,1027.499,2191.725,-8177.284,0.1236362,2.785455,-6.672728,-761.1141,-905.4254,-486.619,,
2023,6.0,12.0,114830.0,1.0,18.0,3636.0,2.0,130.0,88.0,88.0,59.0,132.0,-522.0,11.0,11.0,-86.0,-1554.0,-1929.0,-988.0,281.758,157.2685,110.6623,963.3688,2127.594,-8353.643,0.03272712,1.694546,-6.49091,-759.6501,-941.5374,-481.739,,
2023,6.0,12.0,114830.0,1.0,19.0,3638.0,2.0,131.0,91.0,85.0,59.0,128.0,-531.0,17.0,16.0,-99.0,-1552.0,-2002.0,-978.0,284.027,163.5015,103.9746,963.3688,2063.464,-8497.937,0.5781816,2.149091,-7.672728,-758.6741,-977.1614,-476.859,,
2023,6.0,12.0,114830.0,1.0,20.0,3640.0,2.0,130.0,89.0,81.0,61.0,125.0,-540.0,14.0,18.0,-97.0,-1554.0,-2079.0,-966.0,281.948,159.695,99.62842,995.4341,2015.366,-8642.23,0.3054544,2.330909,-7.49091,-759.6501,-1014.737,-471.003,,
2023,6.0,12.0,114830.0,1.0,21.0,3642.0,2.0,134.0,94.0,78.0,64.0,124.0,-551.0,14.0,10.0,-108.0,-1561.0,-2154.0,-951.0,291.214,169.8134,90.88618,1043.532,1999.333,-8818.589,0.3054544,1.603637,-8.49091,-763.0661,-1051.337,-463.683,,
2023,6.0,12.0,114830.0,1.0,22.0,3644.0,2.0,130.0,95.0,74.0,69.0,123.0,-561.0,14.0,24.0,-109.0,-1578.0,-2230.0,-933.0,281.758,172.3534,85.25023,1123.695,1983.301,-8978.915,0.3054544,2.876364,-8.581819,-771.3621,-1088.425,-454.899,,
2023,6.0,12.0,114830.0,1.0,23.0,3646.0,2.0,135.0,95.0,71.0,77.0,123.0,-573.0,12.0,18.0,-108.0,-1601.0,-2305.0,-913.0,293.787,172.1708,79.61336,1251.956,1983.301,-9171.307,0.1236362,2.330909,-8.49091,-782.5861,-1125.025,-445.139,,
2023,6.0,12.0,114830.0,1.0,24.0,3648.0,2.0,132.0,96.0,64.0,86.0,124.0,-586.0,18.0,11.0,-106.0,-1631.0,-2378.0,-888.0,286.828,174.8045,69.29633,1396.25,1999.333,-9379.731,0.6690907,1.694546,-8.309092,-797.2261,-1160.649,-432.939,,
2023,6.0,12.0,114830.0,1.0,25.0,3656.0,8.0,133.0,101.0,51.0,142.0,135.0,-649.0,26.0,26.0,-123.0,-1841.0,-2662.0,-752.0,289.325,185.6732,46.46378,2294.077,2175.692,-10389.79,1.396363,3.058182,-9.854546,-899.7061,-1299.241,-366.571,,
2023,6.0,12.0,114830.0,1.0,26.0,3658.0,2.0,129.0,99.0,45.0,162.0,139.0,-671.0,38.0,22.0,-120.0,-1922.0,-2731.0,-704.0,280.173,182.1826,39.873,2614.73,2239.823,-10742.5,2.487273,2.694546,-9.581819,-939.2341,-1332.913,-343.147,,
2023,6.0,12.0,114830.0,1.0,27.0,3660.0,2.0,129.0,102.0,43.0,185.0,142.0,-695.0,43.0,26.0,-127.0,-2016.0,-2796.0,-648.0,280.021,188.4304,34.90498,2983.48,2287.921,-11127.29,2.941818,3.058182,-10.21818,-985.1061,-1364.633,-315.819,,
2023,6.0,12.0,114830.0,1.0,28.0,3662.0,2.0,131.0,105.0,37.0,212.0,145.0,-721.0,44.0,21.0,-133.0,-2123.0,-2854.0,-587.0,284.787,194.7572,23.53621,3416.362,2336.019,-11544.14,3.032727,2.603636,-10.76364,-1037.322,-1392.938,-286.051,,
2023,6.0,12.0,114830.0,1.0,29.0,3664.0,2.0,127.0,105.0,33.0,241.0,144.0,-748.0,45.0,14.0,-132.0,-2249.0,-2906.0,-519.0,275.407,195.2507,18.56914,3881.308,2319.986,-11977.02,3.123636,1.967273,-10.67273,-1098.81,-1418.313,-252.867,,
2023,6.0,12.0,114830.0,1.0,30.0,3666.0,2.0,129.0,105.0,28.0,269.0,142.0,-776.0,40.0,36.0,-131.0,-2388.0,-2951.0,-450.0,280.363,195.384,10.68768,4330.222,2287.921,-12425.93,2.669091,3.967273,-10.58182,-1166.642,-1440.273,-219.195,,
2023,6.0,12.0,114830.0,1.0,31.0,3668.0,2.0,128.0,105.0,23.0,257.0,160.0,-806.0,64.0,10.0,-138.0,-2552.0,-3062.0,-392.0,278.17,195.7246,3.523041,4137.83,2576.508,-12906.91,4.850909,1.603637,-11.21818,-1246.674,-1494.441,-190.891,,
2023,6.0,12.0,114830.0,1.0,32.0,3670.0,2.0,127.0,107.0,22.0,317.0,97.0,-839.0,68.0,14.0,-151.0,-2664.0,-3060.0,-241.0,275.673,199.9408,0.9435577,5099.788,1566.452,-13435.99,5.214545,1.967273,-12.4,-1301.33,-1493.465,-117.203,,
2023,6.0,12.0,114830.0,1.0,33.0,3672.0,2.0,126.0,109.0,19.0,378.0,91.0,-865.0,69.0,16.0,-153.0,-2794.0,-3015.0,-189.0,273.252,204.2655,-4.597382,6077.779,1470.256,-13852.84,5.305455,2.149091,-12.58182,-1364.77,-1471.505,-91.82697,,
2023,6.0,12.0,114830.0,1.0,34.0,3674.0,2.0,124.0,110.0,18.0,410.0,98.0,-889.0,69.0,16.0,-155.0,-2997.0,-3017.0,-133.0,268.448,206.5045,-6.269043,6590.823,1582.485,-14237.62,5.305455,2.149091,-12.76364,-1463.834,-1472.481,-64.49896,,
2023,6.0,12.0,114830.0,1.0,35.0,3676.0,2.0,126.0,110.0,15.0,412.0,63.0,-910.0,74.0,3.0,-167.0,-3207.0,-3020.0,-23.0,273.328,206.5291,-11.18909,6622.888,1021.343,-14574.3,5.76,0.9672728,-13.85455,-1566.314,-1473.945,-10.81896,,
2023,6.0,12.0,114830.0,1.0,36.0,3678.0,2.0,127.0,109.0,15.0,418.0,18.0,-951.0,77.0,-1.0,-168.0,-3367.0,-2992.0,76.0,275.787,204.4136,-10.75917,6719.084,299.8744,-15231.64,6.032727,0.6036364,-13.94545,-1644.394,-1460.281,37.49304,,
2023,6.0,12.0,114830.0,1.0,37.0,3680.0,2.0,125.0,108.0,13.0,443.0,-26.0,-965.0,78.0,-3.0,-169.0,-3477.0,-2909.0,146.0,271.173,202.614,-12.57385,7119.9,-405.5615,-15456.1,6.123636,0.4218182,-14.03636,-1698.074,-1419.777,71.65304,,
2023,6.0,12.0,114830.0,1.0,38.0,3682.0,2.0,122.0,109.0,13.0,474.0,-51.0,-964.0,73.0,0.0,-173.0,-3582.0,-2836.0,195.0,263.948,204.8677,-12.52586,7616.911,-806.3773,-15440.07,5.669091,0.6945455,-14.4,-1749.314,-1384.153,95.56504,,
2023,6.0,12.0,114830.0,1.0,39.0,3684.0,2.0,122.0,110.0,15.0,485.0,-66.0,-990.0,81.0,-5.0,-183.0,-3740.0,-2807.0,228.0,263.796,206.8055,-10.23331,7793.27,-1046.867,-15856.92,6.396364,0.24,-15.30909,-1826.418,-1370.001,111.669,,
2023,6.0,12.0,114830.0,1.0,40.0,3686.0,2.0,124.0,110.0,14.0,441.0,-94.0,-1038.0,74.0,-25.0,-185.0,-3879.0,-2804.0,300.0,268.6,206.7216,-12.19191,7087.834,-1495.781,-16626.48,5.76,-1.578182,-15.49091,-1894.25,-1368.537,146.8051,,
2023,6.0,12.0,114830.0,1.0,41.0,3688.0,2.0,123.0,110.0,19.0,498.0,-187.0,-1063.0,80.0,-33.0,-192.0,-3950.0,-2690.0,313.0,266.027,206.5193,-4.549377,8001.694,-2986.815,-17027.3,6.305455,-2.305454,-16.12727,-1928.898,-1312.905,153.149,,
2023,6.0,12.0,114830.0,1.0,42.0,3690.0,2.0,125.0,110.0,17.0,481.0,-198.0,-1066.0,82.0,-29.0,-192.0,-4043.0,-2599.0,296.0,270.869,206.4896,-7.988708,7729.14,-3163.174,-17075.39,6.487273,-1.941818,-16.12727,-1974.282,-1268.497,144.853,,
2023,6.0,12.0,114830.0,1.0,43.0,3692.0,2.0,122.0,110.0,21.0,472.0,-231.0,-1077.0,69.0,-51.0,-198.0,-4128.0,-2547.0,298.0,263.568,206.4798,-1.349014,7584.846,-3692.251,-17251.75,5.305455,-3.941818,-16.67273,-2015.762,-1243.121,145.829,,
2023,6.0,12.0,114830.0,1.0,44.0,3694.0,2.0,124.0,111.0,23.0,463.0,-273.0,-1104.0,73.0,-51.0,-203.0,-4190.0,-2503.0,271.0,268.182,208.2794,0.4656677,7440.552,-4365.622,-17684.63,5.669091,-3.941818,-17.12727,-2046.018,-1221.649,132.653,,
2023,6.0,12.0,114830.0,1.0,45.0,3696.0,2.0,127.0,109.0,24.0,443.0,-326.0,-1120.0,70.0,-59.0,-192.0,-4213.0,-2457.0,224.0,275.445,203.925,2.567261,7119.9,-5215.351,-17941.16,5.396364,-4.669091,-16.12727,-2057.242,-1199.201,109.717,,
2023,6.0,12.0,114830.0,1.0,46.0,3698.0,2.0,125.0,109.0,27.0,429.0,-367.0,-1110.0,59.0,-62.0,-189.0,-4209.0,-2420.0,174.0,270.565,203.9003,7.487305,6895.443,-5872.689,-17780.83,4.396364,-4.941818,-15.85455,-2055.29,-1181.145,85.31704,,
2023,6.0,12.0,114830.0,1.0,47.0,3700.0,2.0,127.0,109.0,28.0,420.0,-393.0,-1098.0,69.0,-72.0,-190.0,-4190.0,-2389.0,129.0,275.293,203.7078,8.490128,6751.149,-6289.538,-17588.44,5.305455,-5.850909,-15.94546,-2046.018,-1166.017,63.35704,,
2023,6.0,12.0,114830.0,1.0,48.0,3702.0,2.0,123.0,111.0,32.0,411.0,-421.0,-1101.0,66.0,-70.0,-190.0,-4151.0,-2362.0,87.0,265.457,207.8598,14.03105,6606.855,-6738.451,-17636.54,5.032727,-5.669091,-15.94546,-2026.986,-1152.841,42.86104,,
2023,6.0,12.0,114830.0,1.0,49.0,3704.0,2.0,126.0,111.0,36.0,405.0,-450.0,-1108.0,65.0,-73.0,-192.0,-4103.0,-2348.0,37.0,272.454,207.4353,19.23706,6510.66,-7203.397,-17748.77,4.941818,-5.941818,-16.12727,-2003.562,-1146.009,18.46104,,
2023,6.0,12.0,114830.0,1.0,50.0,3705.97,1.969697,125.0,110.0,37.0,401.0,-470.0,-1114.0,64.0,-77.0,-187.0,-4047.0,-2342.0,-15.0,270.109,205.4037,21.6256,6446.529,-7524.05,-17844.96,4.850909,-6.305454,-15.67273,-1976.234,-1143.081,-6.91496,,
2023,6.0,12.0,114830.0,1.0,51.0,3708.0,2.030303,123.0,111.0,40.0,399.0,-485.0,-1115.0,66.0,-76.0,-192.0,-3984.0,-2335.0,-74.0,265.153,207.4255,25.87677,6414.464,-7764.54,-17860.99,5.032727,-6.214545,-16.12727,-1945.49,-1139.665,-35.70696,,
2023,6.0,12.0,114830.0,1.0,52.0,3710.0,2.0,127.0,112.0,40.0,399.0,-494.0,-1115.0,65.0,-80.0,-192.0,-3917.0,-2334.0,-142.0,274.609,209.1955,24.25212,6414.464,-7908.833,-17860.99,4.941818,-6.578182,-16.12727,-1912.794,-1139.177,-68.89096,,
2023,6.0,12.0,114830.0,1.0,53.0,3716.0,6.0,124.0,110.0,43.0,414.0,-505.0,-1134.0,78.0,-80.0,-207.0,-3700.0,-2386.0,-378.0,267.498,205.1471,30.74883,6654.953,-8085.192,-18165.61,6.123636,-6.578182,-17.49091,-1806.898,-1164.553,-184.059,,
2023,6.0,12.0,114830.0,1.0,54.0,3718.0,2.0,126.0,110.0,46.0,435.0,-512.0,-1146.0,72.0,-84.0,-201.0,-3619.0,-2406.0,-471.0,272.15,204.846,34.71307,6991.639,-8197.421,-18358.01,5.578182,-6.941818,-16.94546,-1767.37,-1174.313,-229.443,,
2023,6.0,12.0,114830.0,1.0,55.0,3722.0,4.0,124.0,110.0,49.0,483.0,-523.0,-1198.0,92.0,-88.0,-224.0,-3472.0,-2488.0,-648.0,267.27,204.8213,39.63312,7761.205,-8373.78,-19191.7,7.396363,-7.305454,-19.03636,-1695.634,-1214.329,-315.819,,
2023,6.0,12.0,114830.0,1.0,56.0,3724.0,2.0,123.0,112.0,48.0,516.0,-532.0,-1227.0,91.0,-92.0,-220.0,-3407.0,-2544.0,-721.0,264.773,209.0375,37.05362,8290.282,-8518.073,-19656.65,7.305454,-7.66909,-18.67273,-1663.914,-1241.657,-351.443,,
2023,6.0,12.0,114830.0,1.0,57.0,3726.0,2.0,123.0,112.0,50.0,557.0,-545.0,-1266.0,101.0,-90.0,-232.0,-3353.0,-2609.0,-778.0,264.697,208.9289,40.01503,8947.62,-8726.498,-20281.92,8.214545,-7.487272,-19.76364,-1637.562,-1273.377,-379.259,,
2023,6.0,12.0,114830.0,1.0,58.0,3728.0,2.0,121.0,114.0,50.0,604.0,-561.0,-1315.0,103.0,-107.0,-244.0,-3312.0,-2680.0,-813.0,259.779,213.1599,39.15521,9701.153,-8983.02,-21067.52,8.396363,-9.032727,-20.85455,-1617.554,-1308.025,-396.339,,
2023,6.0,12.0,114830.0,1.0,59.0,3730.0,2.0,120.0,116.0,51.0,650.0,-576.0,-1367.0,114.0,-103.0,-246.0,-3285.0,-2759.0,-831.0,257.206,217.2675,39.53717,10438.65,-9223.51,-21901.22,9.396363,-8.66909,-21.03636,-1604.378,-1346.577,-405.123,,
2023,6.0,12.0,114830.0,1.0,60.0,3732.0,2.0,118.0,118.0,50.0,692.0,-599.0,-1416.0,122.0,-99.0,-253.0,-3269.0,-2842.0,-832.0,252.326,221.5528,37.19659,11112.03,-9592.26,-22686.82,10.12364,-8.305454,-21.67273,-1596.57,-1387.081,-405.611,,
2023,6.0,12.0,114830.0,1.0,61.0,3734.0,2.0,121.0,119.0,48.0,734.0,-624.0,-1465.0,133.0,-111.0,-269.0,-3252.0,-2932.0,-822.0,259.475,223.5005,32.84949,11785.4,-9993.075,-23472.42,11.12364,-9.396363,-23.12727,-1588.274,-1431.001,-400.731,,
2023,6.0,12.0,114830.0,1.0,62.0,3735.97,1.969697,117.0,121.0,50.0,785.0,-650.0,-1526.0,146.0,-111.0,-285.0,-3247.0,-3030.0,-807.0,249.715,227.7611,35.42896,12603.06,-10409.92,-24450.41,12.30545,-9.396363,-24.58182,-1585.834,-1478.825,-393.411,,
2023,6.0,12.0,114830.0,1.0,63.0,3738.0,2.030303,117.0,119.0,48.0,840.0,-683.0,-1601.0,159.0,-122.0,-291.0,-3247.0,-3132.0,-783.0,249.943,223.7769,33.80527,13484.85,-10939.0,-25652.85,13.48727,-10.39636,-25.12727,-1585.834,-1528.601,-381.699,,
2023,6.0,12.0,114830.0,1.0,64.0,3740.0,2.0,116.0,120.0,50.0,902.0,-720.0,-1683.0,166.0,-120.0,-312.0,-3249.0,-3237.0,-755.0,247.408,225.7838,36.33678,14478.88,-11532.21,-26967.53,14.12364,-10.21455,-27.03636,-1586.81,-1579.841,-368.035,,
2023,6.0,12.0,114830.0,1.0,65.0,3742.0,2.0,115.0,119.0,46.0,975.0,-760.0,-1771.0,177.0,-137.0,-326.0,-3256.0,-3341.0,-727.0,245.253,224.0237,31.32172,15649.26,-12173.51,-28378.4,15.12364,-11.76,-28.30909,-1590.226,-1630.593,-354.371,,
2023,6.0,12.0,114830.0,1.0,66.0,3744.0,2.0,115.0,124.0,47.0,1053.0,-806.0,-1867.0,198.0,-140.0,-341.0,-3270.0,-3444.0,-700.0,244.835,234.2014,29.45813,16899.8,-12911.01,-29917.53,17.03273,-12.03273,-29.67273,-1597.058,-1680.857,-341.195,,
2023,6.0,12.0,114830.0,1.0,67.0,3746.0,2.0,115.0,124.0,47.0,1208.0,-929.0,-2048.0,213.0,-147.0,-362.0,-3320.0,-3655.0,-639.0,244.835,234.2014,29.45813,19384.86,-14883.03,-32819.44,18.39636,-12.66909,-31.58182,-1621.458,-1783.825,-311.427,,
2023,6.0,12.0,114830.0,1.0,68.0,3748.03,2.030303,112.0,126.0,44.0,1282.0,-1008.0,-2048.0,213.0,-167.0,-371.0,-3353.0,-3764.0,-609.0,237.648,238.6644,24.39511,20571.28,-16149.61,-32819.44,18.39636,-14.48727,-32.4,-1637.562,-1837.017,-296.787,,
2023,6.0,12.0,114830.0,1.0,69.0,3750.0,1.969697,113.0,124.0,44.0,1351.0,-1099.0,-2048.0,229.0,-186.0,-394.0,-3379.0,-3873.0,-577.0,240.183,234.5025,25.49388,21677.53,-17608.58,-32819.44,19.85091,-16.21454,-34.49091,-1650.25,-1890.209,-281.171,,
2023,6.0,12.0,114830.0,1.0,70.0,3752.0,2.0,114.0,128.0,44.0,1416.0,-1203.0,-2048.0,235.0,-200.0,-404.0,-3386.0,-3989.0,-545.0,242.262,242.6189,22.5795,22719.65,-19275.97,-32819.44,20.39636,-17.48727,-35.4,-1653.666,-1946.818,-265.555,,
2023,6.0,12.0,114830.0,1.0,71.0,3754.0,2.0,111.0,128.0,41.0,1482.0,-1316.0,-2048.0,260.0,-226.0,-414.0,-3369.0,-4121.0,-508.0,235.227,242.9891,18.85419,23777.8,-21087.66,-32819.44,22.66909,-19.85091,-36.30909,-1645.37,-2011.233,-247.499,,
2023,6.0,12.0,114830.0,1.0,72.0,3756.0,2.0,112.0,129.0,39.0,1553.0,-1435.0,-2048.0,263.0,-243.0,-434.0,-3306.0,-4267.0,-473.0,237.61,245.075,14.98495,24916.12,-22995.54,-32819.44,22.94182,-21.39636,-38.12727,-1614.626,-2082.482,-230.419,,
2023,6.0,12.0,114830.0,1.0,73.0,3758.0,2.0,112.0,129.0,36.0,1631.0,-1558.0,-2048.0,277.0,-253.0,-451.0,-3191.0,-4415.0,-437.0,237.724,245.2379,10.54282,26166.67,-24967.55,-32819.44,24.21454,-22.30545,-39.67273,-1558.506,-2154.706,-212.851,,
2023,6.0,12.0,114830.0,1.0,74.0,3760.0,2.0,107.0,132.0,34.0,1721.0,-1685.0,-2048.0,289.0,-277.0,-460.0,-3051.0,-4556.0,-411.0,225.657,251.8312,6.769516,27609.6,-27003.7,-32819.44,25.30545,-24.48727,-40.49091,-1490.186,-2223.514,-200.163,,
2023,6.0,12.0,114830.0,1.0,75.0,3762.0,2.0,108.0,134.0,32.0,1803.0,-1811.0,-2048.0,302.0,-302.0,-457.0,-2889.0,-4673.0,-397.0,227.964,255.9635,2.231415,28924.28,-29023.81,-32819.44,26.48727,-26.76,-40.21818,-1411.13,-2280.61,-193.331,,
2023,6.0,12.0,114830.0,1.0,76.0,3764.0,2.0,107.0,134.0,25.0,1878.0,-1925.0,-2048.0,312.0,-321.0,-466.0,-2673.0,-4763.0,-388.0,225.847,256.4127,-7.894638,30126.73,-30851.53,-32819.44,27.39636,-28.48727,-41.03636,-1305.722,-2324.53,-188.939,,
2023,6.0,12.0,114830.0,1.0,77.0,3766.061,2.060606,104.0,133.0,19.0,1947.0,-2037.0,-2048.0,315.0,-341.0,-478.0,-2400.0,-4826.0,-380.0,219.002,254.8993,-15.39323,31232.98,-32647.19,-32819.44,27.66909,-30.30545,-42.12727,-1172.498,-2355.274,-185.035,,
2023,6.0,12.0,114830.0,1.0,78.0,3768.0,1.939394,101.0,134.0,15.0,2000.0,-2048.0,-2048.0,331.0,-356.0,-477.0,-2077.0,-4876.0,-369.0,211.929,257.3702,-21.26811,32082.71,-32823.54,-32819.44,29.12364,-31.66909,-42.03636,-1014.874,-2379.674,-179.667,,
2023,6.0,12.0,114830.0,1.0,79.0,3770.0,2.0,103.0,138.0,10.0,2035.0,-2048.0,-2048.0,337.0,-381.0,-481.0,-1691.0,-4922.0,-361.0,216.581,265.6891,-31.82504,32643.85,-32823.54,-32819.44,29.66909,-33.94182,-42.4,-826.5061,-2402.122,-175.763,,
2023,6.0,12.0,114830.0,1.0,80.0,3772.0,2.0,97.0,139.0,-3.0,2047.0,-2048.0,-2048.0,338.0,-395.0,-481.0,-1218.0,-4967.0,-345.0,202.701,268.8559,-50.30949,32836.24,-32823.54,-32819.44,29.76,-35.21455,-42.4,-595.6821,-2424.082,-167.955,,
2023,6.0,12.0,114830.0,1.0,81.0,3774.0,2.0,93.0,138.0,-12.0,2047.0,-2048.0,-2048.0,336.0,-410.0,-482.0,-659.0,-5022.0,-316.0,193.587,267.5745,-62.01128,32836.24,-32823.54,-32819.44,29.57818,-36.57818,-42.49091,-322.8901,-2450.922,-153.803,,
2023,6.0,12.0,114830.0,1.0,82.0,3776.0,2.0,92.0,138.0,-21.0,2047.0,-2048.0,-2048.0,352.0,-418.0,-516.0,-23.0,-5099.0,-292.0,191.546,268.1323,-75.09875,32836.24,-32823.54,-32819.44,31.03273,-37.30545,-45.58182,-12.52208,-2488.498,-142.091,,
2023,6.0,12.0,114830.0,1.0,83.0,3778.0,2.0,90.0,138.0,-38.0,2047.0,-2048.0,-2048.0,357.0,-426.0,-538.0,692.0,-5207.0,-273.0,187.426,269.1935,-99.793,32836.24,-32823.54,-32819.44,31.48727,-38.03273,-47.58182,336.3979,-2541.202,-132.819,,
2023,6.0,12.0,114830.0,1.0,84.0,3780.0,2.0,83.0,137.0,-53.0,2047.0,-2048.0,-2048.0,369.0,-429.0,-543.0,1490.0,-5352.0,-268.0,171.391,268.4453,-119.6623,32836.24,-32823.54,-32819.44,32.57818,-38.30545,-48.03636,725.8219,-2611.962,-130.379,,
2023,6.0,12.0,114830.0,1.0,85.0,3782.0,2.0,79.0,137.0,-72.0,2047.0,-2048.0,-2048.0,389.0,-429.0,-568.0,2358.0,-5535.0,-266.0,162.581,269.7532,-146.8401,32836.24,-32823.54,-32819.44,34.39636,-38.30545,-50.30909,1149.406,-2701.266,-129.403,,
2023,6.0,12.0,114830.0,1.0,86.0,3784.0,2.0,69.0,131.0,-94.0,2047.0,-2048.0,-2048.0,412.0,-414.0,-615.0,3280.0,-5748.0,-249.0,140.043,259.3603,-173.0132,32836.24,-32823.54,-32819.44,36.48727,-36.94182,-54.58182,1599.342,-2805.209,-121.107,,
2023,6.0,12.0,114830.0,1.0,87.0,3786.0,2.0,59.0,126.0,-118.0,2047.0,-2048.0,-2048.0,434.0,-405.0,-665.0,4254.0,-5989.0,-211.0,117.505,251.1224,-202.8166,32836.24,-32823.54,-32819.44,38.48727,-36.12363,-59.12727,2074.654,-2922.818,-102.563,,
2023,6.0,12.0,114830.0,1.0,88.0,3788.0,2.0,51.0,117.0,-146.0,2047.0,-2048.0,-2048.0,466.0,-401.0,-730.0,5293.0,-6237.0,-144.0,100.189,234.7779,-236.3452,32836.24,-32823.54,-32819.44,41.39636,-35.76,-65.03637,2581.686,-3043.842,-69.86697,,
2023,6.0,12.0,114830.0,1.0,89.0,3790.0,2.0,35.0,101.0,-177.0,2047.0,-2048.0,-2048.0,515.0,-395.0,-807.0,6436.0,-6508.0,-71.0,64.45499,204.8243,-267.7224,32836.24,-32823.54,-32819.44,45.85091,-35.21455,-72.03637,3139.47,-3176.09,-34.24296,,
2023,6.0,12.0,114830.0,1.0,90.0,3792.0,2.0,17.0,82.0,-208.0,2047.0,-2048.0,-2048.0,551.0,-398.0,-912.0,7685.0,-6818.0,-23.0,24.183,168.8697,-296.6152,32836.24,-32823.54,-32819.44,49.12363,-35.48727,-81.58182,3748.982,-3327.37,-10.81896,,
2023,6.0,12.0,114830.0,1.0,91.0,3794.0,2.0,1.0,59.0,-240.0,2047.0,-2048.0,-2048.0,610.0,-389.0,-1013.0,8191.0,-7245.0,58.0,-10.981,124.6456,-324.7912,32836.24,-32823.54,-32819.44,54.48727,-34.66909,-90.76364,3995.91,-3535.746,28.70904,,
2023,6.0,12.0,114830.0,1.0,92.0,3796.0,2.0,-23.0,32.0,-263.0,2047.0,-2048.0,-2048.0,676.0,-396.0,-1030.0,8191.0,-8192.0,279.0,-65.24699,72.30009,-335.0536,32836.24,-32823.54,-32819.44,60.48727,-35.30545,-92.30909,3995.91,-3997.882,136.5571,,
2023,6.0,12.0,114830.0,1.0,93.0,3798.0,2.0,-45.0,0.0,-274.0,2047.0,-2048.0,-2048.0,666.0,-467.0,-949.0,8191.0,-8192.0,1140.0,-114.823,8.932877,-324.6811,32836.24,-32823.54,-32819.44,59.57818,-41.76,-84.94546,3995.91,-3997.882,556.725,,
2023,6.0,12.0,114830.0,1.0,94.0,3800.0,2.0,-77.0,-28.0,-262.0,2047.0,-2048.0,-2048.0,554.0,-454.0,-731.0,8191.0,-8192.0,3230.0,-189.407,-46.80652,-280.5381,32836.24,-32823.54,-32819.44,49.39636,-40.57818,-65.12727,3995.91,-3997.882,1576.645,,
2023,6.0,12.0,114830.0,1.0,95.0,3802.0,2.0,-115.0,-38.0,-213.0,2047.0,-2048.0,-2048.0,330.0,-375.0,-606.0,8191.0,-8192.0,5521.0,-281.063,-67.30503,-192.2145,32836.24,-32823.54,-32819.44,29.03273,-33.39636,-53.76363,3995.91,-3997.882,2694.653,,
2023,6.0,12.0,114830.0,1.0,96.0,3804.0,2.0,-139.0,-29.0,-113.0,1970.0,-2048.0,-2048.0,50.0,-270.0,-336.0,8191.0,-8192.0,-8192.0,-342.739,-52.65844,-44.42804,31601.73,-32823.54,-32819.44,3.578182,-23.85091,-29.21818,3995.91,-3997.882,-3997.291,,
2023,6.0,12.0,114830.0,1.0,97.0,3806.0,2.0,-131.0,4.0,17.0,782.0,-2029.0,-2048.0,-197.0,-72.0,43.0,8191.0,-8192.0,-8192.0,-331.123,7.261612,124.0809,12554.96,-32518.92,-32819.44,-18.87636,-5.850909,5.236363,3995.91,-3997.882,-3997.291,,
2023,6.0,12.0,114830.0,1.0,98.0,3808.0,2.0,-87.0,47.0,124.0,117.0,-403.0,-580.0,-220.0,-77.0,49.0,8191.0,-8192.0,-8192.0,-233.605,86.40669,243.2427,1893.261,-6449.864,-9283.535,-20.96727,-6.305454,5.781818,3995.91,-3997.882,-3997.291,,
2023,6.0,12.0,114830.0,1.0,99.0,3810.0,2.0,-22.0,90.0,186.0,50.0,-194.0,-406.0,-219.0,-84.0,51.0,8191.0,-8192.0,-8192.0,-84.334,166.5439,290.7545,819.0751,-3099.044,-6493.857,-20.87636,-6.941818,5.963636,3995.91,-3997.882,-3997.291,,
2023,6.0,12.0,114830.0,1.0,100.0,3812.0,2.0,47.0,117.0,179.0,33.0,-195.0,-391.0,-214.0,-81.0,59.0,8191.0,-8192.0,-8192.0,78.307,217.4087,245.8429,546.5204,-3115.076,-6253.368,-20.42182,-6.669091,6.690909,3995.91,-3997.882,-3997.291,,
2023,6.0,12.0,114830.0,1.0,101.0,3814.0,2.0,104.0,123.0,110.0,30.0,-189.0,-375.0,-218.0,-80.0,60.0,8191.0,-8192.0,-8192.0,216.304,229.4946,126.0405,498.4225,-3018.881,-5996.846,-20.78546,-6.578182,6.781818,3995.91,-3997.882,-3997.291,,
2023,6.0,12.0,114830.0,1.0,102.0,3816.0,2.0,125.0,105.0,-6.0,34.0,-182.0,-364.0,-212.0,-68.0,62.0,8191.0,-8192.0,-8192.0,272.123,197.5064,-38.70085,562.553,-2906.652,-5820.487,-20.24,-5.487272,6.963636,3995.91,-3997.882,-3997.291,,
2023,6.0,12.0,114830.0,1.0,103.0,3818.0,2.0,114.0,71.0,-131.0,42.0,-173.0,-353.0,-210.0,-74.0,74.0,8191.0,-8192.0,-8192.0,253.244,135.4758,-198.4205,690.8141,-2762.358,-5644.128,-20.05818,-6.032727,8.054545,3995.91,-3997.882,-3997.291,,
2023,6.0,12.0,114830.0,1.0,104.0,3820.0,2.0,66.0,26.0,-233.0,59.0,-163.0,-345.0,-218.0,-76.0,62.0,8191.0,-8192.0,-8192.0,146.156,52.24284,-307.8852,963.3688,-2602.032,-5515.867,-20.78546,-6.214545,6.963636,3995.91,-3997.882,-3997.291,,
2023,6.0,12.0,114830.0,1.0,105.0,3822.0,2.0,-4.0,-15.0,-284.0,77.0,-158.0,-349.0,-209.0,-77.0,65.0,8191.0,-8192.0,-8192.0,-15.6,-24.0533,-339.252,1251.956,-2521.869,-5579.998,-19.96727,-6.305454,7.236363,3995.91,-3997.882,-3997.291,,
2023,6.0,12.0,114830.0,1.0,106.0,3824.0,2.0,-73.0,-39.0,-266.0,89.0,-159.0,-363.0,-215.0,-75.0,59.0,8191.0,-8192.0,-8192.0,-178.887,-69.37611,-280.0593,1444.348,-2537.902,-5804.454,-20.51273,-6.123636,6.690909,3995.91,-3997.882,-3997.291,,
2023,6.0,12.0,114830.0,1.0,107.0,3826.0,2.0,-123.0,-39.0,-184.0,97.0,-167.0,-380.0,-214.0,-67.0,51.0,8191.0,-8192.0,-8192.0,-301.153,-70.37315,-146.6933,1572.609,-2666.163,-6077.009,-20.42182,-5.396363,5.963636,3995.91,-3997.882,-3997.291,,
2023,6.0,12.0,114830.0,1.0,108.0,3828.0,2.0,-141.0,-18.0,-66.0,98.0,-178.0,-399.0,-219.0,-68.0,57.0,8191.0,-8192.0,-8192.0,-350.127,-32.56169,18.28598,1588.641,-2842.521,-6381.629,-20.87636,-5.487272,6.50909,3995.91,-3997.882,-3997.291,,
2023,6.0,12.0,114830.0,1.0,109.0,3830.0,2.0,-120.0,22.0,59.0,80.0,-187.0,-408.0,-223.0,-77.0,53.0,8191.0,-8192.0,-8192.0,-307.874,41.05627,171.603,1300.054,-2986.815,-6525.923,-21.24,-6.305454,6.145454,3995.91,-3997.882,-3997.291,,
2023,6.0,12.0,114830.0,1.0,110.0,3832.0,2.0,-69.0,65.0,154.0,58.0,-190.0,-407.0,-222.0,-71.0,59.0,8191.0,-8192.0,-8192.0,-193.219,120.3692,271.3236,947.3362,-3034.913,-6509.89,-21.14909,-5.76,6.690909,3995.91,-3997.882,-3997.291,,
2023,6.0,12.0,114830.0,1.0,111.0,3834.0,2.0,7.0,101.0,189.0,44.0,-193.0,-399.0,-234.0,-74.0,63.0,8191.0,-8192.0,-8192.0,-16.177,186.8874,280.9097,722.8793,-3083.011,-6381.629,-22.24,-6.032727,7.054545,3995.91,-3997.882,-3997.291,,
2023,6.0,12.0,114830.0,1.0,112.0,3836.0,2.0,74.0,121.0,157.0,39.0,-190.0,-390.0,-226.0,-62.0,64.0,8191.0,-8192.0,-8192.0,143.18,224.923,204.1402,642.7162,-3034.913,-6237.335,-21.51273,-4.941818,7.145454,3995.91,-3997.882,-3997.291,,
2023,6.0,12.0,114830.0,1.0,113.0,3842.0,6.0,102.0,49.0,-174.0,51.0,-176.0,-365.0,-220.0,-64.0,65.0,8191.0,-8192.0,-8192.0,227.954,93.61899,-244.509,835.1078,-2810.456,-5836.52,-20.96727,-5.123636,7.236363,3995.91,-3997.882,-3997.291,,
2023,6.0,12.0,114830.0,1.0,114.0,3844.0,2.0,44.0,3.0,-262.0,65.0,-171.0,-362.0,-229.0,-66.0,69.0,8191.0,-8192.0,-8192.0,96.58,8.270477,-330.1853,1059.565,-2730.293,-5788.421,-21.78546,-5.305454,7.6,3995.91,-3997.882,-3997.291,,
2023,6.0,12.0,114830.0,1.0,115.0,3848.0,4.0,-93.0,-43.0,-243.0,87.0,-173.0,-376.0,-222.0,-64.0,57.0,8191.0,-8192.0,-8192.0,-227.117,-77.42843,-238.5485,1412.282,-2762.358,-6012.878,-21.14909,-5.123636,6.50909,3995.91,-3997.882,-3997.291,,
2023,6.0,12.0,114830.0,1.0,116.0,3850.0,2.0,-131.0,-33.0,-146.0,97.0,-178.0,-389.0,-228.0,-62.0,60.0,8191.0,-8192.0,-8192.0,-322.117,-59.60513,-92.52777,1572.609,-2842.521,-6221.303,-21.69455,-4.941818,6.781818,3995.91,-3997.882,-3997.291,,
2023,6.0,12.0,114830.0,1.0,117.0,3852.0,2.0,-137.0,-3.0,-19.0,100.0,-189.0,-409.0,-225.0,-61.0,56.0,8191.0,-8192.0,-8192.0,-343.521,-4.693985,76.89088,1620.707,-3018.881,-6541.956,-21.42182,-4.850909,6.418181,3995.91,-3997.882,-3997.291,,
2023,6.0,12.0,114830.0,1.0,118.0,3854.0,2.0,-102.0,43.0,97.0,84.0,-197.0,-424.0,-227.0,-73.0,62.0,8191.0,-8192.0,-8192.0,-268.02,80.72359,209.523,1364.185,-3147.142,-6782.445,-21.60364,-5.941818,6.963636,3995.91,-3997.882,-3997.291,,
2023,6.0,12.0,114830.0,1.0,119.0,3856.0,2.0,-40.0,83.0,174.0,64.0,-200.0,-419.0,-239.0,-71.0,56.0,8191.0,-8192.0,-8192.0,-126.24,154.1145,281.969,1043.532,-3195.24,-6702.282,-22.69455,-5.76,6.418181,3995.91,-3997.882,-3997.291,,
2023,6.0,12.0,114830.0,1.0,120.0,3858.0,2.0,34.0,112.0,187.0,53.0,-201.0,-406.0,-236.0,-61.0,57.0,8191.0,-8192.0,-8192.0,47.404,207.6407,264.1392,867.173,-3211.272,-6493.857,-22.42182,-4.850909,6.50909,3995.91,-3997.882,-3997.291,,
2023,6.0,12.0,114830.0,1.0,121.0,3860.0,2.0,94.0,119.0,134.0,48.0,-198.0,-395.0,-240.0,-63.0,71.0,8191.0,-8192.0,-8192.0,191.866,220.6969,166.6425,787.0099,-3163.174,-6317.499,-22.78546,-5.032727,7.781818,3995.91,-3997.882,-3997.291,,
2023,6.0,12.0,114830.0,1.0,122.0,3862.0,2.0,131.0,104.0,30.0,51.0,-193.0,-387.0,-235.0,-54.0,59.0,8191.0,-8192.0,-8192.0,285.129,193.0908,13.84007,835.1078,-3083.011,-6189.237,-22.33091,-4.214545,6.690909,3995.91,-3997.882,-3997.291,,
2023,6.0,12.0,114830.0,1.0,123.0,3864.0,2.0,128.0,70.0,-99.0,55.0,-191.0,-379.0,-235.0,-53.0,57.0,8191.0,-8192.0,-8192.0,285.466,130.7246,-153.714,899.2383,-3050.946,-6060.977,-22.33091,-4.123636,6.50909,3995.91,-3997.882,-3997.291,,
2023,6.0,12.0,114830.0,1.0,124.0,3866.0,2.0,88.0,26.0,-213.0,65.0,-186.0,-371.0,-237.0,-53.0,68.0,8191.0,-8192.0,-8192.0,197.822,49.63672,-283.5277,1059.565,-2970.783,-5932.715,-22.51273,-4.123636,7.50909,3995.91,-3997.882,-3997.291,,
2023,6.0,12.0,114830.0,1.0,125.0,3868.0,2.0,20.0,-16.0,-280.0,82.0,-177.0,-368.0,-236.0,-53.0,71.0,8191.0,-8192.0,-8192.0,41.516,-27.97533,-338.3951,1332.119,-2826.489,-5884.617,-22.42182,-4.123636,7.781818,3995.91,-3997.882,-3997.291,,
2023,6.0,12.0,114830.0,1.0,126.0,3870.0,2.0,-49.0,-42.0,-282.0,100.0,-171.0,-376.0,-229.0,-50.0,68.0,8191.0,-8192.0,-8192.0,-120.859,-76.30503,-307.4788,1620.707,-2730.293,-6012.878,-21.78546,-3.850909,7.50909,3995.91,-3997.882,-3997.291,,
2023,6.0,12.0,114830.0,1.0,127.0,3872.0,2.0,-110.0,-44.0,-214.0,113.0,-176.0,-389.0,-234.0,-61.0,67.0,8191.0,-8192.0,-8192.0,-268.654,-79.87463,-190.8768,1829.131,-2810.456,-6221.303,-22.24,-4.850909,7.418181,3995.91,-3997.882,-3997.291,,
2023,6.0,12.0,114830.0,1.0,128.0,3874.0,2.0,-139.0,-25.0,-104.0,118.0,-187.0,-406.0,-240.0,-62.0,68.0,8191.0,-8192.0,-8192.0,-343.385,-44.9615,-33.77704,1909.294,-2986.815,-6493.857,-22.78546,-4.941818,7.50909,3995.91,-3997.882,-3997.291,,
2023,6.0,12.0,114830.0,1.0,129.0,3876.0,2.0,-132.0,14.0,27.0,109.0,-198.0,-419.0,-242.0,-59.0,54.0,8191.0,-8192.0,-8192.0,-334.646,27.25174,132.4384,1765.0,-3163.174,-6702.282,-22.96727,-4.669091,6.236363,3995.91,-3997.882,-3997.291,,
2023,6.0,12.0,114830.0,1.0,130.0,3878.0,2.0,-83.0,60.0,132.0,89.0,-204.0,-421.0,-242.0,-61.0,66.0,8191.0,-8192.0,-8192.0,-225.365,112.2991,245.4374,1444.348,-3259.37,-6734.347,-22.96727,-4.850909,7.327272,3995.91,-3997.882,-3997.291,,
2023,6.0,12.0,114830.0,1.0,131.0,3880.0,2.0,-15.0,100.0,190.0,72.0,-207.0,-417.0,-246.0,-53.0,62.0,8191.0,-8192.0,-8192.0,-68.565,186.307,288.3161,1171.793,-3307.468,-6670.216,-23.33091,-4.123636,6.963636,3995.91,-3997.882,-3997.291,,
2023,6.0,12.0,114830.0,1.0,132.0,3882.0,2.0,58.0,117.0,179.0,59.0,-207.0,-408.0,-248.0,-49.0,55.0,8191.0,-8192.0,-8192.0,104.52,216.6486,243.2145,963.3688,-3307.468,-6525.923,-23.51273,-3.76,6.327272,3995.91,-3997.882,-3997.291,,
2023,6.0,12.0,114830.0,1.0,133.0,3884.0,2.0,118.0,114.0,107.0,56.0,-201.0,-397.0,-245.0,-51.0,68.0,8191.0,-8192.0,-8192.0,250.464,210.2725,124.2728,915.2709,-3211.272,-6349.564,-23.24,-3.941818,7.50909,3995.91,-3997.882,-3997.291,,
2023,6.0,12.0,114830.0,1.0,134.0,3890.0,6.0,70.0,2.0,-243.0,82.0,-192.0,-373.0,-242.0,-46.0,83.0,8191.0,-8192.0,-8192.0,157.892,3.395859,-307.5955,1332.119,-3066.979,-5964.781,-22.96727,-3.487273,8.872727,3995.91,-3997.882,-3997.291,,
2023,6.0,12.0,114830.0,1.0,135.0,3896.0,6.0,-126.0,-42.0,-183.0,128.0,-191.0,-396.0,-239.0,-50.0,65.0,8191.0,-8192.0,-8192.0,-308.112,-76.35933,-142.4892,2069.62,-3050.946,-6333.531,-22.69455,-3.850909,7.236363,3995.91,-3997.882,-3997.291,,
2023,6.0,12.0,114830.0,1.0,136.0,3898.0,2.0,-144.0,-12.0,-62.0,129.0,-202.0,-414.0,-249.0,-47.0,60.0,8191.0,-8192.0,-8192.0,-357.884,-20.29318,20.91251,2085.653,-3227.305,-6622.119,-23.60364,-3.578182,6.781818,3995.91,-3997.882,-3997.291,,
2023,6.0,12.0,114830.0,1.0,137.0,3900.0,2.0,-119.0,36.0,66.0,117.0,-210.0,-423.0,-249.0,-50.0,72.0,8191.0,-8192.0,-8192.0,-306.821,69.25667,172.365,1893.261,-3355.566,-6766.412,-23.60364,-3.850909,7.872727,3995.91,-3997.882,-3997.291,,
2023,6.0,12.0,114830.0,1.0,138.0,3902.0,2.0,-63.0,77.0,161.0,97.0,-215.0,-424.0,-257.0,-51.0,69.0,8191.0,-8192.0,-8192.0,-180.099,144.1313,272.2286,1572.609,-3435.729,-6782.445,-24.33091,-3.941818,7.6,3995.91,-3997.882,-3997.291,,
2023,6.0,12.0,114830.0,1.0,139.0,3904.0,2.0,14.0,107.0,195.0,80.0,-218.0,-421.0,-261.0,-50.0,68.0,8191.0,-8192.0,-8192.0,-0.1800003,198.3564,284.1082,1300.054,-3483.827,-6734.347,-24.69455,-3.850909,7.50909,3995.91,-3997.882,-3997.291,,
2023,6.0,12.0,114830.0,1.0,140.0,3906.0,2.0,83.0,119.0,163.0,70.0,-218.0,-413.0,-262.0,-57.0,67.0,8191.0,-8192.0,-8192.0,164.551,219.8825,212.2117,1139.728,-3483.827,-6606.086,-24.78546,-4.487272,7.418181,3995.91,-3997.882,-3997.291,,
2023,6.0,12.0,114830.0,1.0,141.0,3908.0,2.0,128.0,107.0,71.0,70.0,-213.0,-402.0,-260.0,-46.0,73.0,8191.0,-8192.0,-8192.0,276.194,197.2112,73.25964,1139.728,-3403.664,-6429.727,-24.60364,-3.487273,7.963636,3995.91,-3997.882,-3997.291,,
2023,6.0,12.0,114830.0,1.0,142.0,3910.0,2.0,143.0,73.0,-59.0,76.0,-208.0,-392.0,-256.0,-44.0,73.0,8146.0,-8192.0,-8192.0,319.463,133.6555,-100.0762,1235.924,-3323.5,-6269.4,-24.24,-3.305454,7.963636,3973.95,-3997.882,-3997.291,,
2023,6.0,12.0,114830.0,1.0,143.0,3914.0,4.0,51.0,-17.0,-269.0,99.0,-196.0,-376.0,-252.0,-44.0,74.0,8019.0,-8192.0,-8192.0,115.047,-32.76111,-328.8457,1604.674,-3131.109,-6012.878,-23.87636,-3.305454,8.054545,3911.974,-3997.882,-3997.291,,
2023,6.0,12.0,114830.0,1.0,144.0,3916.0,2.0,-25.0,-42.0,-295.0,118.0,-193.0,-378.0,-247.0,-41.0,67.0,7960.0,-8192.0,-8192.0,-63.173,-77.25765,-332.4628,1909.294,-3083.011,-6044.944,-23.42182,-3.032727,7.418181,3883.182,-3997.882,-3997.291,,
2023,6.0,12.0,114830.0,1.0,145.0,3918.0,2.0,-94.0,-51.0,-251.0,133.0,-194.0,-389.0,-245.0,-39.0,72.0,7898.0,-8192.0,-8192.0,-228.588,-93.29615,-244.8043,2149.784,-3099.044,-6221.303,-23.24,-2.850909,7.872727,3852.926,-3997.882,-3997.291,,
2023,6.0,12.0,114830.0,1.0,146.0,3920.0,2.0,-136.0,-34.0,-150.0,143.0,-203.0,-407.0,-248.0,-34.0,65.0,7835.0,-8192.0,-8192.0,-333.804,-61.08885,-96.58704,2310.11,-3243.337,-6509.89,-23.51273,-2.396363,7.236363,3822.182,-3997.882,-3997.291,,
2023,6.0,12.0,114830.0,1.0,147.0,3922.0,2.0,-141.0,3.0,-22.0,141.0,-214.0,-422.0,-260.0,-37.0,65.0,7775.0,-8192.0,-8192.0,-353.395,8.023697,69.39134,2278.045,-3419.696,-6750.379,-24.60364,-2.669091,7.236363,3792.902,-3997.882,-3997.291,,
2023,6.0,12.0,114830.0,1.0,148.0,3924.0,2.0,-105.0,48.0,104.0,125.0,-221.0,-428.0,-264.0,-41.0,69.0,7712.0,-8192.0,-8192.0,-275.815,90.78284,217.2606,2021.523,-3531.925,-6846.575,-24.96727,-3.032727,7.6,3762.158,-3997.882,-3997.291,,
2023,6.0,12.0,114830.0,1.0,149.0,3926.0,2.0,-39.0,88.0,177.0,108.0,-225.0,-427.0,-268.0,-37.0,56.0,7650.0,-8192.0,-8192.0,-124.351,164.1145,282.8278,1748.968,-3596.055,-6830.543,-25.33091,-2.669091,6.418181,3731.902,-3997.882,-3997.291,,
2023,6.0,12.0,114830.0,1.0,150.0,3928.0,2.0,37.0,113.0,192.0,92.0,-230.0,-425.0,-246.0,-36.0,63.0,7588.0,-8192.0,-8192.0,54.287,209.2083,270.1571,1492.446,-3676.219,-6798.478,-23.33091,-2.578182,7.054545,3701.646,-3997.882,-3997.291,,
2023,6.0,12.0,114830.0,1.0,151.0,3930.0,2.0,103.0,115.0,142.0,82.0,-229.0,-416.0,-262.0,-37.0,74.0,7526.0,-8192.0,-8192.0,213.313,211.4551,179.0132,1332.119,-3660.186,-6654.184,-24.78546,-2.669091,8.054545,3671.39,-3997.882,-3997.291,,
2023,6.0,12.0,114830.0,1.0,152.0,3932.0,2.0,140.0,93.0,31.0,82.0,-219.0,-406.0,-266.0,-32.0,79.0,7461.0,-8192.0,-8192.0,307.374,169.9042,20.52776,1332.119,-3499.86,-6493.857,-25.14909,-2.214545,8.50909,3639.67,-3997.882,-3997.291,,
2023,6.0,12.0,114830.0,1.0,153.0,3934.0,2.0,140.0,54.0,-102.0,89.0,-215.0,-397.0,-261.0,-29.0,71.0,7402.0,-8192.0,-8192.0,315.392,97.31589,-150.3217,1444.348,-3435.729,-6349.564,-24.69455,-1.941818,7.781818,3610.878,-3997.882,-3997.291,,
2023,6.0,12.0,114830.0,1.0,154.0,3936.0,2.0,98.0,9.0,-215.0,99.0,-209.0,-388.0,-269.0,-29.0,73.0,7336.0,-8192.0,-8192.0,223.02,14.26555,-277.508,1604.674,-3339.533,-6205.27,-25.42182,-1.941818,7.963636,3578.67,-3997.882,-3997.291,,
2023,6.0,12.0,114830.0,1.0,155.0,3938.0,2.0,30.0,-35.0,-288.0,116.0,-202.0,-383.0,-257.0,-30.0,73.0,7274.0,-8192.0,-8192.0,67.094,-67.11353,-339.9219,1877.229,-3227.305,-6125.107,-24.33091,-2.032727,7.963636,3548.414,-3997.882,-3997.291,,
2023,6.0,12.0,114830.0,1.0,156.0,3940.0,2.0,-51.0,-54.0,-290.0,135.0,-200.0,-387.0,-261.0,-35.0,79.0,7212.0,-8192.0,-8192.0,-124.409,-100.2892,-310.8203,2181.849,-3195.24,-6189.237,-24.69455,-2.487273,8.50909,3518.158,-3997.882,-3997.291,,
2023,6.0,12.0,114830.0,1.0,157.0,3942.0,2.0,-109.0,-51.0,-224.0,152.0,-204.0,-399.0,-259.0,-33.0,72.0,7151.0,-8192.0,-8192.0,-265.359,-93.72557,-201.2408,2454.404,-3259.37,-6381.629,-24.51273,-2.305454,7.872727,3488.39,-3997.882,-3997.291,,
2023,6.0,12.0,114830.0,1.0,158.0,3944.0,2.0,-142.0,-24.0,-112.0,156.0,-215.0,-414.0,-261.0,-31.0,68.0,7088.0,-8192.0,-8192.0,-350.306,-42.27345,-45.57477,2518.534,-3435.729,-6622.119,-24.69455,-2.123636,7.50909,3457.646,-3997.882,-3997.291,,
2023,6.0,12.0,114830.0,1.0,159.0,3946.0,2.0,-136.0,20.0,23.0,148.0,-228.0,-426.0,-271.0,-36.0,63.0,7027.0,-8192.0,-8192.0,-344.482,40.0237,123.4581,2390.273,-3644.153,-6814.51,-25.60364,-2.578182,7.054545,3427.878,-3997.882,-3997.291,,
2023,6.0,12.0,114830.0,1.0,160.0,3948.0,2.0,-89.0,67.0,132.0,131.0,-235.0,-434.0,-272.0,-37.0,66.0,6966.0,-8192.0,-8192.0,-240.195,127.0385,242.1891,2117.718,-3756.382,-6942.771,-25.69455,-2.669091,7.327272,3398.11,-3997.882,-3997.291,,
2023,6.0,12.0,114830.0,1.0,161.0,3950.0,2.0,-16.0,101.0,191.0,113.0,-240.0,-436.0,-274.0,-26.0,69.0,6904.0,-8192.0,-8192.0,-71.062,188.3682,289.3669,1829.131,-3836.545,-6974.836,-25.87636,-1.669091,7.6,3367.854,-3997.882,-3997.291,,
2023,6.0,12.0,114830.0,1.0,162.0,3952.0,2.0,61.0,119.0,185.0,97.0,-245.0,-430.0,-280.0,-24.0,65.0,6841.0,-8192.0,-8192.0,111.289,220.2083,250.0442,1572.609,-3916.708,-6878.641,-26.42182,-1.487273,7.236363,3337.11,-3997.882,-3997.291,,
2023,6.0,12.0,114830.0,1.0,163.0,3954.0,2.0,120.0,107.0,112.0,89.0,-240.0,-419.0,-273.0,-29.0,63.0,6779.0,-8192.0,-8192.0,255.572,195.538,135.8805,1444.348,-3836.545,-6702.282,-25.78546,-1.941818,7.054545,3306.854,-3997.882,-3997.291,,
2023,6.0,12.0,114830.0,1.0,164.0,3956.0,2.0,147.0,79.0,-9.0,96.0,-230.0,-412.0,-278.0,-29.0,72.0,6717.0,-8192.0,-8192.0,326.639,142.9427,-31.00941,1556.576,-3676.219,-6590.053,-26.24,-1.941818,7.872727,3276.598,-3997.882,-3997.291,,
2023,6.0,12.0,114830.0,1.0,165.0,3958.0,2.0,131.0,33.0,-140.0,102.0,-227.0,-407.0,-278.0,-30.0,76.0,6654.0,-8192.0,-8192.0,296.985,57.02666,-190.3923,1652.772,-3628.121,-6509.89,-26.24,-2.032727,8.236363,3245.854,-3997.882,-3997.291,,
2023,6.0,12.0,114830.0,1.0,166.0,3960.0,2.0,81.0,-15.0,-245.0,111.0,-222.0,-398.0,-269.0,-21.0,73.0,6591.0,-8192.0,-8192.0,185.473,-32.04442,-301.8147,1797.066,-3547.958,-6365.596,-25.42182,-1.214545,7.963636,3215.11,-3997.882,-3997.291,,
2023,6.0,12.0,114830.0,1.0,167.0,3962.0,2.0,5.0,-48.0,-296.0,126.0,-216.0,-393.0,-269.0,-25.0,73.0,6530.0,-8192.0,-8192.0,8.811005,-91.55479,-337.0988,2037.555,-3451.762,-6285.433,-25.42182,-1.578182,7.963636,3185.342,-3997.882,-3997.291,,
[2023/06/12 11:51:26],,,,,,,,,,,,,,,,,,,,,,,,,,,,,,,,,
== yy0 ==============,,,,,,,,,,,,,,,,,,,,,,,,,,,,,,,,,
2023,6.0,12.0,115126.0,0.0,32.0,622.0,20.0,-139.0,60.0,26.0,31.0,-9.0,-54.0,11.0,-3.0,-15.0,2.0,0.0,0.0,-354.785,121.924,101.8627,514.4551,-133.0067,-850.3708,0.03272712,0.4218182,-0.03636384,-0.3220789,-0.18544,0.4050401,,
2023,6.0,12.0,115126.0,0.0,33.0,642.0,20.0,-141.0,59.0,22.0,31.0,-9.0,-53.0,14.0,-1.0,-18.0,2.0,0.0,-1.0,-359.323,120.2329,97.08655,514.4551,-133.0067,-834.3382,0.3054544,0.6036364,-0.3090911,-0.3220789,-0.18544,-0.08295995,,
2023,6.0,12.0,115126.0,0.0,34.0,662.0,20.0,-141.0,61.0,23.0,31.0,-9.0,-54.0,16.0,-6.0,-12.0,3.0,0.0,-1.0,-359.513,124.2715,97.22955,514.4551,-133.0067,-850.3708,0.4872726,0.1490909,0.2363634,0.1659211,-0.18544,-0.08295995,,
2023,6.0,12.0,115126.0,0.0,35.0,682.0,20.0,-139.0,59.0,26.0,31.0,-9.0,-53.0,11.0,-6.0,-16.0,3.0,1.0,0.0,-354.709,119.8776,102.5315,514.4551,-133.0067,-834.3382,0.03272712,0.1490909,-0.127273,0.1659211,0.30256,0.4050401,,
2023,6.0,12.0,115126.0,0.0,36.0,702.0,20.0,-139.0,62.0,23.0,31.0,-9.0,-54.0,10.0,-6.0,-12.0,3.0,0.0,-1.0,-354.823,126.1797,96.08278,514.4551,-133.0067,-850.3708,-0.05818194,0.1490909,0.2363634,0.1659211,-0.18544,-0.08295995,,
2023,6.0,12.0,115126.0,0.0,37.0,722.0,20.0,-140.0,61.0,24.0,31.0,-9.0,-53.0,7.0,-3.0,-11.0,2.0,0.0,0.0,-357.168,124.148,98.47131,514.4551,-133.0067,-834.3382,-0.3309093,0.4218182,0.3272725,-0.3220789,-0.18544,0.4050401,,
2023,6.0,12.0,115126.0,0.0,38.0,742.0,20.0,-138.0,60.0,26.0,31.0,-9.0,-54.0,11.0,-4.0,-9.0,3.0,1.0,0.0,-352.402,121.8549,101.6237,514.4551,-133.0067,-850.3708,0.03272712,0.3309091,0.5090907,0.1659211,0.30256,0.4050401,,
2023,6.0,12.0,115126.0,0.0,39.0,762.0,20.0,-142.0,59.0,25.0,31.0,-9.0,-54.0,9.0,0.0,-18.0,1.0,0.0,-1.0,-361.82,120.1392,101.7676,514.4551,-133.0067,-850.3708,-0.1490911,0.6945455,-0.3090911,-0.8100789,-0.18544,-0.08295995,,
2023,6.0,12.0,115126.0,0.0,40.0,782.0,20.0,-141.0,59.0,23.0,31.0,-10.0,-53.0,11.0,-2.0,-19.0,3.0,0.0,-2.0,-359.361,120.1787,98.56726,514.4551,-149.0394,-834.3382,0.03272712,0.5127273,-0.4000002,0.1659211,-0.18544,-0.5709599,,
2023,6.0,12.0,115126.0,0.0,41.0,802.0,20.0,-141.0,58.0,23.0,31.0,-9.0,-54.0,8.0,-7.0,-14.0,2.0,1.0,-2.0,-359.285,118.1323,99.23612,514.4551,-133.0067,-850.3708,-0.2400001,0.05818188,0.05454528,-0.3220789,0.30256,-0.5709599,,
2023,6.0,12.0,115126.0,0.0,42.0,822.0,20.0,-142.0,59.0,26.0,31.0,-9.0,-54.0,12.0,-12.0,-11.0,2.0,1.0,-2.0,-361.858,120.0849,103.2484,514.4551,-133.0067,-850.3708,0.1236362,-0.3963636,0.3272725,-0.3220789,0.30256,-0.5709599,,
2023,6.0,12.0,115126.0,0.0,43.0,842.0,20.0,-138.0,59.0,24.0,31.0,-9.0,-54.0,11.0,-3.0,-19.0,3.0,0.0,-1.0,-352.25,119.9171,99.33114,514.4551,-133.0067,-850.3708,0.03272712,0.4218182,-0.4000002,0.1659211,-0.18544,-0.08295995,,
2023,6.0,12.0,115126.0,0.0,44.0,862.0,20.0,-140.0,58.0,23.0,31.0,-9.0,-53.0,10.0,-11.0,-12.0,3.0,1.0,-1.0,-356.902,118.0631,98.99718,514.4551,-133.0067,-834.3382,-0.05818194,-0.3054545,0.2363634,0.1659211,0.30256,-0.08295995,,
2023,6.0,12.0,115126.0,0.0,45.0,882.0,20.0,-141.0,58.0,23.0,31.0,-9.0,-53.0,11.0,-11.0,-16.0,3.0,0.0,-1.0,-359.285,118.1323,99.23612,514.4551,-133.0067,-834.3382,0.03272712,-0.3054545,-0.127273,0.1659211,-0.18544,-0.08295995,,
2023,6.0,12.0,115126.0,0.0,46.0,902.0,20.0,-140.0,61.0,23.0,31.0,-9.0,-53.0,10.0,-6.0,-13.0,2.0,0.0,-1.0,-357.13,124.2024,96.9906,514.4551,-133.0067,-834.3382,-0.05818194,0.1490909,0.1454544,-0.3220789,-0.18544,-0.08295995,,
2023,6.0,12.0,115126.0,0.0,47.0,922.0,20.0,-139.0,58.0,22.0,31.0,-9.0,-53.0,2.0,-9.0,-15.0,2.0,1.0,-1.0,-354.481,118.0484,97.27752,514.4551,-133.0067,-834.3382,-0.7854547,-0.1236363,-0.03636384,-0.3220789,0.30256,-0.08295995,,
2023,6.0,12.0,115126.0,0.0,48.0,942.0,20.0,-139.0,57.0,25.0,31.0,-9.0,-54.0,8.0,-10.0,-14.0,3.0,0.0,-1.0,-354.519,115.8391,102.3885,514.4551,-133.0067,-850.3708,-0.2400001,-0.2145454,0.05454528,0.1659211,-0.18544,-0.08295995,,
2023,6.0,12.0,115126.0,0.0,49.0,962.0,20.0,-140.0,59.0,24.0,31.0,-9.0,-54.0,13.0,-7.0,-13.0,2.0,1.0,-1.0,-357.016,120.0553,99.80903,514.4551,-133.0067,-850.3708,0.2145452,0.05818188,0.1454544,-0.3220789,0.30256,-0.08295995,,
2023,6.0,12.0,115126.0,0.0,50.0,982.0,20.0,-140.0,59.0,24.0,31.0,-9.0,-54.0,2.0,-8.0,-12.0,3.0,0.0,0.0,-357.016,120.0553,99.80903,514.4551,-133.0067,-850.3708,-0.7854547,-0.03272724,0.2363634,0.1659211,-0.18544,0.4050401,,
2023,6.0,12.0,115126.0,0.0,51.0,1002.0,20.0,-142.0,58.0,24.0,31.0,-9.0,-54.0,10.0,-10.0,-9.0,2.0,0.0,-1.0,-361.706,118.1471,100.9558,514.4551,-133.0067,-850.3708,-0.05818194,-0.2145454,0.5090907,-0.3220789,-0.18544,-0.08295995,,
2023,6.0,12.0,115126.0,0.0,52.0,1022.0,20.0,-140.0,59.0,22.0,31.0,-9.0,-54.0,10.0,4.0,-16.0,2.0,1.0,-1.0,-356.94,120.1638,96.8476,514.4551,-133.0067,-850.3708,-0.05818194,1.058182,-0.127273,-0.3220789,0.30256,-0.08295995,,
2023,6.0,12.0,115126.0,0.0,53.0,1042.0,20.0,-139.0,59.0,24.0,31.0,-9.0,-54.0,12.0,-9.0,-8.0,3.0,1.0,-1.0,-354.633,119.9861,99.57008,514.4551,-133.0067,-850.3708,0.1236362,-0.1236363,0.5999998,0.1659211,0.30256,-0.08295995,,
2023,6.0,12.0,115126.0,0.0,54.0,1062.0,20.0,-139.0,58.0,23.0,31.0,-9.0,-53.0,14.0,-11.0,-10.0,3.0,1.0,0.0,-354.519,117.9941,98.75824,514.4551,-133.0067,-834.3382,0.3054544,-0.3054545,0.4181816,0.1659211,0.30256,0.4050401,,
2023,6.0,12.0,115126.0,0.0,55.0,1082.0,20.0,-142.0,59.0,22.0,31.0,-9.0,-54.0,9.0,-5.0,-11.0,3.0,0.0,0.0,-361.706,120.3021,97.32549,514.4551,-133.0067,-850.3708,-0.1490911,0.24,0.3272725,0.1659211,-0.18544,0.4050401,,
2023,6.0,12.0,115126.0,0.0,56.0,1102.0,20.0,-142.0,60.0,23.0,31.0,-9.0,-54.0,10.0,-8.0,-5.0,3.0,0.0,-1.0,-361.82,122.2942,98.13734,514.4551,-133.0067,-850.3708,-0.05818194,-0.03272724,0.872727,0.1659211,-0.18544,-0.08295995,,
2023,6.0,12.0,115126.0,0.0,57.0,1122.0,20.0,-138.0,59.0,23.0,31.0,-9.0,-54.0,12.0,-17.0,-7.0,3.0,0.0,-1.0,-352.212,119.9714,97.85042,514.4551,-133.0067,-850.3708,0.1236362,-0.850909,0.6909089,0.1659211,-0.18544,-0.08295995,,
2023,6.0,12.0,115126.0,0.0,58.0,1142.0,20.0,-141.0,60.0,24.0,31.0,-9.0,-54.0,6.0,-12.0,-12.0,3.0,1.0,-1.0,-359.475,122.1708,99.37911,514.4551,-133.0067,-850.3708,-0.4218183,-0.3963636,0.2363634,0.1659211,0.30256,-0.08295995,,
2023,6.0,12.0,115126.0,0.0,59.0,1162.0,20.0,-142.0,60.0,25.0,31.0,-9.0,-53.0,9.0,-5.0,-6.0,3.0,0.0,-1.0,-361.896,122.1855,101.0988,514.4551,-133.0067,-834.3382,-0.1490911,0.24,0.781818,0.1659211,-0.18544,-0.08295995,,
2023,6.0,12.0,115126.0,0.0,60.0,1182.0,20.0,-139.0,59.0,24.0,31.0,-9.0,-54.0,11.0,-12.0,-16.0,2.0,0.0,-1.0,-354.633,119.9861,99.57008,514.4551,-133.0067,-850.3708,0.03272712,-0.3963636,-0.127273,-0.3220789,-0.18544,-0.08295995,,
2023,6.0,12.0,115126.0,0.0,61.0,1202.0,20.0,-139.0,60.0,22.0,31.0,-9.0,-54.0,9.0,-11.0,-20.0,3.0,-1.0,-1.0,-354.633,122.1412,95.9398,514.4551,-133.0067,-850.3708,-0.1490911,-0.3054545,-0.4909093,0.1659211,-0.67344,-0.08295995,,
2023,6.0,12.0,115126.0,0.0,62.0,1222.0,20.0,-140.0,59.0,23.0,31.0,-9.0,-53.0,10.0,-9.0,-13.0,3.0,0.0,-1.0,-356.978,120.1096,98.32832,514.4551,-133.0067,-834.3382,-0.05818194,-0.1236363,0.1454544,0.1659211,-0.18544,-0.08295995,,
2023,6.0,12.0,115126.0,0.0,63.0,1242.0,20.0,-140.0,61.0,25.0,31.0,-9.0,-54.0,17.0,-9.0,-14.0,2.0,0.0,-1.0,-357.206,124.0938,99.95203,514.4551,-133.0067,-850.3708,0.5781816,-0.1236363,0.05454528,-0.3220789,-0.18544,-0.08295995,,
2023,6.0,12.0,115126.0,0.0,64.0,1262.0,20.0,-139.0,60.0,24.0,31.0,-10.0,-54.0,15.0,-8.0,-13.0,3.0,0.0,-1.0,-354.709,122.0325,98.90122,514.4551,-149.0394,-850.3708,0.3963635,-0.03272724,0.1454544,0.1659211,-0.18544,-0.08295995,,
2023,6.0,12.0,115126.0,0.0,65.0,1282.0,20.0,-139.0,57.0,25.0,31.0,-9.0,-54.0,8.0,-1.0,-19.0,2.0,1.0,-1.0,-354.519,115.8391,102.3885,514.4551,-133.0067,-850.3708,-0.2400001,0.6036364,-0.4000002,-0.3220789,0.30256,-0.08295995,,
2023,6.0,12.0,115126.0,0.0,66.0,1302.0,20.0,-140.0,60.0,23.0,31.0,-9.0,-54.0,13.0,-12.0,-17.0,3.0,1.0,-1.0,-357.054,122.1559,97.65946,514.4551,-133.0067,-850.3708,0.2145452,-0.3963636,-0.218182,0.1659211,0.30256,-0.08295995,,
2023,6.0,12.0,115126.0,0.0,67.0,1322.0,20.0,-140.0,60.0,24.0,32.0,-9.0,-54.0,13.0,-6.0,-23.0,3.0,0.0,-1.0,-357.092,122.1017,99.14017,530.4877,-133.0067,-850.3708,0.2145452,0.1490909,-0.7636365,0.1659211,-0.18544,-0.08295995,,
2023,6.0,12.0,115126.0,0.0,68.0,1342.0,20.0,-140.0,59.0,25.0,31.0,-9.0,-53.0,15.0,-14.0,-20.0,3.0,1.0,-1.0,-357.054,120.001,101.2897,514.4551,-133.0067,-834.3382,0.3963635,-0.5781817,-0.4909093,0.1659211,0.30256,-0.08295995,,
2023,6.0,12.0,115126.0,0.0,69.0,1362.0,20.0,-139.0,61.0,23.0,31.0,-9.0,-54.0,6.0,-5.0,-18.0,2.0,1.0,-1.0,-354.747,124.1333,96.75165,514.4551,-133.0067,-850.3708,-0.4218183,0.24,-0.3090911,-0.3220789,0.30256,-0.08295995,,
2023,6.0,12.0,115126.0,0.0,70.0,1382.0,20.0,-142.0,58.0,23.0,31.0,-9.0,-54.0,3.0,-5.0,-13.0,3.0,0.0,0.0,-361.668,118.2014,99.47507,514.4551,-133.0067,-850.3708,-0.6945456,0.24,0.1454544,0.1659211,-0.18544,0.4050401,,
2023,6.0,12.0,115126.0,0.0,71.0,1402.0,20.0,-141.0,56.0,22.0,31.0,-9.0,-53.0,14.0,-12.0,-17.0,3.0,0.0,-1.0,-359.095,114.0938,99.09312,514.4551,-133.0067,-834.3382,0.3054544,-0.3963636,-0.218182,0.1659211,-0.18544,-0.08295995,,
2023,6.0,12.0,115126.0,0.0,72.0,1422.0,20.0,-139.0,60.0,25.0,31.0,-9.0,-54.0,12.0,-16.0,-23.0,2.0,1.0,0.0,-354.747,121.9783,100.3819,514.4551,-133.0067,-850.3708,0.1236362,-0.76,-0.7636365,-0.3220789,0.30256,0.4050401,,
2023,6.0,12.0,115126.0,0.0,73.0,1442.0,20.0,-141.0,57.0,24.0,31.0,-9.0,-53.0,13.0,-10.0,-9.0,3.0,0.0,-1.0,-359.247,116.0316,101.3857,514.4551,-133.0067,-834.3382,0.2145452,-0.2145454,0.5090907,0.1659211,-0.18544,-0.08295995,,
2023,6.0,12.0,115126.0,0.0,74.0,1462.0,20.0,-139.0,59.0,22.0,31.0,-9.0,-53.0,14.0,-8.0,-13.0,3.0,0.0,-1.0,-354.557,120.0948,96.60866,514.4551,-133.0067,-834.3382,0.3054544,-0.03272724,0.1454544,0.1659211,-0.18544,-0.08295995,,
2023,6.0,12.0,115126.0,0.0,75.0,1482.0,20.0,-139.0,59.0,24.0,31.0,-9.0,-54.0,6.0,-10.0,-25.0,3.0,1.0,-1.0,-354.633,119.9861,99.57008,514.4551,-133.0067,-850.3708,-0.4218183,-0.2145454,-0.9454547,0.1659211,0.30256,-0.08295995,,
2023,6.0,12.0,115126.0,0.0,76.0,1502.0,20.0,-140.0,59.0,24.0,31.0,-9.0,-53.0,12.0,-6.0,-17.0,2.0,0.0,-1.0,-357.016,120.0553,99.80903,514.4551,-133.0067,-834.3382,0.1236362,0.1490909,-0.218182,-0.3220789,-0.18544,-0.08295995,,
2023,6.0,12.0,115126.0,0.0,77.0,1522.0,20.0,-142.0,60.0,26.0,31.0,-9.0,-54.0,8.0,-9.0,-14.0,3.0,0.0,-1.0,-361.934,122.1313,102.5795,514.4551,-133.0067,-850.3708,-0.2400001,-0.1236363,0.05454528,0.1659211,-0.18544,-0.08295995,,
2023,6.0,12.0,115126.0,0.0,78.0,1542.0,20.0,-140.0,60.0,23.0,31.0,-9.0,-54.0,10.0,-17.0,-12.0,3.0,0.0,-1.0,-357.054,122.1559,97.65946,514.4551,-133.0067,-850.3708,-0.05818194,-0.850909,0.2363634,0.1659211,-0.18544,-0.08295995,,
2023,6.0,12.0,115126.0,0.0,79.0,1562.0,20.0,-141.0,59.0,24.0,31.0,-9.0,-54.0,10.0,-4.0,-12.0,3.0,1.0,-1.0,-359.399,120.1244,100.048,514.4551,-133.0067,-850.3708,-0.05818194,0.3309091,0.2363634,0.1659211,0.30256,-0.08295995,,
2023,6.0,12.0,115126.0,0.0,80.0,1582.0,20.0,-139.0,60.0,22.0,31.0,-9.0,-54.0,14.0,-15.0,-20.0,3.0,0.0,-1.0,-354.633,122.1412,95.9398,514.4551,-133.0067,-850.3708,0.3054544,-0.6690909,-0.4909093,0.1659211,-0.18544,-0.08295995,,
2023,6.0,12.0,115126.0,0.0,81.0,1602.0,20.0,-142.0,59.0,23.0,31.0,-9.0,-54.0,14.0,-2.0,-13.0,3.0,1.0,-1.0,-361.744,120.2478,98.80621,514.4551,-133.0067,-850.3708,0.3054544,0.5127273,0.1454544,0.1659211,0.30256,-0.08295995,,
2023,6.0,12.0,115126.0,0.0,82.0,1622.0,20.0,-142.0,60.0,24.0,31.0,-9.0,-54.0,14.0,-5.0,-16.0,3.0,0.0,-1.0,-361.858,122.2399,99.61807,514.4551,-133.0067,-850.3708,0.3054544,0.24,-0.127273,0.1659211,-0.18544,-0.08295995,,
2023,6.0,12.0,115126.0,0.0,83.0,1642.0,20.0,-140.0,60.0,23.0,31.0,-9.0,-54.0,17.0,-10.0,-24.0,2.0,0.0,-1.0,-357.054,122.1559,97.65946,514.4551,-133.0067,-850.3708,0.5781816,-0.2145454,-0.8545457,-0.3220789,-0.18544,-0.08295995,,
2023,6.0,12.0,115126.0,0.0,84.0,1662.0,20.0,-141.0,60.0,24.0,31.0,-9.0,-54.0,8.0,-11.0,-6.0,3.0,0.0,0.0,-359.475,122.1708,99.37911,514.4551,-133.0067,-850.3708,-0.2400001,-0.3054545,0.781818,0.1659211,-0.18544,0.4050401,,
2023,6.0,12.0,115126.0,0.0,85.0,1682.0,20.0,-141.0,60.0,23.0,31.0,-9.0,-54.0,13.0,-6.0,-16.0,3.0,1.0,-1.0,-359.437,122.2251,97.8984,514.4551,-133.0067,-850.3708,0.2145452,0.1490909,-0.127273,0.1659211,0.30256,-0.08295995,,
2023,6.0,12.0,115126.0,0.0,86.0,1702.0,20.0,-138.0,61.0,23.0,31.0,-9.0,-54.0,13.0,-6.0,-20.0,3.0,1.0,0.0,-352.364,124.0642,96.5127,514.4551,-133.0067,-850.3708,0.2145452,0.1490909,-0.4909093,0.1659211,0.30256,0.4050401,,
2023,6.0,12.0,115126.0,0.0,87.0,1722.0,20.0,-139.0,58.0,24.0,31.0,-9.0,-54.0,7.0,-10.0,-13.0,3.0,1.0,0.0,-354.557,117.9398,100.2389,514.4551,-133.0067,-850.3708,-0.3309093,-0.2145454,0.1454544,0.1659211,0.30256,0.4050401,,
2023,6.0,12.0,115126.0,0.0,88.0,1742.0,20.0,-140.0,60.0,23.0,31.0,-9.0,-54.0,10.0,-5.0,-24.0,3.0,0.0,-1.0,-357.054,122.1559,97.65946,514.4551,-133.0067,-850.3708,-0.05818194,0.24,-0.8545457,0.1659211,-0.18544,-0.08295995,,
2023,6.0,12.0,115126.0,0.0,89.0,1762.0,20.0,-139.0,59.0,22.0,31.0,-9.0,-54.0,12.0,-6.0,-9.0,3.0,0.0,-1.0,-354.557,120.0948,96.60866,514.4551,-133.0067,-850.3708,0.1236362,0.1490909,0.5090907,0.1659211,-0.18544,-0.08295995,,
2023,6.0,12.0,115126.0,0.0,90.0,1782.0,20.0,-140.0,60.0,24.0,31.0,-9.0,-54.0,13.0,-7.0,-16.0,3.0,1.0,-1.0,-357.092,122.1017,99.14017,514.4551,-133.0067,-850.3708,0.2145452,0.05818188,-0.127273,0.1659211,0.30256,-0.08295995,,
2023,6.0,12.0,115126.0,0.0,91.0,1802.0,20.0,-140.0,59.0,25.0,32.0,-9.0,-54.0,13.0,-1.0,-19.0,2.0,1.0,-1.0,-357.054,120.001,101.2897,530.4877,-133.0067,-850.3708,0.2145452,0.6036364,-0.4000002,-0.3220789,0.30256,-0.08295995,,
2023,6.0,12.0,115126.0,0.0,92.0,1822.0,20.0,-140.0,57.0,24.0,31.0,-9.0,-54.0,8.0,-1.0,-11.0,3.0,0.0,0.0,-356.864,115.9625,101.1468,514.4551,-133.0067,-850.3708,-0.2400001,0.6036364,0.3272725,0.1659211,-0.18544,0.4050401,,
2023,6.0,12.0,115126.0,0.0,93.0,1842.0,20.0,-138.0,60.0,24.0,31.0,-9.0,-54.0,14.0,-7.0,-18.0,3.0,0.0,-1.0,-352.326,121.9634,98.66228,514.4551,-133.0067,-850.3708,0.3054544,0.05818188,-0.3090911,0.1659211,-0.18544,-0.08295995,,
2023,6.0,12.0,115126.0,0.0,94.0,1862.0,20.0,-140.0,58.0,23.0,31.0,-9.0,-54.0,15.0,-15.0,-12.0,3.0,1.0,-1.0,-356.902,118.0631,98.99718,514.4551,-133.0067,-850.3708,0.3963635,-0.6690909,0.2363634,0.1659211,0.30256,-0.08295995,,
2023,6.0,12.0,115126.0,0.0,95.0,1882.0,20.0,-141.0,58.0,24.0,31.0,-9.0,-54.0,10.0,-11.0,-18.0,3.0,1.0,-1.0,-359.323,118.078,100.7169,514.4551,-133.0067,-850.3708,-0.05818194,-0.3054545,-0.3090911,0.1659211,0.30256,-0.08295995,,
2023,6.0,12.0,115126.0,0.0,96.0,1902.0,20.0,-139.0,58.0,25.0,31.0,-9.0,-54.0,12.0,-10.0,-14.0,3.0,0.0,-1.0,-354.595,117.8855,101.7197,514.4551,-133.0067,-850.3708,0.1236362,-0.2145454,0.05454528,0.1659211,-0.18544,-0.08295995,,
2023,6.0,12.0,115126.0,0.0,97.0,1922.0,20.0,-139.0,58.0,21.0,31.0,-9.0,-54.0,11.0,-4.0,-20.0,3.0,0.0,-1.0,-354.443,118.1027,95.7968,514.4551,-133.0067,-850.3708,0.03272712,0.3309091,-0.4909093,0.1659211,-0.18544,-0.08295995,,
2023,6.0,12.0,115126.0,0.0,98.0,1942.0,20.0,-142.0,60.0,20.0,31.0,-10.0,-53.0,12.0,-2.0,-16.0,3.0,1.0,0.0,-361.706,122.457,93.69521,514.4551,-149.0394,-834.3382,0.1236362,0.5127273,-0.127273,0.1659211,0.30256,0.4050401,,
2023,6.0,12.0,115126.0,0.0,99.0,1962.0,20.0,-140.0,59.0,23.0,31.0,-9.0,-54.0,12.0,-11.0,-6.0,3.0,0.0,-1.0,-356.978,120.1096,98.32832,514.4551,-133.0067,-850.3708,0.1236362,-0.3054545,0.781818,0.1659211,-0.18544,-0.08295995,,
2023,6.0,12.0,115126.0,0.0,100.0,1982.0,20.0,-142.0,56.0,24.0,31.0,-9.0,-54.0,6.0,-9.0,-14.0,3.0,1.0,-1.0,-361.554,114.0543,102.2935,514.4551,-133.0067,-850.3708,-0.4218183,-0.1236363,0.05454528,0.1659211,0.30256,-0.08295995,,
2023,6.0,12.0,115126.0,0.0,101.0,2002.0,20.0,-141.0,59.0,24.0,31.0,-9.0,-54.0,17.0,-17.0,-18.0,2.0,0.0,0.0,-359.399,120.1244,100.048,514.4551,-133.0067,-850.3708,0.5781816,-0.850909,-0.3090911,-0.3220789,-0.18544,0.4050401,,
2023,6.0,12.0,115126.0,0.0,102.0,2022.0,20.0,-138.0,57.0,24.0,31.0,-9.0,-53.0,9.0,-9.0,-16.0,2.0,1.0,-1.0,-352.098,115.8243,100.6689,514.4551,-133.0067,-834.3382,-0.1490911,-0.1236363,-0.127273,-0.3220789,0.30256,-0.08295995,,
2023,6.0,12.0,115126.0,0.0,103.0,2042.0,20.0,-140.0,58.0,24.0,31.0,-9.0,-54.0,8.0,-9.0,-22.0,2.0,0.0,-1.0,-356.94,118.0089,100.4779,514.4551,-133.0067,-850.3708,-0.2400001,-0.1236363,-0.6727275,-0.3220789,-0.18544,-0.08295995,,
2023,6.0,12.0,115126.0,0.0,104.0,2062.0,20.0,-140.0,57.0,23.0,31.0,-9.0,-54.0,11.0,-5.0,-9.0,3.0,1.0,-1.0,-356.826,116.0168,99.66604,514.4551,-133.0067,-850.3708,0.03272712,0.24,0.5090907,0.1659211,0.30256,-0.08295995,,
2023,6.0,12.0,115126.0,0.0,105.0,2082.0,20.0,-140.0,58.0,20.0,31.0,-9.0,-54.0,19.0,-12.0,-23.0,3.0,0.0,0.0,-356.788,118.2261,94.55503,514.4551,-133.0067,-850.3708,0.7599999,-0.3963636,-0.7636365,0.1659211,-0.18544,0.4050401,,
2023,6.0,12.0,115126.0,0.0,106.0,2102.0,20.0,-139.0,61.0,23.0,31.0,-9.0,-54.0,10.0,-10.0,-14.0,3.0,1.0,-2.0,-354.747,124.1333,96.75165,514.4551,-133.0067,-850.3708,-0.05818194,-0.2145454,0.05454528,0.1659211,0.30256,-0.5709599,,
2023,6.0,12.0,115126.0,0.0,107.0,2122.0,20.0,-141.0,60.0,21.0,31.0,-9.0,-54.0,14.0,-10.0,-24.0,2.0,0.0,-1.0,-359.361,122.3336,94.93697,514.4551,-133.0067,-850.3708,0.3054544,-0.2145454,-0.8545457,-0.3220789,-0.18544,-0.08295995,,
2023,6.0,12.0,115126.0,0.0,108.0,2142.0,20.0,-143.0,58.0,23.0,31.0,-9.0,-54.0,5.0,-6.0,-16.0,2.0,1.0,-1.0,-364.051,118.2705,99.71401,514.4551,-133.0067,-850.3708,-0.5127274,0.1490909,-0.127273,-0.3220789,0.30256,-0.08295995,,
2023,6.0,12.0,115126.0,0.0,109.0,2162.0,20.0,-141.0,58.0,25.0,31.0,-9.0,-54.0,8.0,-4.0,-14.0,2.0,0.0,-1.0,-359.361,118.0237,102.1975,514.4551,-133.0067,-850.3708,-0.2400001,0.3309091,0.05454528,-0.3220789,-0.18544,-0.08295995,,
2023,6.0,12.0,115126.0,0.0,110.0,2182.0,20.0,-141.0,58.0,24.0,31.0,-9.0,-54.0,11.0,-6.0,-16.0,2.0,1.0,-1.0,-359.323,118.078,100.7169,514.4551,-133.0067,-850.3708,0.03272712,0.1490909,-0.127273,-0.3220789,0.30256,-0.08295995,,
2023,6.0,12.0,115126.0,0.0,111.0,2202.0,20.0,-143.0,60.0,22.0,31.0,-9.0,-54.0,6.0,-2.0,-8.0,3.0,0.0,0.0,-364.165,122.4176,96.89557,514.4551,-133.0067,-850.3708,-0.4218183,0.5127273,0.5999998,0.1659211,-0.18544,0.4050401,,
2023,6.0,12.0,115126.0,0.0,112.0,2222.0,20.0,-141.0,59.0,23.0,31.0,-9.0,-54.0,11.0,-9.0,-7.0,2.0,1.0,-1.0,-359.361,120.1787,98.56726,514.4551,-133.0067,-850.3708,0.03272712,-0.1236363,0.6909089,-0.3220789,0.30256,-0.08295995,,
2023,6.0,12.0,115126.0,0.0,113.0,2241.97,19.9697,-139.0,61.0,24.0,31.0,-9.0,-54.0,13.0,-12.0,-16.0,3.0,0.0,-1.0,-354.785,124.0789,98.23236,514.4551,-133.0067,-850.3708,0.2145452,-0.3963636,-0.127273,0.1659211,-0.18544,-0.08295995,,
2023,6.0,12.0,115126.0,0.0,114.0,2262.0,20.0303,-140.0,59.0,22.0,31.0,-9.0,-54.0,17.0,-1.0,-16.0,3.0,1.0,-1.0,-356.94,120.1638,96.8476,514.4551,-133.0067,-850.3708,0.5781816,0.6036364,-0.127273,0.1659211,0.30256,-0.08295995,,
2023,6.0,12.0,115126.0,0.0,115.0,2282.0,20.0,-141.0,56.0,24.0,31.0,-9.0,-54.0,4.0,-10.0,-18.0,3.0,0.0,-1.0,-359.171,113.9852,102.0546,514.4551,-133.0067,-850.3708,-0.6036365,-0.2145454,-0.3090911,0.1659211,-0.18544,-0.08295995,,
2023,6.0,12.0,115126.0,0.0,116.0,2301.97,19.9697,-141.0,57.0,23.0,31.0,-9.0,-54.0,2.0,-5.0,-12.0,3.0,0.0,0.0,-359.209,116.0859,99.90498,514.4551,-133.0067,-850.3708,-0.7854547,0.24,0.2363634,0.1659211,-0.18544,0.4050401,,
2023,6.0,12.0,115126.0,0.0,117.0,2322.0,20.0303,-141.0,59.0,22.0,31.0,-9.0,-54.0,10.0,-2.0,-9.0,2.0,1.0,-1.0,-359.323,120.2329,97.08655,514.4551,-133.0067,-850.3708,-0.05818194,0.5127273,0.5090907,-0.3220789,0.30256,-0.08295995,,
2023,6.0,12.0,115126.0,0.0,118.0,2342.0,20.0,-141.0,58.0,23.0,31.0,-9.0,-54.0,9.0,-16.0,-11.0,3.0,1.0,-1.0,-359.285,118.1323,99.23612,514.4551,-133.0067,-850.3708,-0.1490911,-0.76,0.3272725,0.1659211,0.30256,-0.08295995,,
2023,6.0,12.0,115126.0,0.0,119.0,2362.0,20.0,-143.0,58.0,22.0,31.0,-9.0,-54.0,11.0,-4.0,-8.0,3.0,0.0,0.0,-364.013,118.3248,98.2333,514.4551,-133.0067,-850.3708,0.03272712,0.3309091,0.5999998,0.1659211,-0.18544,0.4050401,,
2023,6.0,12.0,115126.0,0.0,120.0,2382.0,20.0,-142.0,58.0,21.0,31.0,-9.0,-53.0,14.0,-15.0,-12.0,2.0,0.0,-1.0,-361.592,118.3099,96.51364,514.4551,-133.0067,-834.3382,0.3054544,-0.6690909,0.2363634,-0.3220789,-0.18544,-0.08295995,,
2023,6.0,12.0,115126.0,0.0,121.0,2402.0,20.0,-139.0,58.0,23.0,31.0,-9.0,-53.0,19.0,-5.0,-18.0,3.0,0.0,-1.0,-354.519,117.9941,98.75824,514.4551,-133.0067,-834.3382,0.7599999,0.24,-0.3090911,0.1659211,-0.18544,-0.08295995,,
2023,6.0,12.0,115126.0,0.0,122.0,2422.0,20.0,-140.0,60.0,22.0,31.0,-9.0,-54.0,6.0,-9.0,-16.0,2.0,0.0,-1.0,-357.016,122.2102,96.17874,514.4551,-133.0067,-850.3708,-0.4218183,-0.1236363,-0.127273,-0.3220789,-0.18544,-0.08295995,,
2023,6.0,12.0,115126.0,0.0,123.0,2442.0,20.0,-142.0,58.0,25.0,31.0,-9.0,-54.0,10.0,-2.0,-16.0,3.0,0.0,-1.0,-361.744,118.0928,102.4365,514.4551,-133.0067,-850.3708,-0.05818194,0.5127273,-0.127273,0.1659211,-0.18544,-0.08295995,,
2023,6.0,12.0,115126.0,0.0,124.0,2462.0,20.0,-140.0,60.0,23.0,31.0,-9.0,-54.0,7.0,-10.0,-8.0,3.0,0.0,0.0,-357.054,122.1559,97.65946,514.4551,-133.0067,-850.3708,-0.3309093,-0.2145454,0.5999998,0.1659211,-0.18544,0.4050401,,
2023,6.0,12.0,115126.0,0.0,125.0,2482.0,20.0,-138.0,59.0,23.0,31.0,-9.0,-53.0,6.0,-6.0,-17.0,2.0,0.0,-1.0,-352.212,119.9714,97.85042,514.4551,-133.0067,-834.3382,-0.4218183,0.1490909,-0.218182,-0.3220789,-0.18544,-0.08295995,,
2023,6.0,12.0,115126.0,0.0,126.0,2502.0,20.0,-141.0,60.0,22.0,31.0,-9.0,-54.0,10.0,-12.0,-22.0,3.0,0.0,-1.0,-359.399,122.2793,96.41769,514.4551,-133.0067,-850.3708,-0.05818194,-0.3963636,-0.6727275,0.1659211,-0.18544,-0.08295995,,
2023,6.0,12.0,115126.0,0.0,127.0,2522.0,20.0,-139.0,59.0,24.0,31.0,-9.0,-54.0,9.0,-11.0,-16.0,2.0,0.0,-1.0,-354.633,119.9861,99.57008,514.4551,-133.0067,-850.3708,-0.1490911,-0.3054545,-0.127273,-0.3220789,-0.18544,-0.08295995,,
2023,6.0,12.0,115126.0,0.0,128.0,2542.0,20.0,-140.0,59.0,24.0,31.0,-10.0,-54.0,13.0,2.0,-19.0,2.0,1.0,-1.0,-357.016,120.0553,99.80903,514.4551,-149.0394,-850.3708,0.2145452,0.8763637,-0.4000002,-0.3220789,0.30256,-0.08295995,,
2023,6.0,12.0,115126.0,0.0,129.0,2562.0,20.0,-141.0,59.0,22.0,31.0,-9.0,-54.0,10.0,-5.0,-15.0,3.0,-1.0,-1.0,-359.323,120.2329,97.08655,514.4551,-133.0067,-850.3708,-0.05818194,0.24,-0.03636384,0.1659211,-0.67344,-0.08295995,,
2023,6.0,12.0,115126.0,0.0,130.0,2582.0,20.0,-140.0,56.0,22.0,31.0,-9.0,-54.0,14.0,-8.0,-15.0,2.0,1.0,0.0,-356.712,114.0247,98.85418,514.4551,-133.0067,-850.3708,0.3054544,-0.03272724,-0.03636384,-0.3220789,0.30256,0.4050401,,
2023,6.0,12.0,115126.0,0.0,131.0,2602.0,20.0,-140.0,57.0,24.0,31.0,-9.0,-53.0,5.0,-8.0,-3.0,4.0,1.0,-1.0,-356.864,115.9625,101.1468,514.4551,-133.0067,-834.3382,-0.5127274,-0.03272724,1.054545,0.6539211,0.30256,-0.08295995,,
== yy1 ==============,,,,,,,,,,,,,,,,,,,,,,,,,,,,,,,,,
2023,6.0,12.0,115126.0,1.0,1.0,5042.0,0.0,-124.0,9.0,-167.0,-174.0,-162.0,391.0,-20.0,-39.0,55.0,2034.0,-489.0,440.0,-307.83,27.0,-153.3876,-2772.235,-2586.0,6284.15,-2.785455,-2.850909,6.327272,991.2939,-238.8174,215.125,,
2023,6.0,12.0,115126.0,1.0,2.0,5044.0,2.0,-125.0,6.0,-170.0,-174.0,-162.0,391.0,-20.0,-36.0,68.0,2034.0,-489.0,440.0,-309.871,21.09279,-155.5842,-2772.235,-2586.0,6284.15,-2.785455,-2.578182,7.50909,991.2939,-238.8174,215.125,,
2023,6.0,12.0,115126.0,1.0,3.0,5046.0,2.0,-125.0,3.0,-166.0,-166.0,-155.0,396.0,-16.0,-27.0,67.0,2075.0,-476.0,408.0,-309.795,14.73642,-147.6548,-2643.973,-2473.771,6364.314,-2.421818,-1.76,7.418181,1011.302,-232.4734,199.509,,
2023,6.0,12.0,115126.0,1.0,4.0,5048.0,2.0,-127.0,0.0,-167.0,-162.0,-151.0,398.0,-18.0,-34.0,54.0,2098.0,-467.0,397.0,-314.295,8.789734,-146.651,-2579.843,-2409.641,6396.379,-2.603637,-2.396363,6.236363,1022.526,-228.0814,194.1411,,
2023,6.0,12.0,115126.0,1.0,5.0,5050.0,2.0,-129.0,-5.0,-164.0,-159.0,-148.0,402.0,-11.0,-35.0,59.0,2127.0,-457.0,385.0,-318.795,-1.466934,-138.3866,-2531.745,-2361.543,6460.51,-1.967273,-2.487273,6.690909,1036.678,-223.2014,188.285,,
2023,6.0,12.0,115126.0,1.0,6.0,5052.0,2.0,-129.0,-4.0,-165.0,-155.0,-145.0,406.0,-16.0,-37.0,60.0,2157.0,-447.0,375.0,-318.833,0.6337585,-140.5362,-2467.615,-2313.445,6524.64,-2.421818,-2.669091,6.781818,1051.318,-218.3214,183.405,,
2023,6.0,12.0,115126.0,1.0,7.0,5054.0,2.0,-127.0,-6.0,-162.0,-152.0,-142.0,412.0,-23.0,-37.0,67.0,2191.0,-439.0,366.0,-314.029,-3.760117,-135.2343,-2419.517,-2265.347,6620.836,-3.058182,-2.669091,7.418181,1067.91,-214.4174,179.013,,
2023,6.0,12.0,115126.0,1.0,8.0,5056.0,2.0,-128.0,-7.0,-162.0,-149.0,-141.0,419.0,-18.0,-34.0,59.0,2226.0,-429.0,358.0,-316.336,-5.737411,-134.3265,-2371.419,-2249.314,6733.064,-2.603637,-2.396363,6.690909,1084.99,-209.5374,175.109,,
2023,6.0,12.0,115126.0,1.0,9.0,5058.0,2.0,-129.0,-11.0,-164.0,-145.0,-141.0,421.0,-22.0,-28.0,66.0,2256.0,-416.0,350.0,-318.339,-13.74532,-134.3734,-2307.288,-2249.314,6765.129,-2.967273,-1.850909,7.327272,1099.63,-203.1934,171.205,,
2023,6.0,12.0,115126.0,1.0,10.0,5060.0,2.0,-132.0,-10.0,-162.0,-143.0,-140.0,429.0,-12.0,-31.0,60.0,2291.0,-409.0,350.0,-325.64,-11.6002,-131.3641,-2275.223,-2233.281,6893.391,-2.058182,-2.123636,6.781818,1116.71,-199.7774,171.205,,
2023,6.0,12.0,115126.0,1.0,11.0,5062.0,2.0,-129.0,-13.0,-160.0,-138.0,-139.0,439.0,-15.0,-29.0,71.0,2327.0,-409.0,355.0,-318.339,-18.05528,-127.1129,-2195.06,-2217.249,7053.717,-2.330909,-1.941818,7.781818,1134.278,-199.7774,173.6451,,
2023,6.0,12.0,115126.0,1.0,12.0,5064.0,2.0,-130.0,-12.0,-160.0,-131.0,-144.0,448.0,-6.0,-29.0,69.0,2363.0,-415.0,360.0,-320.798,-15.93979,-127.5428,-2082.831,-2297.412,7198.011,-1.512727,-1.941818,7.6,1151.846,-202.7054,176.0851,,
2023,6.0,12.0,115126.0,1.0,13.0,5066.0,2.0,-131.0,-15.0,-157.0,-125.0,-146.0,455.0,-17.0,-35.0,70.0,2399.0,-428.0,368.0,-323.067,-22.17276,-120.8552,-1986.635,-2329.477,7310.239,-2.512727,-2.487273,7.690909,1169.414,-209.0494,179.989,,
2023,6.0,12.0,115126.0,1.0,14.0,5068.0,2.0,-133.0,-16.0,-156.0,-121.0,-149.0,462.0,-17.0,-32.0,70.0,2434.0,-448.0,379.0,-327.795,-24.13524,-118.2277,-1922.505,-2377.575,7422.467,-2.512727,-2.214545,7.690909,1186.494,-218.8094,185.357,,
2023,6.0,12.0,115126.0,1.0,15.0,5070.0,2.0,-132.0,-18.0,-154.0,-115.0,-153.0,468.0,-18.0,-40.0,77.0,2470.0,-475.0,390.0,-325.336,-28.40573,-114.1674,-1826.309,-2441.706,7518.663,-2.603637,-2.941818,8.327272,1204.062,-231.9854,190.7251,,
2023,6.0,12.0,115126.0,1.0,16.0,5072.0,2.0,-135.0,-18.0,-151.0,-110.0,-157.0,474.0,-11.0,-26.0,82.0,2503.0,-513.0,402.0,-332.599,-28.36128,-109.0085,-1746.146,-2505.836,7614.859,-1.967273,-1.669091,8.781818,1220.166,-250.5294,196.581,,
2023,6.0,12.0,115126.0,1.0,17.0,5074.0,2.0,-135.0,-20.0,-148.0,-107.0,-162.0,481.0,-7.0,-36.0,74.0,2536.0,-557.0,415.0,-332.561,-32.61697,-103.2286,-1698.048,-2586.0,7727.087,-1.603637,-2.578182,8.054545,1236.27,-272.0014,202.925,,
2023,6.0,12.0,115126.0,1.0,18.0,5076.0,2.0,-136.0,-20.0,-147.0,-103.0,-167.0,488.0,-9.0,-35.0,72.0,2566.0,-605.0,427.0,-334.982,-32.60217,-101.5089,-1633.918,-2666.163,7839.316,-1.785455,-2.487273,7.872727,1250.91,-295.4254,208.7811,,
2023,6.0,12.0,115126.0,1.0,19.0,5078.0,2.0,-132.0,-22.0,-142.0,-98.0,-172.0,494.0,-12.0,-43.0,81.0,2594.0,-663.0,440.0,-325.488,-37.24284,-93.72342,-1553.755,-2746.326,7935.512,-2.058182,-3.214545,8.690909,1264.574,-323.7294,215.125,,
2023,6.0,12.0,115126.0,1.0,20.0,5080.0,2.0,-136.0,-22.0,-140.0,-96.0,-177.0,501.0,-10.0,-37.0,81.0,2629.0,-725.0,450.0,-335.096,-37.07503,-89.80621,-1521.689,-2826.489,8047.74,-1.876364,-2.669091,8.690909,1281.654,-353.9854,220.0051,,
2023,6.0,12.0,115126.0,1.0,21.0,5082.0,2.0,-137.0,-22.0,-135.0,-96.0,-182.0,508.0,-10.0,-35.0,77.0,2668.0,-790.0,454.0,-337.669,-37.27739,-82.16368,-1521.689,-2906.652,8159.969,-1.876364,-2.487273,8.327272,1300.686,-385.7054,221.957,,
2023,6.0,12.0,115126.0,1.0,22.0,5084.0,2.0,-135.0,-23.0,-132.0,-100.0,-187.0,516.0,-6.0,-40.0,80.0,2711.0,-854.0,452.0,-332.941,-39.62487,-77.53058,-1585.82,-2986.815,8288.229,-1.512727,-2.941818,8.6,1321.67,-416.9374,220.981,,
2023,6.0,12.0,115126.0,1.0,23.0,5086.0,2.0,-140.0,-24.0,-129.0,-106.0,-194.0,525.0,-20.0,-32.0,85.0,2762.0,-910.0,444.0,-344.894,-41.48864,-71.22484,-1682.016,-3099.044,8432.523,-2.785455,-2.214545,9.054545,1346.558,-444.2654,217.077,,
2023,6.0,12.0,115126.0,1.0,24.0,5090.0,4.0,-140.0,-23.0,-115.0,-127.0,-210.0,549.0,-24.0,-43.0,94.0,2886.0,-997.0,402.0,-345.502,-40.20237,-51.16367,-2018.701,-3355.566,8817.307,-3.149091,-3.214545,9.872727,1407.07,-486.7214,196.581,,
2023,6.0,12.0,115126.0,1.0,25.0,5092.0,2.0,-140.0,-26.0,-112.0,-141.0,-221.0,563.0,-24.0,-46.0,88.0,2964.0,-1023.0,369.0,-345.388,-46.50444,-44.71495,-2243.158,-3531.925,9041.764,-3.149091,-3.487273,9.327272,1445.134,-499.4094,180.4771,,
2023,6.0,12.0,115126.0,1.0,26.0,5096.0,4.0,-141.0,-25.0,-98.0,-177.0,-251.0,597.0,-28.0,-56.0,98.0,3147.0,-1031.0,276.0,-348.379,-45.14906,-24.41487,-2820.333,-4012.904,9586.873,-3.512727,-4.396363,10.23636,1534.438,-503.3134,135.093,,
2023,6.0,12.0,115126.0,1.0,27.0,5098.0,2.0,-140.0,-26.0,-95.0,-199.0,-272.0,616.0,-34.0,-60.0,99.0,3250.0,-1008.0,217.0,-346.034,-47.42744,-19.5428,-3173.05,-4349.589,9891.493,-4.058182,-4.76,10.32727,1584.702,-492.0894,106.301,,
2023,6.0,12.0,115126.0,1.0,28.0,5100.0,2.0,-138.0,-26.0,-86.0,-247.0,-330.0,657.0,-34.0,-70.0,105.0,3485.0,-898.0,76.0,-341.61,-48.05428,-6.69426,-3942.617,-5279.482,10548.83,-4.058182,-5.669091,10.87273,1699.382,-438.4094,37.49304,,
2023,6.0,12.0,115126.0,1.0,29.0,5101.97,1.969697,-142.0,-25.0,-83.0,-267.0,-365.0,676.0,-46.0,-73.0,103.0,3612.0,-812.0,-1.0,-351.332,-45.89438,-1.965195,-4263.27,-5840.624,10853.45,-5.149091,-5.941818,10.69091,1761.358,-396.4414,-0.08295995,,
2023,6.0,12.0,115126.0,1.0,30.0,5104.0,2.030303,-138.0,-24.0,-78.0,-283.0,-401.0,692.0,-39.0,-77.0,107.0,3742.0,-709.0,-74.0,-342.066,-44.39585,3.813736,-4519.792,-6417.799,11109.97,-4.512727,-6.305454,11.05455,1824.798,-346.1774,-35.70696,,
2023,6.0,12.0,115126.0,1.0,31.0,5106.0,2.0,-140.0,-27.0,-72.0,-285.0,-424.0,714.0,-49.0,-88.0,104.0,3894.0,-606.0,-164.0,-346.832,-50.7226,15.1825,-4551.857,-6786.549,11462.69,-5.421818,-7.305454,10.78182,1898.974,-295.9134,-79.62696,,
2023,6.0,12.0,115126.0,1.0,32.0,5108.0,2.0,-140.0,-25.0,-67.0,-299.0,-495.0,712.0,-48.0,-92.0,113.0,3978.0,-459.0,-246.0,-347.174,-46.90128,21.24835,-4776.313,-7924.866,11430.63,-5.330909,-7.66909,11.6,1939.966,-224.1774,-119.643,,
2023,6.0,12.0,115126.0,1.0,33.0,5110.0,2.0,-138.0,-27.0,-65.0,-324.0,-537.0,725.0,-51.0,-91.0,109.0,4081.0,-303.0,-282.0,-342.332,-51.24087,25.06961,-5177.129,-8598.236,11639.05,-5.603636,-7.578181,11.23636,1990.23,-148.0494,-137.211,,
2023,6.0,12.0,115126.0,1.0,34.0,5112.0,2.0,-135.0,-26.0,-61.0,-321.0,-570.0,732.0,-46.0,-99.0,105.0,4213.0,-123.0,-324.0,-335.411,-49.61895,29.60677,-5129.032,-9127.313,11751.28,-5.149091,-8.305454,10.87273,2054.646,-60.20944,-157.707,,
2023,6.0,12.0,115126.0,1.0,35.0,5114.0,2.0,-138.0,-26.0,-59.0,-297.0,-608.0,718.0,-42.0,-114.0,115.0,4279.0,52.0,-377.0,-342.636,-49.52023,33.28505,-4744.249,-9736.554,11526.82,-4.785455,-9.66909,11.78182,2086.854,25.19056,-183.571,,
2023,6.0,12.0,115126.0,1.0,36.0,5120.0,6.0,-138.0,-24.0,-53.0,-281.0,-741.0,791.0,-37.0,-129.0,122.0,4566.0,503.0,-432.0,-343.016,-45.75321,40.8316,-4487.726,-11868.89,12697.2,-4.330909,-11.03273,12.41818,2226.91,245.2786,-210.411,,
2023,6.0,12.0,115126.0,1.0,37.0,5122.0,2.0,-140.0,-25.0,-54.0,-246.0,-773.0,798.0,-31.0,-130.0,121.0,4655.0,647.0,-435.0,-347.668,-47.60711,40.49763,-3926.584,-12381.94,12809.43,-3.785455,-11.12364,12.32727,2270.342,315.5506,-211.875,,
2023,6.0,12.0,115126.0,1.0,38.0,5126.0,4.0,-141.0,-22.0,-54.0,-198.0,-844.0,797.0,-17.0,-138.0,121.0,4750.0,850.0,-404.0,-350.279,-41.39882,38.73,-3157.018,-13520.25,12793.4,-2.512727,-11.85091,12.32727,2316.702,414.6146,-196.747,,
2023,6.0,12.0,115126.0,1.0,39.0,5128.0,2.0,-137.0,-23.0,-55.0,-168.0,-881.0,801.0,-11.0,-151.0,124.0,4783.0,930.0,-375.0,-340.633,-43.66732,36.96237,-2676.039,-14113.46,12857.53,-1.967273,-13.03273,12.6,2332.806,453.6546,-182.595,,
2023,6.0,12.0,115126.0,1.0,40.0,5130.0,2.0,-140.0,-21.0,-57.0,-132.0,-915.0,804.0,-21.0,-154.0,124.0,4812.0,991.0,-340.0,-347.858,-39.25864,33.38005,-2098.864,-14658.57,12905.63,-2.876364,-13.30545,12.6,2346.958,483.4226,-165.515,,
2023,6.0,12.0,115126.0,1.0,41.0,5132.03,2.030303,-141.0,-21.0,-57.0,-98.0,-943.0,802.0,3.0,-157.0,124.0,4830.0,1022.0,-294.0,-350.241,-39.18954,33.619,-1553.755,-15107.49,12873.56,-0.6945456,-13.57818,12.6,2355.742,498.5506,-143.067,,
2023,6.0,12.0,115126.0,1.0,42.0,5134.0,1.969697,-141.0,-20.0,-57.0,-39.0,-927.0,816.0,10.0,-162.0,116.0,4880.0,976.0,-309.0,-350.317,-37.14314,32.95015,-607.8292,-14850.96,13098.02,-0.05818194,-14.03273,11.87273,2380.142,476.1026,-150.387,,
2023,6.0,12.0,115126.0,1.0,43.0,5136.0,2.0,-138.0,-21.0,-59.0,-17.0,-1002.0,792.0,10.0,-171.0,121.0,4805.0,941.0,-264.0,-343.016,-39.28826,29.94073,-255.1113,-16053.41,12713.24,-0.05818194,-14.85091,12.32727,2343.542,459.0226,-128.427,,
2023,6.0,12.0,115126.0,1.0,44.0,5138.0,2.0,-140.0,-20.0,-62.0,-49.0,-1050.0,766.0,7.0,-167.0,122.0,4730.0,964.0,-137.0,-347.744,-36.94077,25.30762,-768.1555,-16822.98,12296.39,-0.3309093,-14.48727,12.41818,2306.942,470.2466,-66.45097,,
2023,6.0,12.0,115126.0,1.0,45.0,5140.0,2.0,-139.0,-17.0,-62.0,0.0,-1033.0,763.0,18.0,-171.0,119.0,4745.0,1010.0,-76.0,-345.589,-30.87068,23.06209,17.4435,-16550.42,12248.29,0.6690907,-14.85091,12.14545,2314.262,492.6946,-36.68296,,
2023,6.0,12.0,115126.0,1.0,46.0,5142.0,2.0,-139.0,-17.0,-65.0,45.0,-1059.0,760.0,11.0,-173.0,118.0,4711.0,977.0,-37.0,-345.475,-30.70779,18.61995,738.912,-16967.27,12200.19,0.03272712,-15.03273,12.05455,2297.67,476.5906,-17.65096,,
2023,6.0,12.0,115126.0,1.0,47.0,5144.0,2.0,-138.0,-17.0,-63.0,54.0,-1084.0,745.0,18.0,-180.0,121.0,4621.0,881.0,38.0,-343.168,-30.88548,21.34241,883.2056,-17368.09,11959.7,0.6690907,-15.66909,12.32727,2253.75,429.7426,18.94904,,
2023,6.0,12.0,115126.0,1.0,48.0,5146.0,2.0,-138.0,-16.0,-67.0,66.0,-1085.0,712.0,20.0,-177.0,114.0,4543.0,794.0,103.0,-343.092,-28.62192,14.7507,1075.597,-17384.12,11430.63,0.850909,-15.39636,11.69091,2215.686,387.2866,50.66904,,
2023,6.0,12.0,115126.0,1.0,49.0,5148.0,2.0,-140.0,-13.0,-67.0,76.0,-1082.0,689.0,21.0,-177.0,112.0,4478.0,724.0,150.0,-348.086,-22.34453,13.22202,1235.924,-17336.02,11061.88,0.941818,-15.39636,11.50909,2183.966,353.1266,73.60504,,
2023,6.0,12.0,115126.0,1.0,50.0,5150.0,2.0,-142.0,-13.0,-68.0,80.0,-1088.0,688.0,26.0,-176.0,101.0,4400.0,639.0,200.0,-352.814,-22.15202,12.21919,1300.054,-17432.22,11045.84,1.396363,-15.30545,10.50909,2145.902,311.6466,98.00504,,
2023,6.0,12.0,115126.0,1.0,51.0,5152.0,2.0,-137.0,-16.0,-67.0,81.0,-1102.0,691.0,18.0,-179.0,104.0,4320.0,527.0,250.0,-340.709,-28.69101,14.51176,1316.087,-17656.67,11093.94,0.6690907,-15.57818,10.78182,2106.862,256.9906,122.405,,
2023,6.0,12.0,115126.0,1.0,52.0,5154.0,2.0,-140.0,-14.0,-69.0,78.0,-1112.0,687.0,14.0,-175.0,114.0,4244.0,424.0,308.0,-347.934,-24.28233,10.92943,1267.989,-17817.0,11029.81,0.3054544,-15.21455,11.69091,2069.774,206.7266,150.709,,
2023,6.0,12.0,115126.0,1.0,53.0,5156.0,2.0,-140.0,-9.0,-67.0,75.0,-1119.0,695.0,16.0,-184.0,101.0,4184.0,324.0,354.0,-348.39,-14.15894,10.54657,1219.891,-17929.23,11158.07,0.4872726,-16.03273,10.50909,2040.494,157.9266,173.157,,
2023,6.0,12.0,115126.0,1.0,54.0,5158.0,2.0,-140.0,-10.0,-67.0,70.0,-1132.0,708.0,14.0,-185.0,111.0,4142.0,212.0,381.0,-348.314,-16.20534,11.21542,1139.728,-18137.65,11366.5,0.3054544,-16.12364,11.41818,2019.998,103.2706,186.3331,,
2023,6.0,12.0,115126.0,1.0,55.0,5160.03,2.030303,-139.0,-8.0,-66.0,58.0,-1151.0,725.0,14.0,-196.0,116.0,4110.0,99.0,397.0,-346.121,-12.23593,11.11948,947.3362,-18442.27,11639.05,0.3054544,-17.12364,11.87273,2004.382,48.12656,194.1411,,
2023,6.0,12.0,115126.0,1.0,56.0,5162.0,1.969697,-140.0,-7.0,-64.0,49.0,-1179.0,748.0,19.0,-202.0,124.0,4096.0,-5.0,403.0,-348.656,-10.22902,13.65099,803.0425,-18891.19,12007.8,0.7599999,-17.66909,12.6,1997.55,-2.62544,197.069,,
2023,6.0,12.0,115126.0,1.0,57.0,5164.0,2.0,-138.0,-3.0,-64.0,37.0,-1218.0,775.0,8.0,-216.0,134.0,4100.0,-102.0,397.0,-344.194,-2.181641,10.49765,610.6509,-19516.46,12440.68,-0.2400001,-18.94182,13.50909,1999.502,-49.96144,194.1411,,
2023,6.0,12.0,115126.0,1.0,58.0,5166.0,2.0,-138.0,-2.0,-60.0,24.0,-1263.0,809.0,10.0,-216.0,144.0,4124.0,-189.0,378.0,-344.422,-0.352417,15.75165,402.2267,-20237.93,12985.79,-0.05818194,-18.94182,14.41818,2011.214,-92.41744,184.869,,
2023,6.0,12.0,115126.0,1.0,59.0,5168.0,2.0,-139.0,-3.0,-59.0,12.0,-1309.0,846.0,8.0,-228.0,140.0,4170.0,-264.0,345.0,-346.767,-2.384003,18.14017,209.8351,-20975.43,13579.0,-0.2400001,-20.03273,14.05455,2033.662,-129.0174,168.765,,
2023,6.0,12.0,115126.0,1.0,60.0,5170.0,2.0,-139.0,-1.0,-57.0,2.0,-1365.0,884.0,2.0,-236.0,148.0,4229.0,-333.0,301.0,-346.995,1.600204,19.76387,49.50877,-21873.26,14188.24,-0.7854547,-20.76,14.78182,2062.454,-162.6894,147.293,,
2023,6.0,12.0,115126.0,1.0,61.0,5172.0,2.0,-138.0,0.0,-56.0,-12.0,-1431.0,928.0,4.0,-251.0,150.0,4304.0,-396.0,243.0,-344.726,3.523193,20.33678,-174.9481,-22931.41,14893.67,-0.6036365,-22.12364,14.96364,2099.054,-193.4334,118.989,,
2023,6.0,12.0,115126.0,1.0,62.0,5174.0,2.0,-138.0,5.0,-56.0,-25.0,-1512.0,977.0,1.0,-269.0,166.0,4392.0,-446.0,171.0,-345.106,13.75519,16.99248,-383.3723,-24230.05,15679.27,-0.8763638,-23.76,16.41818,2141.998,-217.8334,83.85303,,
2023,6.0,12.0,115126.0,1.0,63.0,5176.0,2.0,-137.0,2.0,-53.0,-36.0,-1606.0,1028.0,4.0,-294.0,173.0,4486.0,-487.0,89.0,-342.609,7.384003,23.20227,-559.7313,-25737.12,16496.94,-0.6036365,-26.03273,17.05455,2187.87,-237.8414,43.83704,,
2023,6.0,12.0,115126.0,1.0,64.0,5178.0,2.0,-141.0,7.0,-51.0,-51.0,-1712.0,1080.0,-1.0,-300.0,183.0,4584.0,-513.0,-6.0,-352.597,17.78381,23.77515,-800.2208,-27436.58,17330.63,-1.058182,-26.57818,17.96364,2235.694,-250.5294,-2.52296,,
2023,6.0,12.0,115126.0,1.0,65.0,5180.0,2.0,-141.0,7.0,-49.0,-64.0,-1830.0,1132.0,-6.0,-331.0,194.0,4689.0,-528.0,-103.0,-352.673,17.67522,26.73659,-1008.645,-29328.43,18164.33,-1.512727,-29.39636,18.96364,2286.934,-257.8494,-49.85896,,
2023,6.0,12.0,115126.0,1.0,66.0,5186.0,6.0,-137.0,10.0,-41.0,-66.0,-2048.0,1276.0,5.0,-398.0,204.0,5032.0,-554.0,-384.0,-343.673,23.10365,35.61995,-1040.71,-32823.54,20473.03,-0.5127274,-35.48727,19.87273,2454.318,-270.5374,-186.987,,
2023,6.0,12.0,115126.0,1.0,67.0,5188.0,2.0,-138.0,10.0,-40.0,-52.0,-2048.0,1312.0,1.0,-413.0,206.0,5141.0,-584.0,-461.0,-346.094,23.11845,37.3396,-816.2534,-32823.54,21050.21,-0.8763638,-36.85091,20.05454,2507.51,-285.1774,-224.563,,
2023,6.0,12.0,115126.0,1.0,68.0,5192.0,4.0,-136.0,12.0,-38.0,-4.0,-2048.0,1360.0,13.0,-470.0,220.0,5312.0,-720.0,-594.0,-341.556,26.96446,38.48541,-46.68703,-32823.54,21819.77,0.2145452,-42.03273,21.32727,2590.958,-351.5454,-289.467,,
2023,6.0,12.0,115126.0,1.0,69.0,5194.0,2.0,-135.0,11.0,-32.0,16.0,-2048.0,1381.0,21.0,-506.0,220.0,5354.0,-850.0,-664.0,-339.325,24.52319,47.79962,273.9656,-32823.54,22156.46,0.941818,-45.30545,21.32727,2611.454,-414.9854,-323.627,,
2023,6.0,12.0,115126.0,1.0,70.0,5196.0,2.0,-137.0,10.0,-31.0,25.0,-2048.0,1393.0,11.0,-523.0,218.0,5361.0,-1010.0,-734.0,-344.053,22.56071,50.42709,418.2593,-32823.54,22348.85,0.03272712,-46.85091,21.14545,2614.87,-493.0654,-357.787,,
2023,6.0,12.0,115126.0,1.0,71.0,5198.0,2.0,-138.0,12.0,-29.0,25.0,-2048.0,1395.0,14.0,-554.0,223.0,5337.0,-1170.0,-797.0,-346.664,26.61401,52.28975,418.2593,-32823.54,22380.91,0.3054544,-49.66909,21.6,2603.158,-571.1454,-388.531,,
2023,6.0,12.0,115126.0,1.0,72.0,5200.0,2.0,-136.0,13.0,-24.0,23.0,-2048.0,1387.0,21.0,-571.0,224.0,5274.0,-1330.0,-843.0,-342.164,28.25075,58.54656,386.1941,-32823.54,22252.65,0.941818,-51.21455,21.69091,2572.414,-649.2254,-410.979,,
2023,6.0,12.0,115126.0,1.0,73.0,5202.0,2.0,-135.0,11.0,-18.0,18.0,-2048.0,1371.0,17.0,-597.0,218.0,5176.0,-1484.0,-883.0,-339.857,23.76308,68.52963,306.0309,-32823.54,21996.13,0.5781816,-53.57818,21.14545,2524.59,-724.3774,-430.499,,
2023,6.0,12.0,115126.0,1.0,74.0,5204.0,2.0,-134.0,14.0,-14.0,15.0,-2048.0,1351.0,21.0,-600.0,208.0,5033.0,-1629.0,-924.0,-337.854,29.616,72.20696,257.933,-32823.54,21675.48,0.941818,-53.85091,20.23636,2454.806,-795.1375,-450.507,,
2023,6.0,12.0,115126.0,1.0,75.0,5206.0,2.0,-134.0,13.0,-8.0,36.0,-2048.0,1331.0,33.0,-620.0,217.0,4851.0,-1776.0,-969.0,-338.006,27.24384,81.76012,594.6183,-32823.54,21354.82,2.032727,-55.66909,21.05454,2365.99,-866.8734,-472.467,,
2023,6.0,12.0,115126.0,1.0,76.0,5208.0,2.0,-132.0,13.0,1.0,81.0,-2048.0,1306.0,44.0,-638.0,211.0,4634.0,-1957.0,-1026.0,-333.582,26.61697,94.60866,1316.087,-32823.54,20954.01,3.032727,-57.30545,20.50909,2260.094,-955.2014,-500.283,,
2023,6.0,12.0,115126.0,1.0,77.0,5210.0,2.0,-132.0,16.0,11.0,143.0,-2048.0,1276.0,42.0,-654.0,216.0,4369.0,-2198.0,-1113.0,-334.19,32.21323,107.4092,2310.11,-32823.54,20473.03,2.850909,-58.76,20.96364,2130.774,-1072.809,-542.739,,
2023,6.0,12.0,115126.0,1.0,78.0,5216.0,6.0,-125.0,14.0,41.0,324.0,-2048.0,1307.0,67.0,-700.0,236.0,3300.0,-3357.0,-1588.0,-318.497,26.0079,151.4958,5212.017,-32823.54,20970.04,5.123636,-62.94182,22.78182,1609.102,-1638.401,-774.539,,
2023,6.0,12.0,115126.0,1.0,79.0,5218.0,2.0,-121.0,14.0,53.0,370.0,-2048.0,1365.0,67.0,-716.0,255.0,2876.0,-3923.0,-1798.0,-309.421,25.07996,168.3086,5949.518,-32823.54,21899.94,5.123636,-64.39637,24.50909,1402.19,-1914.609,-877.019,,
2023,6.0,12.0,115126.0,1.0,80.0,5222.0,4.0,-107.0,10.0,88.0,341.0,-2048.0,1554.0,37.0,-769.0,317.0,1937.0,-5305.0,-2318.0,-277.085,14.02666,219.4638,5484.571,-32823.54,24930.1,2.396363,-69.21455,30.14545,943.9579,-2589.026,-1130.779,,
2023,6.0,12.0,115126.0,1.0,81.0,5224.0,2.0,-101.0,5.0,103.0,253.0,-2048.0,1726.0,6.0,-801.0,357.0,1418.0,-6068.0,-2634.0,-262.977,2.565643,243.5851,4073.699,-32823.54,27687.71,-0.4218183,-72.12364,33.78182,690.6859,-2961.37,-1284.987,,
2023,6.0,12.0,115126.0,1.0,82.0,5226.0,2.0,-82.0,3.0,125.0,119.0,-2048.0,1945.0,-35.0,-829.0,393.0,865.0,-6874.0,-2990.0,-218.384,-4.034546,272.9586,1925.327,-32823.54,31198.86,-4.149091,-74.6691,37.05455,420.8219,-3354.698,-1458.715,,
2023,6.0,12.0,115126.0,1.0,83.0,5228.0,2.0,-67.0,-5.0,143.0,-49.0,-2048.0,-2048.0,-69.0,-866.0,424.0,269.0,-7687.0,-3349.0,-182.715,-22.41954,301.3782,-768.1555,-32823.54,-32819.44,-7.24,-78.03273,39.87273,129.9739,-3751.442,-1633.907,,
2023,6.0,12.0,115126.0,1.0,84.0,5230.0,2.0,-48.0,-8.0,159.0,-202.0,-2048.0,-2048.0,-102.0,-930.0,485.0,-387.0,-8192.0,-3693.0,-137.818,-30.74037,322.5362,-3221.148,-32823.54,-32819.44,-10.24,-83.85091,45.41818,-190.1541,-3997.882,-1801.779,,
2023,6.0,12.0,115126.0,1.0,85.0,5232.0,2.0,-22.0,-13.0,172.0,-347.0,-2048.0,-2048.0,-117.0,-994.0,564.0,-1111.0,-8192.0,-4069.0,-75.974,-43.47483,338.9172,-5545.88,-32823.54,-32819.44,-11.60364,-89.6691,52.6,-543.4661,-3997.882,-1985.267,,
2023,6.0,12.0,115126.0,1.0,86.0,5234.0,2.0,5.0,-18.0,175.0,-417.0,-2048.0,-2048.0,-207.0,-1064.0,636.0,-1718.0,-8192.0,-4498.0,-11.367,-55.73544,340.2521,-6668.164,-32823.54,-32819.44,-19.78546,-96.03273,59.14545,-839.6821,-3997.882,-2194.619,,
2023,6.0,12.0,115126.0,1.0,87.0,5240.0,6.0,110.0,19.0,149.0,-232.0,-2048.0,-2048.0,-157.0,-894.0,334.0,2691.0,-8192.0,-8192.0,237.024,14.13722,251.9163,-3702.127,-32823.54,-32819.44,-15.24,-80.57819,31.69091,1311.91,-3997.882,-3997.291,,
2023,6.0,12.0,115126.0,1.0,88.0,5242.0,2.0,129.0,65.0,114.0,236.0,-2048.0,-2048.0,-142.0,-682.0,357.0,6231.0,-8192.0,-8192.0,280.135,108.8588,164.7836,3801.145,-32823.54,-32819.44,-13.87636,-61.30545,33.78182,3039.43,-3997.882,-3997.291,,
2023,6.0,12.0,115126.0,1.0,89.0,5246.0,4.0,73.0,150.0,-15.0,693.0,-2029.0,1289.0,-271.0,74.0,-164.0,8191.0,-8192.0,-8192.0,145.129,293.6762,-69.70085,11128.06,-32518.92,20681.46,-25.60364,7.421818,-13.58182,3995.91,-3997.882,-3997.291,,
2023,6.0,12.0,115126.0,1.0,90.0,5248.0,2.0,6.0,154.0,-75.0,67.0,-362.0,223.0,-261.0,68.0,-169.0,8191.0,-8192.0,-8192.0,-12.556,309.7493,-145.2098,1091.63,-5792.526,3590.668,-24.69455,6.876364,-14.03636,3995.91,-3997.882,-3997.291,,
2023,6.0,12.0,115126.0,1.0,91.0,5250.0,2.0,-66.0,125.0,-108.0,71.0,-307.0,207.0,-265.0,83.0,-169.0,8191.0,-8192.0,-8192.0,-180.674,257.1708,-157.4723,1155.76,-4910.731,3334.146,-25.05818,8.24,-14.03636,3995.91,-3997.882,-3997.291,,
2023,6.0,12.0,115126.0,1.0,92.0,5252.0,2.0,-120.0,73.0,-101.0,82.0,-289.0,197.0,-265.0,77.0,-169.0,8191.0,-8192.0,-8192.0,-305.67,154.1096,-99.42334,1332.119,-4622.144,3173.82,-25.05818,7.694546,-14.03636,3995.91,-3997.882,-3997.291,,
2023,6.0,12.0,115126.0,1.0,93.0,5254.0,2.0,-139.0,10.0,-65.0,77.0,-272.0,185.0,-258.0,74.0,-164.0,8191.0,-8192.0,-8192.0,-347.527,24.54492,0.5606842,1251.956,-4349.589,2981.428,-24.42182,7.421818,-13.58182,3995.91,-3997.882,-3997.291,,
2023,6.0,12.0,115126.0,1.0,94.0,5256.0,2.0,-125.0,-43.0,-5.0,66.0,-265.0,181.0,-265.0,77.0,-164.0,8191.0,-8192.0,-8192.0,-312.417,-88.13919,121.508,1075.597,-4237.361,2917.298,-25.05818,7.694546,-13.58182,3995.91,-3997.882,-3997.291,,
2023,6.0,12.0,115126.0,1.0,95.0,5258.0,2.0,-77.0,-76.0,67.0,54.0,-264.0,170.0,-267.0,76.0,-165.0,8191.0,-8192.0,-8192.0,-198.261,-162.8963,238.7225,883.2056,-4221.328,2740.939,-25.24,7.603637,-13.67273,3995.91,-3997.882,-3997.291,,
2023,6.0,12.0,115126.0,1.0,96.0,5260.0,2.0,-7.0,-72.0,123.0,36.0,-263.0,162.0,-263.0,73.0,-179.0,8191.0,-8192.0,-8192.0,-33.883,-162.5883,302.2408,594.6183,-4205.295,2612.678,-24.87636,7.330909,-14.94546,3995.91,-3997.882,-3997.291,,
2023,6.0,12.0,115126.0,1.0,97.0,5262.0,2.0,63.0,-40.0,149.0,21.0,-269.0,161.0,-264.0,69.0,-180.0,8191.0,-8192.0,-8192.0,129.507,-103.3524,302.6096,354.1288,-4301.491,2596.645,-24.96727,6.967273,-15.03636,3995.91,-3997.882,-3997.291,,
2023,6.0,12.0,115126.0,1.0,98.0,5264.0,2.0,111.0,16.0,143.0,17.0,-279.0,166.0,-271.0,67.0,-179.0,8191.0,-8192.0,-8192.0,239.863,8.254684,244.7996,289.9983,-4461.817,2676.808,-25.60364,6.785455,-14.94546,3995.91,-3997.882,-3997.291,,
2023,6.0,12.0,115126.0,1.0,99.0,5266.0,2.0,129.0,79.0,100.0,16.0,-292.0,176.0,-261.0,63.0,-166.0,8191.0,-8192.0,-8192.0,279.603,138.2685,134.6895,273.9656,-4670.242,2837.135,-24.69455,6.421818,-13.76364,3995.91,-3997.882,-3997.291,,
2023,6.0,12.0,115126.0,1.0,100.0,5268.0,2.0,108.0,128.0,37.0,24.0,-303.0,189.0,-262.0,70.0,-167.0,8191.0,-8192.0,-8192.0,228.23,243.4136,13.64816,402.2267,-4846.601,3045.559,-24.78546,7.058182,-13.85455,3995.91,-3997.882,-3997.291,,
2023,6.0,12.0,115126.0,1.0,101.0,5270.0,2.0,59.0,154.0,-36.0,40.0,-301.0,199.0,-261.0,71.0,-171.0,8191.0,-8192.0,-8192.0,112.261,303.9694,-100.1261,658.7488,-4814.535,3205.885,-24.69455,7.149091,-14.21818,3995.91,-3997.882,-3997.291,,
2023,6.0,12.0,115126.0,1.0,102.0,5272.0,2.0,-15.0,148.0,-89.0,56.0,-288.0,198.0,-251.0,66.0,-174.0,8191.0,-8192.0,-8192.0,-61.61099,299.6821,-156.9088,915.2709,-4606.111,3189.853,-23.78546,6.694546,-14.49091,3995.91,-3997.882,-3997.291,,
2023,6.0,12.0,115126.0,1.0,103.0,5274.0,2.0,-77.0,111.0,-114.0,68.0,-275.0,193.0,-250.0,69.0,-179.0,8191.0,-8192.0,-8192.0,-205.595,229.6071,-154.3641,1107.662,-4397.687,3109.689,-23.69455,6.967273,-14.94546,3995.91,-3997.882,-3997.291,,
2023,6.0,12.0,115126.0,1.0,104.0,5276.0,2.0,-125.0,55.0,-104.0,72.0,-263.0,185.0,-259.0,70.0,-173.0,8191.0,-8192.0,-8192.0,-316.103,117.7828,-90.63123,1171.793,-4205.295,2981.428,-24.51273,7.058182,-14.4,3995.91,-3997.882,-3997.291,,
2023,6.0,12.0,115126.0,1.0,105.0,5278.0,2.0,-139.0,-5.0,-56.0,68.0,-254.0,177.0,-263.0,70.0,-170.0,8191.0,-8192.0,-8192.0,-346.729,-6.639679,23.92006,1107.662,-4061.002,2853.167,-24.87636,7.058182,-14.12727,3995.91,-3997.882,-3997.291,,
2023,6.0,12.0,115126.0,1.0,106.0,5280.0,2.0,-114.0,-53.0,11.0,61.0,-251.0,166.0,-265.0,71.0,-176.0,8191.0,-8192.0,-8192.0,-286.052,-110.232,149.2596,995.4341,-4012.904,2676.808,-25.05818,7.149091,-14.67273,3995.91,-3997.882,-3997.291,,
2023,6.0,12.0,115126.0,1.0,107.0,5282.0,2.0,-62.0,-77.0,80.0,51.0,-250.0,155.0,-263.0,67.0,-179.0,8191.0,-8192.0,-8192.0,-162.934,-166.6851,255.0565,835.1078,-3996.871,2500.449,-24.87636,6.785455,-14.94546,3995.91,-3997.882,-3997.291,,
2023,6.0,12.0,115126.0,1.0,108.0,5284.0,2.0,9.0,-68.0,128.0,33.0,-251.0,149.0,-263.0,72.0,-168.0,8191.0,-8192.0,-8192.0,3.750999,-155.7799,303.1458,546.5204,-4012.904,2404.254,-24.87636,7.24,-13.94545,3995.91,-3997.882,-3997.291,,
2023,6.0,12.0,115126.0,1.0,109.0,5286.0,2.0,76.0,-29.0,151.0,21.0,-259.0,151.0,-258.0,66.0,-169.0,8191.0,-8192.0,-8192.0,159.574,-81.84897,295.1072,354.1288,-4141.165,2436.319,-24.42182,6.694546,-14.03636,3995.91,-3997.882,-3997.291,,
2023,6.0,12.0,115126.0,1.0,110.0,5288.0,2.0,121.0,31.0,139.0,13.0,-271.0,157.0,-270.0,62.0,-169.0,8191.0,-8192.0,-8192.0,262.705,38.47681,226.4544,225.8677,-4333.557,2532.515,-25.51273,6.330909,-14.03636,3995.91,-3997.882,-3997.291,,
2023,6.0,12.0,115126.0,1.0,111.0,5290.0,2.0,128.0,91.0,86.0,10.0,-285.0,171.0,-264.0,62.0,-168.0,8191.0,-8192.0,-8192.0,276.84,163.6545,106.1721,177.7698,-4558.013,2756.971,-24.96727,6.330909,-13.94545,3995.91,-3997.882,-3997.291,,
2023,6.0,12.0,115126.0,1.0,112.0,5292.0,2.0,103.0,138.0,19.0,20.0,-294.0,188.0,-251.0,69.0,-171.0,8191.0,-8192.0,-8192.0,216.239,265.2004,-18.4986,338.0962,-4702.307,3029.526,-23.78546,6.967273,-14.21818,3995.91,-3997.882,-3997.291,,
2023,6.0,12.0,115126.0,1.0,113.0,5294.0,2.0,45.0,155.0,-53.0,38.0,-291.0,197.0,-259.0,63.0,-167.0,8191.0,-8192.0,-8192.0,79.469,307.9063,-122.6218,626.6835,-4654.209,3173.82,-24.51273,6.421818,-13.85455,3995.91,-3997.882,-3997.291,,
2023,6.0,12.0,115126.0,1.0,114.0,5296.0,2.0,-27.0,141.0,-103.0,54.0,-277.0,196.0,-251.0,63.0,-177.0,8191.0,-8192.0,-8192.0,-89.14301,286.9467,-170.0894,883.2056,-4429.752,3157.787,-23.78546,6.421818,-14.76364,3995.91,-3997.882,-3997.291,,
2023,6.0,12.0,115126.0,1.0,115.0,5298.0,2.0,-94.0,99.0,-123.0,65.0,-266.0,187.0,-256.0,72.0,-167.0,8191.0,-8192.0,-8192.0,-244.852,206.7137,-155.6021,1059.565,-4253.393,3013.494,-24.24,7.24,-13.85455,3995.91,-3997.882,-3997.291,,
2023,6.0,12.0,115126.0,1.0,116.0,5300.0,2.0,-132.0,39.0,-104.0,66.0,-255.0,177.0,-250.0,60.0,-169.0,8191.0,-8192.0,-8192.0,-331.568,85.52419,-78.25682,1075.597,-4077.034,2853.167,-23.69455,6.149091,-14.03636,3995.91,-3997.882,-3997.291,,
2023,6.0,12.0,115126.0,1.0,117.0,5302.0,2.0,-136.0,-20.0,-50.0,59.0,-245.0,169.0,-256.0,75.0,-169.0,8191.0,-8192.0,-8192.0,-338.668,-37.86871,42.12041,963.3688,-3916.708,2724.906,-24.24,7.512728,-14.03636,3995.91,-3997.882,-3997.291,,
2023,6.0,12.0,115126.0,1.0,118.0,5304.0,2.0,-107.0,-64.0,23.0,52.0,-242.0,160.0,-253.0,74.0,-177.0,8191.0,-8192.0,-8192.0,-268.991,-133.8776,172.7131,851.1404,-3868.61,2580.613,-23.96727,7.421818,-14.76364,3995.91,-3997.882,-3997.291,,
2023,6.0,12.0,115126.0,1.0,119.0,5306.0,2.0,-47.0,-79.0,93.0,41.0,-240.0,149.0,-257.0,62.0,-177.0,8191.0,-8192.0,-8192.0,-127.531,-172.5202,272.0593,674.7814,-3836.545,2404.254,-24.33091,6.330909,-14.76364,3995.91,-3997.882,-3997.291,,
2023,6.0,12.0,115126.0,1.0,120.0,5308.0,2.0,24.0,-63.0,138.0,21.0,-243.0,141.0,-260.0,61.0,-180.0,8191.0,-8192.0,-8192.0,38.736,-147.1273,311.0245,354.1288,-3884.643,2275.992,-24.60364,6.24,-15.03636,3995.91,-3997.882,-3997.291,,
2023,6.0,12.0,115126.0,1.0,121.0,5310.0,2.0,88.0,-19.0,153.0,7.0,-251.0,141.0,-265.0,63.0,-178.0,8191.0,-8192.0,-8192.0,187.334,-62.32281,288.5127,129.6719,-4012.904,2275.992,-25.05818,6.421818,-14.85455,3995.91,-3997.882,-3997.291,,
2023,6.0,12.0,115126.0,1.0,122.0,5312.0,2.0,124.0,44.0,129.0,2.0,-262.0,149.0,-261.0,51.0,-167.0,8191.0,-8192.0,-8192.0,269.246,65.4156,202.2352,49.50877,-4189.263,2404.254,-24.69455,5.330909,-13.85455,3995.91,-3997.882,-3997.291,,
2023,6.0,12.0,115126.0,1.0,123.0,5314.0,2.0,128.0,102.0,73.0,3.0,-275.0,166.0,-256.0,53.0,-163.0,8191.0,-8192.0,-8192.0,276.498,186.8707,79.56538,65.5414,-4397.687,2676.808,-24.24,5.512728,-13.49091,3995.91,-3997.882,-3997.291,,
2023,6.0,12.0,115126.0,1.0,124.0,5316.0,2.0,94.0,144.0,-2.0,15.0,-283.0,180.0,-254.0,50.0,-166.0,8191.0,-8192.0,-8192.0,195.134,279.2409,-51.45625,257.933,-4525.948,2901.265,-24.05818,5.24,-13.76364,3995.91,-3997.882,-3997.291,,
2023,6.0,12.0,115126.0,1.0,125.0,5318.0,2.0,34.0,155.0,-72.0,32.0,-278.0,189.0,-241.0,54.0,-172.0,8191.0,-8192.0,-8192.0,53.978,309.6979,-148.127,530.4877,-4445.785,3045.559,-22.87636,5.603637,-14.30909,3995.91,-3997.882,-3997.291,,
2023,6.0,12.0,115126.0,1.0,126.0,5320.0,2.0,-41.0,133.0,-119.0,48.0,-266.0,185.0,-244.0,62.0,-174.0,8191.0,-8192.0,-8192.0,-121.289,272.4117,-185.0847,787.0099,-4253.393,2981.428,-23.14909,6.330909,-14.49091,3995.91,-3997.882,-3997.291,,
2023,6.0,12.0,115126.0,1.0,127.0,5322.0,2.0,-104.0,85.0,-131.0,60.0,-254.0,178.0,-240.0,65.0,-175.0,8191.0,-8192.0,-8192.0,-267.314,179.1895,-155.6943,979.4014,-4061.002,2869.2,-22.78546,6.603637,-14.58182,3995.91,-3997.882,-3997.291,,
2023,6.0,12.0,115126.0,1.0,128.0,5324.0,2.0,-137.0,28.0,-101.0,63.0,-241.0,169.0,-251.0,58.0,-165.0,8191.0,-8192.0,-8192.0,-342.761,63.19644,-65.26247,1027.499,-3852.577,2724.906,-23.78546,5.967273,-13.67273,3995.91,-3997.882,-3997.291,,
2023,6.0,12.0,115126.0,1.0,129.0,5326.0,2.0,-137.0,-35.0,-40.0,58.0,-234.0,159.0,-248.0,60.0,-176.0,8191.0,-8192.0,-8192.0,-340.291,-69.0385,67.19943,947.3362,-3740.349,2564.58,-23.51273,6.149091,-14.67273,3995.91,-3997.882,-3997.291,,
2023,6.0,12.0,115126.0,1.0,130.0,5328.0,2.0,-100.0,-71.0,38.0,50.0,-230.0,147.0,-256.0,52.0,-180.0,8191.0,-8192.0,-8192.0,-252.348,-149.5005,197.9332,819.0751,-3676.219,2372.188,-24.24,5.421818,-15.03636,3995.91,-3997.882,-3997.291,,
2023,6.0,12.0,115126.0,1.0,131.0,5330.0,2.0,-35.0,-79.0,107.0,36.0,-229.0,136.0,-251.0,53.0,-179.0,8191.0,-8192.0,-8192.0,-99.46701,-174.1096,289.9219,594.6183,-3660.186,2195.829,-23.78546,5.512728,-14.94546,3995.91,-3997.882,-3997.291,,
2023,6.0,12.0,115126.0,1.0,132.0,5332.0,2.0,40.0,-59.0,151.0,20.0,-232.0,132.0,-261.0,57.0,-177.0,8191.0,-8192.0,-8192.0,76.066,-140.7532,323.7752,338.0962,-3708.284,2131.699,-24.69455,5.876364,-14.76364,3995.91,-3997.882,-3997.291,,
2023,6.0,12.0,115126.0,1.0,133.0,5334.0,2.0,100.0,-7.0,154.0,7.0,-241.0,134.0,-251.0,52.0,-174.0,8191.0,-8192.0,-8192.0,214.98,-38.64955,279.0997,129.6719,-3852.577,2163.764,-23.78546,5.421818,-14.49091,3995.91,-3997.882,-3997.291,,
2023,6.0,12.0,115126.0,1.0,134.0,5342.0,8.0,18.0,151.0,-89.0,43.0,-253.0,178.0,-246.0,52.0,-173.0,8191.0,-8192.0,-8192.0,16.8,303.541,-166.8005,706.8467,-4044.969,2869.2,-23.33091,5.421818,-14.4,3995.91,-3997.882,-3997.291,,
2023,6.0,12.0,115126.0,1.0,135.0,5344.0,2.0,-55.0,122.0,-131.0,55.0,-241.0,171.0,-237.0,50.0,-169.0,8191.0,-8192.0,-8192.0,-153.359,251.5202,-192.1505,899.2383,-3852.577,2756.971,-22.51273,5.24,-14.03636,3995.91,-3997.882,-3997.291,,
2023,6.0,12.0,115126.0,1.0,136.0,5346.0,2.0,-112.0,75.0,-135.0,54.0,-231.0,161.0,-244.0,56.0,-169.0,8191.0,-8192.0,-8192.0,-285.466,159.4955,-153.0169,883.2056,-3692.251,2596.645,-23.14909,5.785455,-14.03636,3995.91,-3997.882,-3997.291,,
2023,6.0,12.0,115126.0,1.0,137.0,5348.0,2.0,-141.0,13.0,-100.0,46.0,-225.0,153.0,-244.0,55.0,-173.0,8191.0,-8192.0,-8192.0,-351.191,32.72261,-52.79305,754.9446,-3596.055,2468.384,-23.14909,5.694546,-14.4,3995.91,-3997.882,-3997.291,,
2023,6.0,12.0,115126.0,1.0,138.0,5350.0,2.0,-134.0,-47.0,-31.0,38.0,-222.0,143.0,-248.0,56.0,-184.0,8191.0,-8192.0,-8192.0,-332.572,-94.29121,87.83538,626.6835,-3547.958,2308.058,-23.51273,5.785455,-15.4,3995.91,-3997.882,-3997.291,,
2023,6.0,12.0,115126.0,1.0,139.0,5352.0,2.0,-92.0,-79.0,47.0,21.0,-219.0,131.0,-249.0,54.0,-180.0,8191.0,-8192.0,-8192.0,-233.018,-166.9131,214.699,354.1288,-3499.86,2115.666,-23.60364,5.603637,-15.03636,3995.91,-3997.882,-3997.291,,
2023,6.0,12.0,115126.0,1.0,140.0,5354.0,2.0,-22.0,-80.0,118.0,0.0,-223.0,128.0,-249.0,48.0,-183.0,8191.0,-8192.0,-8192.0,-68.83,-177.6515,303.7723,17.4435,-3563.99,2067.568,-23.60364,5.058182,-15.30909,3995.91,-3997.882,-3997.291,,
2023,6.0,12.0,115126.0,1.0,141.0,5356.0,2.0,52.0,-47.0,156.0,-8.0,-231.0,132.0,-249.0,54.0,-177.0,8191.0,-8192.0,-8192.0,103.56,-117.2971,320.285,-110.8176,-3692.251,2131.699,-23.60364,5.603637,-14.76364,3995.91,-3997.882,-3997.291,,
2023,6.0,12.0,115126.0,1.0,142.0,5358.0,2.0,105.0,6.0,153.0,-8.0,-244.0,139.0,-248.0,42.0,-167.0,8191.0,-8192.0,-8192.0,225.945,-12.33762,267.7291,-110.8176,-3900.675,2243.927,-23.51273,4.512727,-13.85455,3995.91,-3997.882,-3997.291,,
2023,6.0,12.0,115126.0,1.0,143.0,5360.0,2.0,135.0,70.0,114.0,-6.0,-256.0,149.0,-244.0,45.0,-175.0,8191.0,-8192.0,-8192.0,294.053,118.6762,160.0056,-78.75229,-4093.067,2404.254,-23.14909,4.785455,-14.58182,3995.91,-3997.882,-3997.291,,
2023,6.0,12.0,115126.0,1.0,144.0,5362.0,2.0,123.0,119.0,43.0,5.0,-262.0,161.0,-236.0,39.0,-173.0,8191.0,-8192.0,-8192.0,264.431,223.6337,24.96802,97.60667,-4189.263,2596.645,-22.42182,4.24,-14.4,3995.91,-3997.882,-3997.291,,
2023,6.0,12.0,115126.0,1.0,145.0,5364.0,2.0,77.0,151.0,-40.0,23.0,-257.0,170.0,-240.0,46.0,-167.0,8191.0,-8192.0,-8192.0,155.535,296.8036,-108.3434,386.1941,-4109.1,2740.939,-22.78546,4.876364,-13.85455,3995.91,-3997.882,-3997.291,,
2023,6.0,12.0,115126.0,1.0,146.0,5366.0,2.0,10.0,150.0,-105.0,39.0,-245.0,170.0,-234.0,51.0,-177.0,8191.0,-8192.0,-8192.0,-1.580002,302.9161,-187.9116,642.7162,-3916.708,2740.939,-22.24,5.330909,-14.76364,3995.91,-3997.882,-3997.291,,
2023,6.0,12.0,115126.0,1.0,147.0,5368.0,2.0,-68.0,116.0,-144.0,48.0,-232.0,162.0,-239.0,45.0,-168.0,8191.0,-8192.0,-8192.0,-183.388,240.846,-204.2803,787.0099,-3708.284,2612.678,-22.69455,4.785455,-13.94545,3995.91,-3997.882,-3997.291,,
2023,6.0,12.0,115126.0,1.0,148.0,5370.0,2.0,-120.0,60.0,-140.0,50.0,-221.0,152.0,-240.0,40.0,-177.0,8191.0,-8192.0,-8192.0,-303.2,129.6239,-148.476,819.0751,-3531.925,2452.352,-22.78546,4.330909,-14.76364,3995.91,-3997.882,-3997.291,,
2023,6.0,12.0,115126.0,1.0,149.0,5372.0,2.0,-146.0,-5.0,-93.0,46.0,-214.0,143.0,-239.0,45.0,-172.0,8191.0,-8192.0,-8192.0,-362.004,-4.147095,-29.19379,754.9446,-3419.696,2308.058,-22.69455,4.785455,-14.30909,3995.91,-3997.882,-3997.291,,
2023,6.0,12.0,115126.0,1.0,150.0,5374.0,2.0,-129.0,-56.0,-19.0,39.0,-210.0,130.0,-241.0,49.0,-186.0,8191.0,-8192.0,-8192.0,-320.429,-113.7058,110.429,642.7162,-3355.566,2099.634,-22.87636,5.149091,-15.58182,3995.91,-3997.882,-3997.291,,
2023,6.0,12.0,115126.0,1.0,151.0,5376.0,2.0,-82.0,-81.0,63.0,21.0,-208.0,117.0,-243.0,45.0,-178.0,8191.0,-8192.0,-8192.0,-209.644,-172.5656,237.3387,354.1288,-3323.5,1891.209,-23.05818,4.785455,-14.85455,3995.91,-3997.882,-3997.291,,
2023,6.0,12.0,115126.0,1.0,152.0,5378.0,2.0,-12.0,-77.0,129.0,1.0,-214.0,114.0,-247.0,44.0,-180.0,8191.0,-8192.0,-8192.0,-45.646,-172.8006,315.6642,33.47614,-3419.696,1843.111,-23.42182,4.694546,-15.03636,3995.91,-3997.882,-3997.291,,
2023,6.0,12.0,115126.0,1.0,153.0,5380.0,2.0,64.0,-40.0,161.0,-8.0,-223.0,119.0,-236.0,48.0,-191.0,8191.0,-8192.0,-8192.0,131.434,-104.0731,320.1392,-110.8176,-3563.99,1923.275,-22.42182,5.058182,-16.03636,3995.91,-3997.882,-3997.291,,
2023,6.0,12.0,115126.0,1.0,154.0,5382.0,2.0,115.0,19.0,150.0,-8.0,-231.0,130.0,-246.0,34.0,-169.0,8191.0,-8192.0,-8192.0,248.901,13.73741,252.2023,-110.8176,-3692.251,2099.634,-23.33091,3.785455,-14.03636,3995.91,-3997.882,-3997.291,,
2023,6.0,12.0,115126.0,1.0,155.0,5384.0,2.0,137.0,77.0,102.0,-8.0,-240.0,147.0,-238.0,43.0,-163.0,8191.0,-8192.0,-8192.0,298.743,133.5143,137.0771,-110.8176,-3836.545,2372.188,-22.60364,4.603637,-13.49091,3995.91,-3997.882,-3997.291,,
2023,6.0,12.0,115126.0,1.0,156.0,5386.0,2.0,120.0,129.0,27.0,4.0,-246.0,161.0,-237.0,33.0,-166.0,8191.0,-8192.0,-8192.0,257.13,245.1737,-4.695206,81.57404,-3932.741,2596.645,-22.51273,3.694546,-13.76364,3995.91,-3997.882,-3997.291,,
2023,6.0,12.0,115126.0,1.0,157.0,5388.0,2.0,67.0,154.0,-58.0,20.0,-240.0,170.0,-231.0,38.0,-168.0,8191.0,-8192.0,-8192.0,132.161,304.6111,-134.6134,338.0962,-3836.545,2740.939,-21.96727,4.149091,-13.94545,3995.91,-3997.882,-3997.291,,
2023,6.0,12.0,115126.0,1.0,158.0,5390.0,2.0,-6.0,141.0,-124.0,35.0,-226.0,168.0,-241.0,39.0,-176.0,8191.0,-8192.0,-8192.0,-38.302,286.6358,-206.2023,578.5856,-3612.088,2708.874,-22.87636,4.24,-14.67273,3995.91,-3997.882,-3997.291,,
2023,6.0,12.0,115126.0,1.0,159.0,5392.0,2.0,-78.0,101.0,-155.0,44.0,-215.0,158.0,-231.0,43.0,-167.0,8191.0,-8192.0,-8192.0,-205.66,211.4383,-208.1458,722.8793,-3435.729,2548.547,-21.96727,4.603637,-13.85455,3995.91,-3997.882,-3997.291,,
2023,6.0,12.0,115126.0,1.0,160.0,5394.0,2.0,-124.0,46.0,-141.0,42.0,-208.0,147.0,-236.0,32.0,-175.0,8191.0,-8192.0,-8192.0,-311.63,101.305,-139.6369,690.8141,-3323.5,2372.188,-22.42182,3.603637,-14.58182,3995.91,-3997.882,-3997.291,,
2023,6.0,12.0,115126.0,1.0,161.0,5396.0,2.0,-144.0,-16.0,-88.0,36.0,-208.0,138.0,-236.0,44.0,-181.0,8191.0,-8192.0,-8192.0,-356.592,-27.06712,-14.91063,594.6183,-3323.5,2227.895,-22.42182,4.694546,-15.12727,3995.91,-3997.882,-3997.291,,
2023,6.0,12.0,115126.0,1.0,162.0,5398.0,2.0,-122.0,-63.0,-11.0,30.0,-204.0,129.0,-232.0,42.0,-178.0,8191.0,-8192.0,-8192.0,-303.52,-128.9487,125.2841,498.4225,-3259.37,2083.601,-22.05818,4.512727,-14.85455,3995.91,-3997.882,-3997.291,,
2023,6.0,12.0,115126.0,1.0,163.0,5400.0,2.0,-72.0,-83.0,73.0,15.0,-200.0,120.0,-235.0,35.0,-178.0,8191.0,-8192.0,-8192.0,-186.042,-177.8924,251.0941,257.933,-3195.24,1939.307,-22.33091,3.876364,-14.85455,3995.91,-3997.882,-3997.291,,
2023,6.0,12.0,115126.0,1.0,164.0,5402.0,2.0,2.0,-72.0,138.0,-3.0,-204.0,116.0,-243.0,36.0,-181.0,8191.0,-8192.0,-8192.0,-13.006,-164.0247,322.301,-30.65439,-3259.37,1875.177,-23.05818,3.967273,-15.12727,3995.91,-3997.882,-3997.291,,
[2023/06/12 11:51:54],,,,,,,,,,,,,,,,,,,,,,,,,,,,,,,,,
== yy0 ==============,,,,,,,,,,,,,,,,,,,,,,,,,,,,,,,,,
2023,6.0,12.0,115154.0,0.0,32.0,622.0,20.0,-139.0,60.0,26.0,31.0,-9.0,-54.0,11.0,-3.0,-15.0,2.0,0.0,0.0,-354.785,121.924,101.8627,514.4551,-133.0067,-850.3708,0.03272712,0.4218182,-0.03636384,-0.3220789,-0.18544,0.4050401,,
2023,6.0,12.0,115154.0,0.0,33.0,642.0,20.0,-141.0,59.0,22.0,31.0,-9.0,-53.0,14.0,-1.0,-18.0,2.0,0.0,-1.0,-359.323,120.2329,97.08655,514.4551,-133.0067,-834.3382,0.3054544,0.6036364,-0.3090911,-0.3220789,-0.18544,-0.08295995,,
2023,6.0,12.0,115154.0,0.0,34.0,662.0,20.0,-141.0,61.0,23.0,31.0,-9.0,-54.0,16.0,-6.0,-12.0,3.0,0.0,-1.0,-359.513,124.2715,97.22955,514.4551,-133.0067,-850.3708,0.4872726,0.1490909,0.2363634,0.1659211,-0.18544,-0.08295995,,
2023,6.0,12.0,115154.0,0.0,35.0,682.0,20.0,-139.0,59.0,26.0,31.0,-9.0,-53.0,11.0,-6.0,-16.0,3.0,1.0,0.0,-354.709,119.8776,102.5315,514.4551,-133.0067,-834.3382,0.03272712,0.1490909,-0.127273,0.1659211,0.30256,0.4050401,,
2023,6.0,12.0,115154.0,0.0,36.0,702.0,20.0,-139.0,62.0,23.0,31.0,-9.0,-54.0,10.0,-6.0,-12.0,3.0,0.0,-1.0,-354.823,126.1797,96.08278,514.4551,-133.0067,-850.3708,-0.05818194,0.1490909,0.2363634,0.1659211,-0.18544,-0.08295995,,
2023,6.0,12.0,115154.0,0.0,37.0,722.0,20.0,-140.0,61.0,24.0,31.0,-9.0,-53.0,7.0,-3.0,-11.0,2.0,0.0,0.0,-357.168,124.148,98.47131,514.4551,-133.0067,-834.3382,-0.3309093,0.4218182,0.3272725,-0.3220789,-0.18544,0.4050401,,
2023,6.0,12.0,115154.0,0.0,38.0,742.0,20.0,-138.0,60.0,26.0,31.0,-9.0,-54.0,11.0,-4.0,-9.0,3.0,1.0,0.0,-352.402,121.8549,101.6237,514.4551,-133.0067,-850.3708,0.03272712,0.3309091,0.5090907,0.1659211,0.30256,0.4050401,,
2023,6.0,12.0,115154.0,0.0,39.0,762.0,20.0,-142.0,59.0,25.0,31.0,-9.0,-54.0,9.0,0.0,-18.0,1.0,0.0,-1.0,-361.82,120.1392,101.7676,514.4551,-133.0067,-850.3708,-0.1490911,0.6945455,-0.3090911,-0.8100789,-0.18544,-0.08295995,,
2023,6.0,12.0,115154.0,0.0,40.0,782.0,20.0,-141.0,59.0,23.0,31.0,-10.0,-53.0,11.0,-2.0,-19.0,3.0,0.0,-2.0,-359.361,120.1787,98.56726,514.4551,-149.0394,-834.3382,0.03272712,0.5127273,-0.4000002,0.1659211,-0.18544,-0.5709599,,
2023,6.0,12.0,115154.0,0.0,41.0,802.0,20.0,-141.0,58.0,23.0,31.0,-9.0,-54.0,8.0,-7.0,-14.0,2.0,1.0,-2.0,-359.285,118.1323,99.23612,514.4551,-133.0067,-850.3708,-0.2400001,0.05818188,0.05454528,-0.3220789,0.30256,-0.5709599,,
2023,6.0,12.0,115154.0,0.0,42.0,822.0,20.0,-142.0,59.0,26.0,31.0,-9.0,-54.0,12.0,-12.0,-11.0,2.0,1.0,-2.0,-361.858,120.0849,103.2484,514.4551,-133.0067,-850.3708,0.1236362,-0.3963636,0.3272725,-0.3220789,0.30256,-0.5709599,,
2023,6.0,12.0,115154.0,0.0,43.0,842.0,20.0,-138.0,59.0,24.0,31.0,-9.0,-54.0,11.0,-3.0,-19.0,3.0,0.0,-1.0,-352.25,119.9171,99.33114,514.4551,-133.0067,-850.3708,0.03272712,0.4218182,-0.4000002,0.1659211,-0.18544,-0.08295995,,
2023,6.0,12.0,115154.0,0.0,44.0,862.0,20.0,-140.0,58.0,23.0,31.0,-9.0,-53.0,10.0,-11.0,-12.0,3.0,1.0,-1.0,-356.902,118.0631,98.99718,514.4551,-133.0067,-834.3382,-0.05818194,-0.3054545,0.2363634,0.1659211,0.30256,-0.08295995,,
2023,6.0,12.0,115154.0,0.0,45.0,882.0,20.0,-141.0,58.0,23.0,31.0,-9.0,-53.0,11.0,-11.0,-16.0,3.0,0.0,-1.0,-359.285,118.1323,99.23612,514.4551,-133.0067,-834.3382,0.03272712,-0.3054545,-0.127273,0.1659211,-0.18544,-0.08295995,,
2023,6.0,12.0,115154.0,0.0,46.0,902.0,20.0,-140.0,61.0,23.0,31.0,-9.0,-53.0,10.0,-6.0,-13.0,2.0,0.0,-1.0,-357.13,124.2024,96.9906,514.4551,-133.0067,-834.3382,-0.05818194,0.1490909,0.1454544,-0.3220789,-0.18544,-0.08295995,,
2023,6.0,12.0,115154.0,0.0,47.0,922.0,20.0,-139.0,58.0,22.0,31.0,-9.0,-53.0,2.0,-9.0,-15.0,2.0,1.0,-1.0,-354.481,118.0484,97.27752,514.4551,-133.0067,-834.3382,-0.7854547,-0.1236363,-0.03636384,-0.3220789,0.30256,-0.08295995,,
2023,6.0,12.0,115154.0,0.0,48.0,942.0,20.0,-139.0,57.0,25.0,31.0,-9.0,-54.0,8.0,-10.0,-14.0,3.0,0.0,-1.0,-354.519,115.8391,102.3885,514.4551,-133.0067,-850.3708,-0.2400001,-0.2145454,0.05454528,0.1659211,-0.18544,-0.08295995,,
2023,6.0,12.0,115154.0,0.0,49.0,962.0,20.0,-140.0,59.0,24.0,31.0,-9.0,-54.0,13.0,-7.0,-13.0,2.0,1.0,-1.0,-357.016,120.0553,99.80903,514.4551,-133.0067,-850.3708,0.2145452,0.05818188,0.1454544,-0.3220789,0.30256,-0.08295995,,
2023,6.0,12.0,115154.0,0.0,50.0,982.0,20.0,-140.0,59.0,24.0,31.0,-9.0,-54.0,2.0,-8.0,-12.0,3.0,0.0,0.0,-357.016,120.0553,99.80903,514.4551,-133.0067,-850.3708,-0.7854547,-0.03272724,0.2363634,0.1659211,-0.18544,0.4050401,,
2023,6.0,12.0,115154.0,0.0,51.0,1002.0,20.0,-142.0,58.0,24.0,31.0,-9.0,-54.0,10.0,-10.0,-9.0,2.0,0.0,-1.0,-361.706,118.1471,100.9558,514.4551,-133.0067,-850.3708,-0.05818194,-0.2145454,0.5090907,-0.3220789,-0.18544,-0.08295995,,
2023,6.0,12.0,115154.0,0.0,52.0,1022.0,20.0,-140.0,59.0,22.0,31.0,-9.0,-54.0,10.0,4.0,-16.0,2.0,1.0,-1.0,-356.94,120.1638,96.8476,514.4551,-133.0067,-850.3708,-0.05818194,1.058182,-0.127273,-0.3220789,0.30256,-0.08295995,,
2023,6.0,12.0,115154.0,0.0,53.0,1042.0,20.0,-139.0,59.0,24.0,31.0,-9.0,-54.0,12.0,-9.0,-8.0,3.0,1.0,-1.0,-354.633,119.9861,99.57008,514.4551,-133.0067,-850.3708,0.1236362,-0.1236363,0.5999998,0.1659211,0.30256,-0.08295995,,
2023,6.0,12.0,115154.0,0.0,54.0,1062.0,20.0,-139.0,58.0,23.0,31.0,-9.0,-53.0,14.0,-11.0,-10.0,3.0,1.0,0.0,-354.519,117.9941,98.75824,514.4551,-133.0067,-834.3382,0.3054544,-0.3054545,0.4181816,0.1659211,0.30256,0.4050401,,
2023,6.0,12.0,115154.0,0.0,55.0,1082.0,20.0,-142.0,59.0,22.0,31.0,-9.0,-54.0,9.0,-5.0,-11.0,3.0,0.0,0.0,-361.706,120.3021,97.32549,514.4551,-133.0067,-850.3708,-0.1490911,0.24,0.3272725,0.1659211,-0.18544,0.4050401,,
2023,6.0,12.0,115154.0,0.0,56.0,1102.0,20.0,-142.0,60.0,23.0,31.0,-9.0,-54.0,10.0,-8.0,-5.0,3.0,0.0,-1.0,-361.82,122.2942,98.13734,514.4551,-133.0067,-850.3708,-0.05818194,-0.03272724,0.872727,0.1659211,-0.18544,-0.08295995,,
2023,6.0,12.0,115154.0,0.0,57.0,1122.0,20.0,-138.0,59.0,23.0,31.0,-9.0,-54.0,12.0,-17.0,-7.0,3.0,0.0,-1.0,-352.212,119.9714,97.85042,514.4551,-133.0067,-850.3708,0.1236362,-0.850909,0.6909089,0.1659211,-0.18544,-0.08295995,,
2023,6.0,12.0,115154.0,0.0,58.0,1142.0,20.0,-141.0,60.0,24.0,31.0,-9.0,-54.0,6.0,-12.0,-12.0,3.0,1.0,-1.0,-359.475,122.1708,99.37911,514.4551,-133.0067,-850.3708,-0.4218183,-0.3963636,0.2363634,0.1659211,0.30256,-0.08295995,,
2023,6.0,12.0,115154.0,0.0,59.0,1162.0,20.0,-142.0,60.0,25.0,31.0,-9.0,-53.0,9.0,-5.0,-6.0,3.0,0.0,-1.0,-361.896,122.1855,101.0988,514.4551,-133.0067,-834.3382,-0.1490911,0.24,0.781818,0.1659211,-0.18544,-0.08295995,,
2023,6.0,12.0,115154.0,0.0,60.0,1182.0,20.0,-139.0,59.0,24.0,31.0,-9.0,-54.0,11.0,-12.0,-16.0,2.0,0.0,-1.0,-354.633,119.9861,99.57008,514.4551,-133.0067,-850.3708,0.03272712,-0.3963636,-0.127273,-0.3220789,-0.18544,-0.08295995,,
2023,6.0,12.0,115154.0,0.0,61.0,1202.0,20.0,-139.0,60.0,22.0,31.0,-9.0,-54.0,9.0,-11.0,-20.0,3.0,-1.0,-1.0,-354.633,122.1412,95.9398,514.4551,-133.0067,-850.3708,-0.1490911,-0.3054545,-0.4909093,0.1659211,-0.67344,-0.08295995,,
2023,6.0,12.0,115154.0,0.0,62.0,1222.0,20.0,-140.0,59.0,23.0,31.0,-9.0,-53.0,10.0,-9.0,-13.0,3.0,0.0,-1.0,-356.978,120.1096,98.32832,514.4551,-133.0067,-834.3382,-0.05818194,-0.1236363,0.1454544,0.1659211,-0.18544,-0.08295995,,
2023,6.0,12.0,115154.0,0.0,63.0,1242.0,20.0,-140.0,61.0,25.0,31.0,-9.0,-54.0,17.0,-9.0,-14.0,2.0,0.0,-1.0,-357.206,124.0938,99.95203,514.4551,-133.0067,-850.3708,0.5781816,-0.1236363,0.05454528,-0.3220789,-0.18544,-0.08295995,,
2023,6.0,12.0,115154.0,0.0,64.0,1262.0,20.0,-139.0,60.0,24.0,31.0,-10.0,-54.0,15.0,-8.0,-13.0,3.0,0.0,-1.0,-354.709,122.0325,98.90122,514.4551,-149.0394,-850.3708,0.3963635,-0.03272724,0.1454544,0.1659211,-0.18544,-0.08295995,,
2023,6.0,12.0,115154.0,0.0,65.0,1282.0,20.0,-139.0,57.0,25.0,31.0,-9.0,-54.0,8.0,-1.0,-19.0,2.0,1.0,-1.0,-354.519,115.8391,102.3885,514.4551,-133.0067,-850.3708,-0.2400001,0.6036364,-0.4000002,-0.3220789,0.30256,-0.08295995,,
2023,6.0,12.0,115154.0,0.0,66.0,1302.0,20.0,-140.0,60.0,23.0,31.0,-9.0,-54.0,13.0,-12.0,-17.0,3.0,1.0,-1.0,-357.054,122.1559,97.65946,514.4551,-133.0067,-850.3708,0.2145452,-0.3963636,-0.218182,0.1659211,0.30256,-0.08295995,,
2023,6.0,12.0,115154.0,0.0,67.0,1322.0,20.0,-140.0,60.0,24.0,32.0,-9.0,-54.0,13.0,-6.0,-23.0,3.0,0.0,-1.0,-357.092,122.1017,99.14017,530.4877,-133.0067,-850.3708,0.2145452,0.1490909,-0.7636365,0.1659211,-0.18544,-0.08295995,,
2023,6.0,12.0,115154.0,0.0,68.0,1342.0,20.0,-140.0,59.0,25.0,31.0,-9.0,-53.0,15.0,-14.0,-20.0,3.0,1.0,-1.0,-357.054,120.001,101.2897,514.4551,-133.0067,-834.3382,0.3963635,-0.5781817,-0.4909093,0.1659211,0.30256,-0.08295995,,
2023,6.0,12.0,115154.0,0.0,69.0,1362.0,20.0,-139.0,61.0,23.0,31.0,-9.0,-54.0,6.0,-5.0,-18.0,2.0,1.0,-1.0,-354.747,124.1333,96.75165,514.4551,-133.0067,-850.3708,-0.4218183,0.24,-0.3090911,-0.3220789,0.30256,-0.08295995,,
2023,6.0,12.0,115154.0,0.0,70.0,1382.0,20.0,-142.0,58.0,23.0,31.0,-9.0,-54.0,3.0,-5.0,-13.0,3.0,0.0,0.0,-361.668,118.2014,99.47507,514.4551,-133.0067,-850.3708,-0.6945456,0.24,0.1454544,0.1659211,-0.18544,0.4050401,,
2023,6.0,12.0,115154.0,0.0,71.0,1402.0,20.0,-141.0,56.0,22.0,31.0,-9.0,-53.0,14.0,-12.0,-17.0,3.0,0.0,-1.0,-359.095,114.0938,99.09312,514.4551,-133.0067,-834.3382,0.3054544,-0.3963636,-0.218182,0.1659211,-0.18544,-0.08295995,,
2023,6.0,12.0,115154.0,0.0,72.0,1422.0,20.0,-139.0,60.0,25.0,31.0,-9.0,-54.0,12.0,-16.0,-23.0,2.0,1.0,0.0,-354.747,121.9783,100.3819,514.4551,-133.0067,-850.3708,0.1236362,-0.76,-0.7636365,-0.3220789,0.30256,0.4050401,,
2023,6.0,12.0,115154.0,0.0,73.0,1442.0,20.0,-141.0,57.0,24.0,31.0,-9.0,-53.0,13.0,-10.0,-9.0,3.0,0.0,-1.0,-359.247,116.0316,101.3857,514.4551,-133.0067,-834.3382,0.2145452,-0.2145454,0.5090907,0.1659211,-0.18544,-0.08295995,,
2023,6.0,12.0,115154.0,0.0,74.0,1462.0,20.0,-139.0,59.0,22.0,31.0,-9.0,-53.0,14.0,-8.0,-13.0,3.0,0.0,-1.0,-354.557,120.0948,96.60866,514.4551,-133.0067,-834.3382,0.3054544,-0.03272724,0.1454544,0.1659211,-0.18544,-0.08295995,,
2023,6.0,12.0,115154.0,0.0,75.0,1482.0,20.0,-139.0,59.0,24.0,31.0,-9.0,-54.0,6.0,-10.0,-25.0,3.0,1.0,-1.0,-354.633,119.9861,99.57008,514.4551,-133.0067,-850.3708,-0.4218183,-0.2145454,-0.9454547,0.1659211,0.30256,-0.08295995,,
2023,6.0,12.0,115154.0,0.0,76.0,1502.0,20.0,-140.0,59.0,24.0,31.0,-9.0,-53.0,12.0,-6.0,-17.0,2.0,0.0,-1.0,-357.016,120.0553,99.80903,514.4551,-133.0067,-834.3382,0.1236362,0.1490909,-0.218182,-0.3220789,-0.18544,-0.08295995,,
2023,6.0,12.0,115154.0,0.0,77.0,1522.0,20.0,-142.0,60.0,26.0,31.0,-9.0,-54.0,8.0,-9.0,-14.0,3.0,0.0,-1.0,-361.934,122.1313,102.5795,514.4551,-133.0067,-850.3708,-0.2400001,-0.1236363,0.05454528,0.1659211,-0.18544,-0.08295995,,
2023,6.0,12.0,115154.0,0.0,78.0,1542.0,20.0,-140.0,60.0,23.0,31.0,-9.0,-54.0,10.0,-17.0,-12.0,3.0,0.0,-1.0,-357.054,122.1559,97.65946,514.4551,-133.0067,-850.3708,-0.05818194,-0.850909,0.2363634,0.1659211,-0.18544,-0.08295995,,
2023,6.0,12.0,115154.0,0.0,79.0,1562.0,20.0,-141.0,59.0,24.0,31.0,-9.0,-54.0,10.0,-4.0,-12.0,3.0,1.0,-1.0,-359.399,120.1244,100.048,514.4551,-133.0067,-850.3708,-0.05818194,0.3309091,0.2363634,0.1659211,0.30256,-0.08295995,,
2023,6.0,12.0,115154.0,0.0,80.0,1582.0,20.0,-139.0,60.0,22.0,31.0,-9.0,-54.0,14.0,-15.0,-20.0,3.0,0.0,-1.0,-354.633,122.1412,95.9398,514.4551,-133.0067,-850.3708,0.3054544,-0.6690909,-0.4909093,0.1659211,-0.18544,-0.08295995,,
2023,6.0,12.0,115154.0,0.0,81.0,1602.0,20.0,-142.0,59.0,23.0,31.0,-9.0,-54.0,14.0,-2.0,-13.0,3.0,1.0,-1.0,-361.744,120.2478,98.80621,514.4551,-133.0067,-850.3708,0.3054544,0.5127273,0.1454544,0.1659211,0.30256,-0.08295995,,
2023,6.0,12.0,115154.0,0.0,82.0,1622.0,20.0,-142.0,60.0,24.0,31.0,-9.0,-54.0,14.0,-5.0,-16.0,3.0,0.0,-1.0,-361.858,122.2399,99.61807,514.4551,-133.0067,-850.3708,0.3054544,0.24,-0.127273,0.1659211,-0.18544,-0.08295995,,
2023,6.0,12.0,115154.0,0.0,83.0,1642.0,20.0,-140.0,60.0,23.0,31.0,-9.0,-54.0,17.0,-10.0,-24.0,2.0,0.0,-1.0,-357.054,122.1559,97.65946,514.4551,-133.0067,-850.3708,0.5781816,-0.2145454,-0.8545457,-0.3220789,-0.18544,-0.08295995,,
2023,6.0,12.0,115154.0,0.0,84.0,1662.0,20.0,-141.0,60.0,24.0,31.0,-9.0,-54.0,8.0,-11.0,-6.0,3.0,0.0,0.0,-359.475,122.1708,99.37911,514.4551,-133.0067,-850.3708,-0.2400001,-0.3054545,0.781818,0.1659211,-0.18544,0.4050401,,
2023,6.0,12.0,115154.0,0.0,85.0,1682.0,20.0,-141.0,60.0,23.0,31.0,-9.0,-54.0,13.0,-6.0,-16.0,3.0,1.0,-1.0,-359.437,122.2251,97.8984,514.4551,-133.0067,-850.3708,0.2145452,0.1490909,-0.127273,0.1659211,0.30256,-0.08295995,,
2023,6.0,12.0,115154.0,0.0,86.0,1702.0,20.0,-138.0,61.0,23.0,31.0,-9.0,-54.0,13.0,-6.0,-20.0,3.0,1.0,0.0,-352.364,124.0642,96.5127,514.4551,-133.0067,-850.3708,0.2145452,0.1490909,-0.4909093,0.1659211,0.30256,0.4050401,,
2023,6.0,12.0,115154.0,0.0,87.0,1722.0,20.0,-139.0,58.0,24.0,31.0,-9.0,-54.0,7.0,-10.0,-13.0,3.0,1.0,0.0,-354.557,117.9398,100.2389,514.4551,-133.0067,-850.3708,-0.3309093,-0.2145454,0.1454544,0.1659211,0.30256,0.4050401,,
2023,6.0,12.0,115154.0,0.0,88.0,1742.0,20.0,-140.0,60.0,23.0,31.0,-9.0,-54.0,10.0,-5.0,-24.0,3.0,0.0,-1.0,-357.054,122.1559,97.65946,514.4551,-133.0067,-850.3708,-0.05818194,0.24,-0.8545457,0.1659211,-0.18544,-0.08295995,,
2023,6.0,12.0,115154.0,0.0,89.0,1762.0,20.0,-139.0,59.0,22.0,31.0,-9.0,-54.0,12.0,-6.0,-9.0,3.0,0.0,-1.0,-354.557,120.0948,96.60866,514.4551,-133.0067,-850.3708,0.1236362,0.1490909,0.5090907,0.1659211,-0.18544,-0.08295995,,
2023,6.0,12.0,115154.0,0.0,90.0,1782.0,20.0,-140.0,60.0,24.0,31.0,-9.0,-54.0,13.0,-7.0,-16.0,3.0,1.0,-1.0,-357.092,122.1017,99.14017,514.4551,-133.0067,-850.3708,0.2145452,0.05818188,-0.127273,0.1659211,0.30256,-0.08295995,,
2023,6.0,12.0,115154.0,0.0,91.0,1802.0,20.0,-140.0,59.0,25.0,32.0,-9.0,-54.0,13.0,-1.0,-19.0,2.0,1.0,-1.0,-357.054,120.001,101.2897,530.4877,-133.0067,-850.3708,0.2145452,0.6036364,-0.4000002,-0.3220789,0.30256,-0.08295995,,
2023,6.0,12.0,115154.0,0.0,92.0,1822.0,20.0,-140.0,57.0,24.0,31.0,-9.0,-54.0,8.0,-1.0,-11.0,3.0,0.0,0.0,-356.864,115.9625,101.1468,514.4551,-133.0067,-850.3708,-0.2400001,0.6036364,0.3272725,0.1659211,-0.18544,0.4050401,,
2023,6.0,12.0,115154.0,0.0,93.0,1842.0,20.0,-138.0,60.0,24.0,31.0,-9.0,-54.0,14.0,-7.0,-18.0,3.0,0.0,-1.0,-352.326,121.9634,98.66228,514.4551,-133.0067,-850.3708,0.3054544,0.05818188,-0.3090911,0.1659211,-0.18544,-0.08295995,,
2023,6.0,12.0,115154.0,0.0,94.0,1862.0,20.0,-140.0,58.0,23.0,31.0,-9.0,-54.0,15.0,-15.0,-12.0,3.0,1.0,-1.0,-356.902,118.0631,98.99718,514.4551,-133.0067,-850.3708,0.3963635,-0.6690909,0.2363634,0.1659211,0.30256,-0.08295995,,
2023,6.0,12.0,115154.0,0.0,95.0,1882.0,20.0,-141.0,58.0,24.0,31.0,-9.0,-54.0,10.0,-11.0,-18.0,3.0,1.0,-1.0,-359.323,118.078,100.7169,514.4551,-133.0067,-850.3708,-0.05818194,-0.3054545,-0.3090911,0.1659211,0.30256,-0.08295995,,
2023,6.0,12.0,115154.0,0.0,96.0,1902.0,20.0,-139.0,58.0,25.0,31.0,-9.0,-54.0,12.0,-10.0,-14.0,3.0,0.0,-1.0,-354.595,117.8855,101.7197,514.4551,-133.0067,-850.3708,0.1236362,-0.2145454,0.05454528,0.1659211,-0.18544,-0.08295995,,
2023,6.0,12.0,115154.0,0.0,97.0,1922.0,20.0,-139.0,58.0,21.0,31.0,-9.0,-54.0,11.0,-4.0,-20.0,3.0,0.0,-1.0,-354.443,118.1027,95.7968,514.4551,-133.0067,-850.3708,0.03272712,0.3309091,-0.4909093,0.1659211,-0.18544,-0.08295995,,
2023,6.0,12.0,115154.0,0.0,98.0,1942.0,20.0,-142.0,60.0,20.0,31.0,-10.0,-53.0,12.0,-2.0,-16.0,3.0,1.0,0.0,-361.706,122.457,93.69521,514.4551,-149.0394,-834.3382,0.1236362,0.5127273,-0.127273,0.1659211,0.30256,0.4050401,,
2023,6.0,12.0,115154.0,0.0,99.0,1962.0,20.0,-140.0,59.0,23.0,31.0,-9.0,-54.0,12.0,-11.0,-6.0,3.0,0.0,-1.0,-356.978,120.1096,98.32832,514.4551,-133.0067,-850.3708,0.1236362,-0.3054545,0.781818,0.1659211,-0.18544,-0.08295995,,
2023,6.0,12.0,115154.0,0.0,100.0,1982.0,20.0,-142.0,56.0,24.0,31.0,-9.0,-54.0,6.0,-9.0,-14.0,3.0,1.0,-1.0,-361.554,114.0543,102.2935,514.4551,-133.0067,-850.3708,-0.4218183,-0.1236363,0.05454528,0.1659211,0.30256,-0.08295995,,
2023,6.0,12.0,115154.0,0.0,101.0,2002.0,20.0,-141.0,59.0,24.0,31.0,-9.0,-54.0,17.0,-17.0,-18.0,2.0,0.0,0.0,-359.399,120.1244,100.048,514.4551,-133.0067,-850.3708,0.5781816,-0.850909,-0.3090911,-0.3220789,-0.18544,0.4050401,,
2023,6.0,12.0,115154.0,0.0,102.0,2022.0,20.0,-138.0,57.0,24.0,31.0,-9.0,-53.0,9.0,-9.0,-16.0,2.0,1.0,-1.0,-352.098,115.8243,100.6689,514.4551,-133.0067,-834.3382,-0.1490911,-0.1236363,-0.127273,-0.3220789,0.30256,-0.08295995,,
2023,6.0,12.0,115154.0,0.0,103.0,2042.0,20.0,-140.0,58.0,24.0,31.0,-9.0,-54.0,8.0,-9.0,-22.0,2.0,0.0,-1.0,-356.94,118.0089,100.4779,514.4551,-133.0067,-850.3708,-0.2400001,-0.1236363,-0.6727275,-0.3220789,-0.18544,-0.08295995,,
2023,6.0,12.0,115154.0,0.0,104.0,2062.0,20.0,-140.0,57.0,23.0,31.0,-9.0,-54.0,11.0,-5.0,-9.0,3.0,1.0,-1.0,-356.826,116.0168,99.66604,514.4551,-133.0067,-850.3708,0.03272712,0.24,0.5090907,0.1659211,0.30256,-0.08295995,,
2023,6.0,12.0,115154.0,0.0,105.0,2082.0,20.0,-140.0,58.0,20.0,31.0,-9.0,-54.0,19.0,-12.0,-23.0,3.0,0.0,0.0,-356.788,118.2261,94.55503,514.4551,-133.0067,-850.3708,0.7599999,-0.3963636,-0.7636365,0.1659211,-0.18544,0.4050401,,
2023,6.0,12.0,115154.0,0.0,106.0,2102.0,20.0,-139.0,61.0,23.0,31.0,-9.0,-54.0,10.0,-10.0,-14.0,3.0,1.0,-2.0,-354.747,124.1333,96.75165,514.4551,-133.0067,-850.3708,-0.05818194,-0.2145454,0.05454528,0.1659211,0.30256,-0.5709599,,
2023,6.0,12.0,115154.0,0.0,107.0,2122.0,20.0,-141.0,60.0,21.0,31.0,-9.0,-54.0,14.0,-10.0,-24.0,2.0,0.0,-1.0,-359.361,122.3336,94.93697,514.4551,-133.0067,-850.3708,0.3054544,-0.2145454,-0.8545457,-0.3220789,-0.18544,-0.08295995,,
2023,6.0,12.0,115154.0,0.0,108.0,2142.0,20.0,-143.0,58.0,23.0,31.0,-9.0,-54.0,5.0,-6.0,-16.0,2.0,1.0,-1.0,-364.051,118.2705,99.71401,514.4551,-133.0067,-850.3708,-0.5127274,0.1490909,-0.127273,-0.3220789,0.30256,-0.08295995,,
2023,6.0,12.0,115154.0,0.0,109.0,2162.0,20.0,-141.0,58.0,25.0,31.0,-9.0,-54.0,8.0,-4.0,-14.0,2.0,0.0,-1.0,-359.361,118.0237,102.1975,514.4551,-133.0067,-850.3708,-0.2400001,0.3309091,0.05454528,-0.3220789,-0.18544,-0.08295995,,
2023,6.0,12.0,115154.0,0.0,110.0,2182.0,20.0,-141.0,58.0,24.0,31.0,-9.0,-54.0,11.0,-6.0,-16.0,2.0,1.0,-1.0,-359.323,118.078,100.7169,514.4551,-133.0067,-850.3708,0.03272712,0.1490909,-0.127273,-0.3220789,0.30256,-0.08295995,,
2023,6.0,12.0,115154.0,0.0,111.0,2202.0,20.0,-143.0,60.0,22.0,31.0,-9.0,-54.0,6.0,-2.0,-8.0,3.0,0.0,0.0,-364.165,122.4176,96.89557,514.4551,-133.0067,-850.3708,-0.4218183,0.5127273,0.5999998,0.1659211,-0.18544,0.4050401,,
2023,6.0,12.0,115154.0,0.0,112.0,2222.0,20.0,-141.0,59.0,23.0,31.0,-9.0,-54.0,11.0,-9.0,-7.0,2.0,1.0,-1.0,-359.361,120.1787,98.56726,514.4551,-133.0067,-850.3708,0.03272712,-0.1236363,0.6909089,-0.3220789,0.30256,-0.08295995,,
2023,6.0,12.0,115154.0,0.0,113.0,2241.97,19.9697,-139.0,61.0,24.0,31.0,-9.0,-54.0,13.0,-12.0,-16.0,3.0,0.0,-1.0,-354.785,124.0789,98.23236,514.4551,-133.0067,-850.3708,0.2145452,-0.3963636,-0.127273,0.1659211,-0.18544,-0.08295995,,
2023,6.0,12.0,115154.0,0.0,114.0,2262.0,20.0303,-140.0,59.0,22.0,31.0,-9.0,-54.0,17.0,-1.0,-16.0,3.0,1.0,-1.0,-356.94,120.1638,96.8476,514.4551,-133.0067,-850.3708,0.5781816,0.6036364,-0.127273,0.1659211,0.30256,-0.08295995,,
2023,6.0,12.0,115154.0,0.0,115.0,2282.0,20.0,-141.0,56.0,24.0,31.0,-9.0,-54.0,4.0,-10.0,-18.0,3.0,0.0,-1.0,-359.171,113.9852,102.0546,514.4551,-133.0067,-850.3708,-0.6036365,-0.2145454,-0.3090911,0.1659211,-0.18544,-0.08295995,,
2023,6.0,12.0,115154.0,0.0,116.0,2301.97,19.9697,-141.0,57.0,23.0,31.0,-9.0,-54.0,2.0,-5.0,-12.0,3.0,0.0,0.0,-359.209,116.0859,99.90498,514.4551,-133.0067,-850.3708,-0.7854547,0.24,0.2363634,0.1659211,-0.18544,0.4050401,,
2023,6.0,12.0,115154.0,0.0,117.0,2322.0,20.0303,-141.0,59.0,22.0,31.0,-9.0,-54.0,10.0,-2.0,-9.0,2.0,1.0,-1.0,-359.323,120.2329,97.08655,514.4551,-133.0067,-850.3708,-0.05818194,0.5127273,0.5090907,-0.3220789,0.30256,-0.08295995,,
2023,6.0,12.0,115154.0,0.0,118.0,2342.0,20.0,-141.0,58.0,23.0,31.0,-9.0,-54.0,9.0,-16.0,-11.0,3.0,1.0,-1.0,-359.285,118.1323,99.23612,514.4551,-133.0067,-850.3708,-0.1490911,-0.76,0.3272725,0.1659211,0.30256,-0.08295995,,
2023,6.0,12.0,115154.0,0.0,119.0,2362.0,20.0,-143.0,58.0,22.0,31.0,-9.0,-54.0,11.0,-4.0,-8.0,3.0,0.0,0.0,-364.013,118.3248,98.2333,514.4551,-133.0067,-850.3708,0.03272712,0.3309091,0.5999998,0.1659211,-0.18544,0.4050401,,
2023,6.0,12.0,115154.0,0.0,120.0,2382.0,20.0,-142.0,58.0,21.0,31.0,-9.0,-53.0,14.0,-15.0,-12.0,2.0,0.0,-1.0,-361.592,118.3099,96.51364,514.4551,-133.0067,-834.3382,0.3054544,-0.6690909,0.2363634,-0.3220789,-0.18544,-0.08295995,,
2023,6.0,12.0,115154.0,0.0,121.0,2402.0,20.0,-139.0,58.0,23.0,31.0,-9.0,-53.0,19.0,-5.0,-18.0,3.0,0.0,-1.0,-354.519,117.9941,98.75824,514.4551,-133.0067,-834.3382,0.7599999,0.24,-0.3090911,0.1659211,-0.18544,-0.08295995,,
2023,6.0,12.0,115154.0,0.0,122.0,2422.0,20.0,-140.0,60.0,22.0,31.0,-9.0,-54.0,6.0,-9.0,-16.0,2.0,0.0,-1.0,-357.016,122.2102,96.17874,514.4551,-133.0067,-850.3708,-0.4218183,-0.1236363,-0.127273,-0.3220789,-0.18544,-0.08295995,,
2023,6.0,12.0,115154.0,0.0,123.0,2442.0,20.0,-142.0,58.0,25.0,31.0,-9.0,-54.0,10.0,-2.0,-16.0,3.0,0.0,-1.0,-361.744,118.0928,102.4365,514.4551,-133.0067,-850.3708,-0.05818194,0.5127273,-0.127273,0.1659211,-0.18544,-0.08295995,,
2023,6.0,12.0,115154.0,0.0,124.0,2462.0,20.0,-140.0,60.0,23.0,31.0,-9.0,-54.0,7.0,-10.0,-8.0,3.0,0.0,0.0,-357.054,122.1559,97.65946,514.4551,-133.0067,-850.3708,-0.3309093,-0.2145454,0.5999998,0.1659211,-0.18544,0.4050401,,
2023,6.0,12.0,115154.0,0.0,125.0,2482.0,20.0,-138.0,59.0,23.0,31.0,-9.0,-53.0,6.0,-6.0,-17.0,2.0,0.0,-1.0,-352.212,119.9714,97.85042,514.4551,-133.0067,-834.3382,-0.4218183,0.1490909,-0.218182,-0.3220789,-0.18544,-0.08295995,,
2023,6.0,12.0,115154.0,0.0,126.0,2502.0,20.0,-141.0,60.0,22.0,31.0,-9.0,-54.0,10.0,-12.0,-22.0,3.0,0.0,-1.0,-359.399,122.2793,96.41769,514.4551,-133.0067,-850.3708,-0.05818194,-0.3963636,-0.6727275,0.1659211,-0.18544,-0.08295995,,
2023,6.0,12.0,115154.0,0.0,127.0,2522.0,20.0,-139.0,59.0,24.0,31.0,-9.0,-54.0,9.0,-11.0,-16.0,2.0,0.0,-1.0,-354.633,119.9861,99.57008,514.4551,-133.0067,-850.3708,-0.1490911,-0.3054545,-0.127273,-0.3220789,-0.18544,-0.08295995,,
2023,6.0,12.0,115154.0,0.0,128.0,2542.0,20.0,-140.0,59.0,24.0,31.0,-10.0,-54.0,13.0,2.0,-19.0,2.0,1.0,-1.0,-357.016,120.0553,99.80903,514.4551,-149.0394,-850.3708,0.2145452,0.8763637,-0.4000002,-0.3220789,0.30256,-0.08295995,,
2023,6.0,12.0,115154.0,0.0,129.0,2562.0,20.0,-141.0,59.0,22.0,31.0,-9.0,-54.0,10.0,-5.0,-15.0,3.0,-1.0,-1.0,-359.323,120.2329,97.08655,514.4551,-133.0067,-850.3708,-0.05818194,0.24,-0.03636384,0.1659211,-0.67344,-0.08295995,,
2023,6.0,12.0,115154.0,0.0,130.0,2582.0,20.0,-140.0,56.0,22.0,31.0,-9.0,-54.0,14.0,-8.0,-15.0,2.0,1.0,0.0,-356.712,114.0247,98.85418,514.4551,-133.0067,-850.3708,0.3054544,-0.03272724,-0.03636384,-0.3220789,0.30256,0.4050401,,
2023,6.0,12.0,115154.0,0.0,131.0,2602.0,20.0,-140.0,57.0,24.0,31.0,-9.0,-53.0,5.0,-8.0,-3.0,4.0,1.0,-1.0,-356.864,115.9625,101.1468,514.4551,-133.0067,-834.3382,-0.5127274,-0.03272724,1.054545,0.6539211,0.30256,-0.08295995,,
== yy1 ==============,,,,,,,,,,,,,,,,,,,,,,,,,,,,,,,,,
2023,6.0,12.0,115154.0,1.0,1.0,5402.0,0.0,112.0,70.0,-127.0,274.0,-97.0,382.0,49.0,-22.0,48.0,-1844.0,-221.0,1352.0,248.402,133.3504,-191.3509,4410.385,-1543.878,6139.857,3.487273,-1.305454,5.690909,-901.1701,-108.0334,660.181,,
2023,6.0,12.0,115154.0,1.0,2.0,5404.0,2.0,115.0,70.0,-125.0,271.0,-100.0,384.0,52.0,-24.0,62.0,-1848.0,-206.0,1371.0,255.475,133.0345,-189.1063,4362.287,-1591.976,6171.922,3.76,-1.487273,6.963636,-903.1221,-100.7134,669.4531,,
2023,6.0,12.0,115154.0,1.0,3.0,5406.03,2.030303,115.0,71.0,-121.0,269.0,-103.0,386.0,56.0,-19.0,52.0,-1855.0,-191.0,1387.0,255.247,134.8638,-183.8523,4330.222,-1640.074,6203.987,4.123636,-1.032727,6.054545,-906.5381,-93.39344,677.261,,
2023,6.0,12.0,115154.0,1.0,4.0,5408.061,2.030303,118.0,70.0,-119.0,267.0,-105.0,389.0,54.0,-24.0,57.0,-1867.0,-175.0,1396.0,262.396,132.5015,-180.9388,4298.156,-1672.139,6252.085,3.941818,-1.487273,6.50909,-912.3941,-85.58544,681.653,,
2023,6.0,12.0,115154.0,1.0,5.0,5410.0,1.939394,118.0,71.0,-117.0,264.0,-109.0,390.0,49.0,-22.0,56.0,-1881.0,-157.0,1402.0,262.244,134.4393,-178.6463,4250.059,-1736.27,6268.118,3.487273,-1.305454,6.418181,-919.2261,-76.80144,684.5811,,
2023,6.0,12.0,115154.0,1.0,6.0,5412.0,2.0,119.0,71.0,-116.0,263.0,-113.0,392.0,50.0,-29.0,67.0,-1899.0,-137.0,1406.0,264.589,134.3159,-177.4045,4234.026,-1800.401,6300.183,3.578182,-1.941818,7.418181,-928.0101,-67.04144,686.533,,
2023,6.0,12.0,115154.0,1.0,7.0,5414.0,2.0,120.0,72.0,-112.0,261.0,-117.0,396.0,41.0,-24.0,49.0,-1921.0,-115.0,1406.0,266.744,136.076,-172.3895,4201.96,-1864.531,6364.314,2.76,-1.487273,5.781818,-938.7461,-56.30544,686.533,,
2023,6.0,12.0,115154.0,1.0,8.0,5416.0,2.0,122.0,72.0,-112.0,257.0,-122.0,403.0,50.0,-26.0,68.0,-1943.0,-91.0,1402.0,271.51,135.9378,-172.8674,4137.83,-1944.694,6476.542,3.578182,-1.669091,7.50909,-949.4821,-44.59344,684.5811,,
2023,6.0,12.0,115154.0,1.0,9.0,5418.0,2.0,122.0,70.0,-109.0,253.0,-127.0,411.0,47.0,-22.0,66.0,-1973.0,-62.0,1397.0,271.548,131.6821,-167.0875,4073.699,-2024.857,6604.803,3.305455,-1.305454,7.327272,-964.1221,-30.44144,682.1411,,
2023,6.0,12.0,115154.0,1.0,10.0,5420.0,2.0,123.0,72.0,-108.0,251.0,-132.0,420.0,47.0,-28.0,61.0,-2004.0,-33.0,1399.0,273.741,135.6515,-167.1835,4041.634,-2105.021,6749.097,3.305455,-1.850909,6.872727,-979.2501,-16.28944,683.1171,,
2023,6.0,12.0,115154.0,1.0,11.0,5422.0,2.0,126.0,71.0,-102.0,247.0,-136.0,427.0,46.0,-33.0,65.0,-2037.0,0.0,1402.0,280.738,133.0721,-158.3472,3977.504,-2169.151,6861.325,3.214545,-2.305454,7.236363,-995.3541,-0.18544,684.5811,,
2023,6.0,12.0,115154.0,1.0,12.0,5424.0,2.0,124.0,69.0,-98.0,244.0,-139.0,435.0,50.0,-26.0,59.0,-2072.0,38.0,1404.0,275.972,128.9003,-150.6086,3929.406,-2217.249,6989.586,3.578182,-1.669091,6.690909,-1012.434,18.35856,685.557,,
2023,6.0,12.0,115154.0,1.0,13.0,5426.0,2.0,126.0,70.0,-95.0,242.0,-141.0,443.0,44.0,-21.0,61.0,-2113.0,77.0,1408.0,280.548,130.6456,-147.3133,3897.341,-2249.314,7117.848,3.032727,-1.214545,6.872727,-1032.442,37.39056,687.509,,
2023,6.0,12.0,115154.0,1.0,14.0,5428.0,2.0,131.0,69.0,-92.0,242.0,-141.0,443.0,48.0,-39.0,69.0,-2113.0,77.0,1408.0,292.425,128.0908,-143.397,3897.341,-2249.314,7117.848,3.396364,-2.850909,7.6,-1032.442,37.39056,687.509,,
2023,6.0,12.0,115154.0,1.0,15.0,5430.0,2.0,128.0,66.0,-91.0,245.0,-139.0,461.0,44.0,-29.0,62.0,-2194.0,162.0,1417.0,285.466,122.1046,-139.1928,3945.438,-2217.249,7406.435,3.032727,-1.941818,6.963636,-1071.97,78.87056,691.9011,,
2023,6.0,12.0,115154.0,1.0,16.0,5432.0,2.0,131.0,67.0,-84.0,249.0,-135.0,469.0,42.0,-24.0,83.0,-2238.0,204.0,1419.0,292.273,123.5637,-130.2135,4009.569,-2153.118,7534.696,2.850909,-1.487273,8.872727,-1093.442,99.36656,692.877,,
2023,6.0,12.0,115154.0,1.0,17.0,5434.0,2.0,131.0,68.0,-82.0,252.0,-132.0,476.0,53.0,-29.0,75.0,-2284.0,247.0,1417.0,292.121,125.5015,-127.921,4057.667,-2105.021,7646.924,3.850909,-1.941818,8.145454,-1115.89,120.3506,691.9011,,
2023,6.0,12.0,115154.0,1.0,18.0,5436.0,2.0,134.0,64.0,-78.0,256.0,-129.0,482.0,49.0,-26.0,76.0,-2338.0,284.0,1413.0,299.422,116.8914,-120.0395,4121.797,-2056.923,7743.12,3.487273,-1.669091,8.236363,-1142.242,138.4066,689.949,,
2023,6.0,12.0,115154.0,1.0,19.0,5438.0,2.0,137.0,65.0,-74.0,262.0,-125.0,487.0,51.0,-22.0,70.0,-2397.0,317.0,1408.0,306.343,118.5133,-115.5023,4217.993,-1992.792,7823.283,3.669091,-1.305454,7.690909,-1171.034,154.5106,687.509,,
2023,6.0,12.0,115154.0,1.0,20.0,5440.0,2.0,135.0,64.0,-71.0,270.0,-121.0,493.0,60.0,-27.0,70.0,-2463.0,345.0,1401.0,301.539,116.4423,-109.9135,4346.254,-1928.661,7919.479,4.487273,-1.76,7.690909,-1203.242,168.1746,684.093,,
2023,6.0,12.0,115154.0,1.0,21.0,5442.0,2.0,140.0,62.0,-67.0,281.0,-116.0,500.0,54.0,-19.0,77.0,-2537.0,366.0,1389.0,313.454,111.7868,-103.8476,4522.613,-1848.498,8031.708,3.941818,-1.032727,8.327272,-1239.354,178.4226,678.2371,,
2023,6.0,12.0,115154.0,1.0,22.0,5444.0,2.0,139.0,64.0,-64.0,296.0,-110.0,510.0,49.0,-22.0,77.0,-2615.0,375.0,1373.0,310.805,115.7858,-100.5042,4763.103,-1752.303,8192.034,3.487273,-1.305454,8.327272,-1277.418,182.8146,670.429,,
2023,6.0,12.0,115154.0,1.0,23.0,5446.0,2.0,142.0,61.0,-58.0,312.0,-102.0,521.0,53.0,-26.0,77.0,-2700.0,373.0,1351.0,317.954,109.1135,-90.3302,5019.625,-1624.042,8368.393,3.850909,-1.669091,8.327272,-1318.898,181.8386,659.6931,,
2023,6.0,12.0,115154.0,1.0,24.0,5448.0,2.0,143.0,60.0,-52.0,327.0,-92.0,532.0,73.0,-23.0,90.0,-2794.0,361.0,1326.0,320.185,106.6722,-81.01599,5260.114,-1463.715,8544.752,5.669091,-1.396363,9.50909,-1364.77,175.9826,647.493,,
2023,6.0,12.0,115154.0,1.0,25.0,5450.0,2.0,139.0,57.0,-48.0,342.0,-82.0,544.0,65.0,-15.0,86.0,-2894.0,342.0,1296.0,310.729,100.5923,-72.13078,5500.604,-1303.389,8737.144,4.941818,-0.6690909,9.145454,-1413.57,166.7106,632.853,,
2023,6.0,12.0,115154.0,1.0,26.0,5452.0,2.0,145.0,55.0,-47.0,355.0,-73.0,557.0,58.0,-15.0,84.0,-3001.0,316.0,1263.0,325.141,96.03061,-70.746,5709.028,-1159.095,8945.567,4.305455,-0.6690909,8.963636,-1465.786,154.0226,616.749,,
2023,6.0,12.0,115154.0,1.0,27.0,5454.0,2.0,147.0,54.0,-42.0,367.0,-63.0,571.0,57.0,-12.0,90.0,-3114.0,286.0,1225.0,329.793,93.57452,-63.15146,5901.419,-998.7689,9170.024,4.214545,-0.3963636,9.50909,-1520.93,139.3826,598.205,,
2023,6.0,12.0,115154.0,1.0,28.0,5456.0,2.0,144.0,54.0,-38.0,377.0,-51.0,587.0,71.0,-4.0,96.0,-3233.0,249.0,1187.0,322.492,93.56467,-56.51176,6061.746,-806.3773,9426.547,5.487273,0.3309091,10.05455,-1579.002,121.3266,579.661,,
2023,6.0,12.0,115154.0,1.0,29.0,5458.0,2.0,145.0,51.0,-35.0,386.0,-38.0,606.0,70.0,-3.0,93.0,-3354.0,206.0,1145.0,324.989,87.19347,-50.30197,6206.04,-597.9531,9731.167,5.396364,0.4218182,9.781817,-1638.05,100.3426,559.165,,
2023,6.0,12.0,115154.0,1.0,30.0,5460.0,2.0,147.0,51.0,-32.0,395.0,-22.0,628.0,74.0,-7.0,103.0,-3476.0,152.0,1100.0,329.641,86.8924,-46.33772,6350.333,-341.4309,10083.88,5.76,0.05818188,10.69091,-1697.586,73.99056,537.205,,
2023,6.0,12.0,115154.0,1.0,31.0,5462.0,2.0,147.0,50.0,-27.0,402.0,-3.0,652.0,67.0,5.0,105.0,-3598.0,91.0,1054.0,329.527,84.57452,-38.26529,6462.562,-36.81092,10468.67,5.123636,1.149091,10.87273,-1757.122,44.22256,514.757,,
2023,6.0,12.0,115154.0,1.0,32.0,5464.0,2.0,148.0,45.0,-27.0,406.0,18.0,677.0,70.0,6.0,115.0,-3715.0,23.0,1006.0,332.29,74.27345,-35.15991,6526.692,299.8744,10869.48,5.396364,1.24,11.78182,-1814.218,11.03856,491.333,,
2023,6.0,12.0,115154.0,1.0,33.0,5466.0,2.0,150.0,45.0,-23.0,405.0,42.0,695.0,83.0,7.0,114.0,-3819.0,-47.0,953.0,336.904,73.91806,-29.71495,6510.66,684.6575,11158.07,6.578182,1.330909,11.69091,-1864.97,-23.12144,465.469,,
2023,6.0,12.0,115154.0,1.0,34.0,5468.0,2.0,149.0,47.0,-21.0,414.0,58.0,722.0,70.0,14.0,117.0,-3925.0,-127.0,907.0,334.293,77.97137,-27.85231,6654.953,941.1796,11590.95,5.396364,1.967273,11.96364,-1916.698,-62.16144,443.021,,
2023,6.0,12.0,115154.0,1.0,35.0,5470.0,2.0,148.0,45.0,-21.0,415.0,78.0,752.0,70.0,18.0,126.0,-4032.0,-206.0,852.0,332.062,73.94768,-26.27562,6670.986,1261.832,12071.93,5.396364,2.330909,12.78182,-1968.914,-100.7134,416.181,,
2023,6.0,12.0,115154.0,1.0,36.0,5472.0,2.0,150.0,42.0,-19.0,400.0,105.0,775.0,72.0,10.0,122.0,-4112.0,-289.0,783.0,336.98,67.56169,-21.78551,6430.497,1694.713,12440.68,5.578182,1.603637,12.41818,-2007.954,-141.2174,382.509,,
2023,6.0,12.0,115154.0,1.0,37.0,5474.0,2.0,150.0,40.0,-18.0,394.0,126.0,794.0,71.0,20.0,130.0,-4177.0,-374.0,733.0,337.094,63.4146,-18.96709,6334.301,2031.399,12745.3,5.487273,2.512727,13.14545,-2039.674,-182.6974,358.109,,
2023,6.0,12.0,115154.0,1.0,38.0,5476.0,2.0,150.0,40.0,-17.0,406.0,136.0,824.0,71.0,26.0,136.0,-4248.0,-460.0,688.0,337.056,63.36032,-17.48636,6526.692,2191.725,13226.28,5.487273,3.058182,13.69091,-2074.322,-224.6654,336.149,,
2023,6.0,12.0,115154.0,1.0,39.0,5478.0,2.0,147.0,39.0,-18.0,395.0,158.0,861.0,67.0,29.0,145.0,-4324.0,-543.0,637.0,330.021,61.57552,-17.58138,6350.333,2544.443,13819.49,5.123636,3.330909,14.50909,-2111.41,-265.1694,311.261,,
2023,6.0,12.0,115154.0,1.0,40.0,5480.0,2.0,151.0,39.0,-19.0,371.0,176.0,892.0,63.0,34.0,150.0,-4373.0,-617.0,586.0,339.591,61.35339,-20.01787,5965.55,2833.03,14316.5,4.76,3.785455,14.96364,-2135.322,-301.2814,286.373,,
2023,6.0,12.0,115154.0,1.0,41.0,5482.0,2.0,150.0,39.0,-18.0,373.0,193.0,923.0,62.0,34.0,147.0,-4423.0,-696.0,571.0,337.17,61.36821,-18.29822,5997.615,3105.585,14813.51,4.669091,3.785455,14.69091,-2159.722,-339.8334,279.053,,
2023,6.0,12.0,115154.0,1.0,42.0,5484.0,2.0,151.0,35.0,-17.0,378.0,203.0,964.0,59.0,42.0,165.0,-4491.0,-775.0,553.0,339.819,53.05925,-14.381,6077.779,3265.911,15470.85,4.396364,4.512727,16.32727,-2192.906,-378.3854,270.269,,
2023,6.0,12.0,115154.0,1.0,43.0,5486.0,2.0,150.0,37.0,-21.0,352.0,224.0,1003.0,51.0,40.0,169.0,-4548.0,-849.0,534.0,337.436,57.43829,-21.40263,5660.93,3602.597,16096.12,3.669091,4.330909,16.69091,-2220.722,-414.4974,260.997,,
2023,6.0,12.0,115154.0,1.0,44.0,5488.0,2.0,150.0,37.0,-22.0,326.0,246.0,1029.0,48.0,51.0,161.0,-4581.0,-908.0,539.0,337.474,57.4926,-22.88333,5244.082,3955.314,16512.97,3.396364,5.330909,15.96364,-2236.826,-443.2894,263.437,,
2023,6.0,12.0,115154.0,1.0,45.0,5490.0,2.0,148.0,34.0,-21.0,307.0,275.0,1042.0,57.0,54.0,171.0,-4588.0,-950.0,557.0,332.898,51.43733,-18.91815,4939.461,4420.261,16721.39,4.214545,5.603637,16.87273,-2240.242,-463.7854,272.221,,
2023,6.0,12.0,115154.0,1.0,46.0,5492.0,2.0,148.0,33.0,-26.0,291.0,301.0,1053.0,49.0,55.0,174.0,-4576.0,-981.0,570.0,333.164,49.66238,-25.65286,4682.939,4837.109,16897.75,3.487273,5.694546,17.14545,-2234.386,-478.9134,278.565,,
2023,6.0,12.0,115154.0,1.0,47.0,5494.0,2.0,149.0,32.0,-25.0,272.0,331.0,1065.0,50.0,66.0,170.0,-4553.0,-997.0,581.0,335.585,47.4926,-23.74223,4378.319,5318.088,17090.14,3.578182,6.694546,16.78182,-2223.162,-486.7214,283.933,,
2023,6.0,12.0,115154.0,1.0,48.0,5496.0,2.0,147.0,33.0,-26.0,251.0,360.0,1074.0,37.0,70.0,168.0,-4513.0,-996.0,593.0,330.781,49.73149,-25.41393,4041.634,5783.035,17234.44,2.396363,7.058182,16.6,-2203.642,-486.2334,289.789,,
2023,6.0,12.0,115154.0,1.0,49.0,5498.0,2.0,150.0,34.0,-29.0,231.0,386.0,1076.0,34.0,67.0,168.0,-4459.0,-981.0,609.0,337.968,51.73346,-31.24178,3720.982,6199.883,17266.5,2.123636,6.785455,16.6,-2177.29,-478.9134,297.597,,
2023,6.0,12.0,115154.0,1.0,50.0,5500.0,2.0,152.0,31.0,-32.0,213.0,405.0,1074.0,40.0,65.0,158.0,-4391.0,-957.0,629.0,343.076,45.61896,-34.15523,3432.394,6504.503,17234.44,2.669091,6.603637,15.69091,-2144.106,-467.2014,307.357,,
2023,6.0,12.0,115154.0,1.0,51.0,5502.0,2.0,148.0,32.0,-35.0,196.0,420.0,1067.0,32.0,74.0,167.0,-4318.0,-924.0,658.0,333.582,48.10464,-38.31044,3159.839,6744.993,17122.21,1.941818,7.421818,16.50909,-2108.482,-451.0974,321.509,,
2023,6.0,12.0,115154.0,1.0,52.0,5504.0,2.0,150.0,31.0,-35.0,183.0,432.0,1061.0,32.0,78.0,169.0,-4247.0,-883.0,701.0,338.424,45.92004,-38.11948,2951.415,6937.384,17026.01,1.941818,7.785455,16.69091,-2073.834,-431.0894,342.493,,
2023,6.0,12.0,115154.0,1.0,53.0,5506.0,2.0,150.0,30.0,-37.0,176.0,440.0,1060.0,31.0,77.0,169.0,-4176.0,-835.0,756.0,338.576,43.98222,-40.41205,2839.187,7065.645,17009.98,1.850909,7.694546,16.69091,-2039.186,-407.6654,369.333,,
2023,6.0,12.0,115154.0,1.0,54.0,5508.0,2.0,149.0,29.0,-40.0,175.0,446.0,1061.0,34.0,73.0,159.0,-4104.0,-780.0,823.0,336.383,42.16782,-43.94638,2823.154,7161.841,17026.01,2.123636,7.330909,15.78182,-2004.05,-380.8254,402.029,,
2023,6.0,12.0,115154.0,1.0,55.0,5510.0,2.0,149.0,28.0,-37.0,182.0,452.0,1062.0,33.0,74.0,161.0,-4033.0,-717.0,898.0,336.345,39.95854,-38.83537,2935.383,7258.037,17042.05,2.032727,7.421818,15.96364,-1969.402,-350.0814,438.629,,
2023,6.0,12.0,115154.0,1.0,56.0,5512.0,2.0,148.0,27.0,-44.0,194.0,464.0,1065.0,45.0,80.0,166.0,-3959.0,-648.0,982.0,334.304,38.3613,-48.29257,3127.774,7450.428,17090.14,3.123636,7.967273,16.41818,-1933.29,-316.4094,479.621,,
2023,6.0,12.0,115154.0,1.0,57.0,5514.0,2.0,151.0,26.0,-43.0,214.0,475.0,1068.0,45.0,81.0,176.0,-3887.0,-594.0,1062.0,341.491,36.05331,-46.85983,3448.427,7626.788,17138.24,3.123636,8.058182,17.32727,-1898.154,-290.0574,518.661,,
2023,6.0,12.0,115154.0,1.0,58.0,5516.0,2.0,149.0,24.0,-44.0,231.0,481.0,1085.0,50.0,86.0,165.0,-3835.0,-535.0,1133.0,336.915,32.15302,-46.52493,3720.982,7722.983,17410.8,3.578182,8.512728,16.32727,-1872.778,-261.2654,553.309,,
2023,6.0,12.0,115154.0,1.0,59.0,5518.0,2.0,150.0,22.0,-46.0,249.0,490.0,1102.0,50.0,85.0,175.0,-3800.0,-467.0,1204.0,339.526,28.0997,-48.38759,4009.569,7867.277,17683.35,3.578182,8.421818,17.23636,-1855.698,-228.0814,587.957,,
2023,6.0,12.0,115154.0,1.0,60.0,5520.0,2.0,148.0,20.0,-48.0,271.0,501.0,1121.0,56.0,83.0,182.0,-3778.0,-402.0,1264.0,334.988,24.25369,-49.5334,4362.287,8043.636,17987.97,4.123636,8.24,17.87273,-1844.962,-196.3614,617.2371,,
2023,6.0,12.0,115154.0,1.0,61.0,5522.0,2.0,146.0,22.0,-49.0,293.0,512.0,1152.0,55.0,92.0,195.0,-3779.0,-339.0,1309.0,330.108,28.53899,-51.87393,4715.005,8219.995,18484.98,4.032727,9.058182,19.05454,-1845.45,-165.6174,639.197,,
2023,6.0,12.0,115154.0,1.0,62.0,5524.0,2.0,151.0,16.0,-50.0,314.0,533.0,1192.0,68.0,93.0,202.0,-3806.0,-276.0,1340.0,342.517,15.96938,-50.53622,5051.69,8556.68,19126.29,5.214545,9.149091,19.69091,-1858.626,-134.8734,654.325,,
2023,6.0,12.0,115154.0,1.0,63.0,5526.0,2.0,148.0,11.0,-51.0,338.0,555.0,1245.0,73.0,92.0,218.0,-3854.0,-210.0,1358.0,335.786,5.999008,-47.95578,5436.473,8909.398,19976.02,5.669091,9.058182,21.14545,-1882.05,-102.6654,663.109,,
2023,6.0,12.0,115154.0,1.0,64.0,5528.0,2.0,149.0,13.0,-53.0,363.0,574.0,1305.0,71.0,98.0,229.0,-3929.0,-146.0,1368.0,338.093,10.13127,-52.49388,5837.289,9214.018,20937.98,5.487273,9.603637,22.14545,-1918.65,-71.43344,667.989,,
2023,6.0,12.0,115154.0,1.0,65.0,5530.0,2.0,148.0,12.0,-54.0,381.0,602.0,1369.0,67.0,105.0,235.0,-4019.0,-84.0,1366.0,335.824,8.208298,-53.06679,6125.876,9662.932,21964.06,5.123636,10.24,22.69091,-1962.57,-41.17744,667.0131,,
2023,6.0,12.0,115154.0,1.0,66.0,5532.0,2.0,149.0,10.0,-56.0,402.0,634.0,1439.0,75.0,106.0,252.0,-4119.0,-18.0,1359.0,338.435,4.154984,-54.92944,6462.562,10175.98,23086.35,5.850909,10.33091,24.23636,-2011.37,-8.96944,663.597,,
2023,6.0,12.0,115154.0,1.0,67.0,5534.0,2.0,147.0,5.0,-58.0,426.0,674.0,1521.0,81.0,123.0,259.0,-4234.0,51.0,1345.0,334.125,-5.8302,-54.06868,6847.345,10817.28,24401.03,6.396364,11.87636,24.87273,-2067.49,24.70256,656.765,,
2023,6.0,12.0,115154.0,1.0,68.0,5536.0,2.0,148.0,6.0,-58.0,449.0,719.0,1612.0,89.0,133.0,284.0,-4356.0,122.0,1320.0,336.432,-3.852905,-54.97649,7216.096,11538.75,25859.99,7.123636,12.78545,27.14545,-2127.026,59.35056,644.5651,,
2023,6.0,12.0,115154.0,1.0,69.0,5538.0,2.0,147.0,2.0,-58.0,478.0,776.0,1711.0,88.0,141.0,296.0,-4483.0,195.0,1285.0,334.353,-11.96939,-52.06209,7681.042,12452.61,27447.22,7.032727,13.51273,28.23636,-2189.002,94.97456,627.485,,
2023,6.0,12.0,115154.0,1.0,70.0,5540.0,2.0,148.0,2.0,-58.0,512.0,839.0,1816.0,92.0,153.0,312.0,-4609.0,263.0,1243.0,336.736,-12.0385,-52.30104,8226.151,13462.67,29130.65,7.396363,14.60364,29.69091,-2250.49,128.1586,606.989,,
2023,6.0,12.0,115154.0,1.0,71.0,5542.0,2.0,145.0,-1.0,-61.0,544.0,908.0,1924.0,92.0,166.0,330.0,-4736.0,325.0,1195.0,329.929,-17.8075,-54.01976,8739.195,14568.92,30862.18,7.396363,15.78545,31.32727,-2312.466,158.4146,583.5651,,
2023,6.0,12.0,115154.0,1.0,72.0,5544.0,2.0,146.0,-3.0,-58.0,569.0,981.0,2033.0,102.0,171.0,346.0,-4865.0,378.0,1149.0,332.35,-22.13228,-48.47884,9140.012,15739.3,32609.73,8.305454,16.24,32.78182,-2375.418,184.2786,561.1171,,
2023,6.0,12.0,115154.0,1.0,73.0,5546.0,2.0,147.0,-3.0,-58.0,588.0,1057.0,-2048.0,99.0,201.0,372.0,-4990.0,427.0,1106.0,334.733,-22.20139,-48.71779,9444.632,16957.78,-32819.44,8.032727,18.96727,35.14545,-2436.418,208.1906,540.1331,,
2023,6.0,12.0,115154.0,1.0,74.0,5548.0,2.0,150.0,-3.0,-60.0,599.0,1137.0,-2048.0,105.0,203.0,378.0,-5115.0,474.0,1071.0,341.958,-22.30009,-52.39604,9620.99,18240.39,-32819.44,8.578182,19.14909,35.69091,-2497.418,231.1266,523.053,,
2023,6.0,12.0,115154.0,1.0,75.0,5550.0,2.0,147.0,-4.0,-60.0,604.0,1228.0,-2048.0,104.0,225.0,405.0,-5226.0,529.0,1052.0,334.885,-24.13919,-51.01035,9701.153,19699.36,-32819.44,8.487272,21.14909,38.14545,-2551.586,257.9666,513.781,,
2023,6.0,12.0,115154.0,1.0,76.0,5552.0,2.0,147.0,-4.0,-59.0,607.0,1328.0,-2048.0,102.0,254.0,420.0,-5315.0,604.0,1047.0,334.847,-24.19348,-49.52963,9749.251,21302.62,-32819.44,8.305454,23.78546,39.50909,-2595.018,294.5666,511.341,,
2023,6.0,12.0,115154.0,1.0,77.0,5554.0,2.0,147.0,-2.0,-57.0,613.0,1439.0,-2048.0,105.0,266.0,430.0,-5377.0,704.0,1052.0,334.619,-20.20927,-47.90593,9845.447,23082.24,-32819.44,8.578182,24.87636,40.41818,-2625.274,343.3666,513.781,,
2023,6.0,12.0,115154.0,1.0,78.0,5556.0,2.0,148.0,-7.0,-56.0,626.0,1558.0,-2048.0,116.0,281.0,447.0,-5400.0,835.0,1061.0,337.344,-30.56467,-43.31985,10053.87,24990.13,-32819.44,9.578182,26.24,41.96364,-2636.498,407.2946,518.173,,
2023,6.0,12.0,115154.0,1.0,79.0,5558.0,2.0,148.0,-8.0,-54.0,642.0,1681.0,-2048.0,110.0,300.0,463.0,-5383.0,971.0,1072.0,337.344,-32.71965,-39.68956,10310.39,26962.14,-32819.44,9.032727,27.96727,43.41818,-2628.202,473.6626,523.541,,
2023,6.0,12.0,115154.0,1.0,80.0,5560.0,2.0,147.0,-7.0,-52.0,654.0,1803.0,-2048.0,111.0,329.0,456.0,-5324.0,1093.0,1080.0,334.809,-30.71274,-37.15805,10502.79,28918.12,-32819.44,9.123636,30.60364,42.78182,-2599.41,533.1986,527.445,,
2023,6.0,12.0,115154.0,1.0,81.0,5562.0,2.0,148.0,-10.0,-53.0,658.0,1929.0,-2048.0,102.0,340.0,473.0,-5234.0,1211.0,1102.0,337.458,-36.86673,-36.87111,10566.92,30938.23,-32819.44,8.305454,31.60364,44.32727,-2555.49,590.7826,538.181,,
2023,6.0,12.0,115154.0,1.0,82.0,5564.0,2.0,151.0,-9.0,-48.0,652.0,2046.0,-2048.0,112.0,359.0,480.0,-5094.0,1341.0,1124.0,344.341,-35.29912,-30.85324,10470.72,32814.05,-32819.44,9.214545,33.33091,44.96364,-2487.17,654.2226,548.9171,,
2023,6.0,12.0,115154.0,1.0,83.0,5566.0,2.0,146.0,-13.0,-49.0,637.0,-2048.0,-2048.0,102.0,375.0,487.0,-4905.0,1502.0,1154.0,332.768,-43.0849,-28.46378,10230.23,-32823.54,-32819.44,8.305454,34.78545,45.6,-2394.938,732.7906,563.557,,
2023,6.0,12.0,115154.0,1.0,84.0,5568.0,2.0,146.0,-17.0,-46.0,597.0,-2048.0,-2048.0,88.0,398.0,484.0,-4663.0,1687.0,1195.0,332.958,-51.43336,-21.34619,9588.925,-32823.54,-32819.44,7.032727,36.87637,45.32727,-2276.842,823.0706,583.5651,,
2023,6.0,12.0,115154.0,1.0,85.0,5570.0,2.0,148.0,-20.0,-40.0,537.0,-2048.0,-2048.0,77.0,396.0,494.0,-4363.0,1932.0,1256.0,337.724,-58.03651,-10.93321,8626.967,-32823.54,-32819.44,6.032727,36.69455,46.23637,-2130.442,942.6306,613.333,,
2023,6.0,12.0,115154.0,1.0,86.0,5572.0,2.0,147.0,-21.0,-34.0,466.0,-2048.0,-2048.0,71.0,417.0,505.0,-3988.0,2249.0,1327.0,335.189,-60.33958,-1.141113,7488.65,-32823.54,-32819.44,5.487273,38.60364,47.23637,-1947.442,1097.327,647.981,,
2023,6.0,12.0,115154.0,1.0,87.0,5574.0,2.0,149.0,-26.0,-26.0,411.0,-2048.0,-2048.0,65.0,425.0,513.0,-3566.0,2676.0,1420.0,340.031,-71.14413,13.57103,6606.855,-32823.54,-32819.44,4.941818,39.33091,47.96364,-1741.506,1305.703,693.3651,,
2023,6.0,12.0,115154.0,1.0,88.0,5576.0,2.0,144.0,-32.0,-21.0,367.0,-2048.0,-2048.0,53.0,423.0,523.0,-3106.0,3196.0,1520.0,328.382,-83.34847,26.18251,5901.419,-32823.54,-32819.44,3.850909,39.14909,48.87273,-1517.026,1559.463,742.165,,
2023,6.0,12.0,115154.0,1.0,89.0,5578.0,2.0,142.0,-35.0,-11.0,338.0,-2048.0,-2048.0,55.0,431.0,537.0,-2614.0,3814.0,1630.0,323.464,-89.8924,43.47413,5436.473,-32823.54,-32819.44,4.032727,39.87637,50.14545,-1276.93,1861.047,795.845,,
2023,6.0,12.0,115154.0,1.0,90.0,5580.0,2.0,140.0,-43.0,4.0,333.0,-2048.0,-2048.0,69.0,424.0,559.0,-2107.0,4530.0,1751.0,318.736,-106.9398,71.51364,5356.31,-32823.54,-32819.44,5.305455,39.24,52.14545,-1029.514,2210.455,854.8931,,
2023,6.0,12.0,115154.0,1.0,91.0,5582.0,2.0,132.0,-47.0,22.0,378.0,-2048.0,-2048.0,85.0,434.0,589.0,-1584.0,5335.0,1868.0,299.292,-115.5499,102.7535,6077.779,-32823.54,-32819.44,6.76,40.14909,54.87273,-774.2901,2603.294,911.989,,
2023,6.0,12.0,115154.0,1.0,92.0,5584.0,2.0,127.0,-54.0,38.0,493.0,-2048.0,-2048.0,114.0,444.0,633.0,-1055.0,6211.0,1953.0,287.301,-130.3978,132.3217,7921.531,-32823.54,-32819.44,9.396363,41.05818,58.87273,-516.1381,3030.782,953.4691,,
2023,6.0,12.0,115154.0,1.0,93.0,5586.0,2.0,119.0,-58.0,60.0,682.0,-2048.0,-2048.0,151.0,449.0,687.0,-516.0,7126.0,1982.0,267.705,-139.2251,169.4845,10951.7,-32823.54,-32819.44,12.76,41.51273,63.78182,-253.1061,3477.302,967.621,,
2023,6.0,12.0,115154.0,1.0,94.0,5588.0,2.0,106.0,-61.0,78.0,902.0,-2048.0,-2048.0,187.0,456.0,746.0,41.0,8037.0,2002.0,236.27,-145.4432,201.2502,14478.88,-32823.54,-32819.44,16.03273,42.14909,69.14545,18.70992,3921.871,977.381,,
2023,6.0,12.0,115154.0,1.0,95.0,5590.0,2.0,87.0,-67.0,100.0,1151.0,-2048.0,-2048.0,223.0,473.0,851.0,643.0,-8192.0,2047.0,190.613,-157.6032,242.3791,18471.0,-32823.54,-32819.44,19.30545,43.69455,78.69091,312.4859,-3997.882,999.3411,,
2023,6.0,12.0,115154.0,1.0,96.0,5592.0,2.0,65.0,-66.0,118.0,1433.0,-2048.0,-2048.0,270.0,492.0,920.0,1314.0,-8192.0,2145.0,137.427,-155.0138,273.6199,22992.21,-32823.54,-32819.44,23.57818,45.42182,84.96363,639.9339,-3997.882,1047.165,,
2023,6.0,12.0,115154.0,1.0,97.0,5594.0,2.0,38.0,-65.0,132.0,1709.0,-2048.0,-2048.0,299.0,515.0,975.0,1944.0,-8192.0,2262.0,72.478,-151.8618,300.1327,27417.21,-32823.54,-32819.44,26.21454,47.51273,89.96363,947.3739,-3997.882,1104.261,,
2023,6.0,12.0,115154.0,1.0,98.0,5596.0,2.0,5.0,-63.0,136.0,2047.0,-2048.0,-2048.0,293.0,559.0,910.0,2092.0,-8192.0,2321.0,-6.465012,-145.7058,312.603,32836.24,-32823.54,-32819.44,25.66909,51.51273,84.05454,1019.598,-3997.882,1133.053,,
2023,6.0,12.0,115154.0,1.0,99.0,5598.0,2.0,-34.0,-63.0,120.0,2047.0,-2048.0,-2048.0,145.0,531.0,850.0,949.0,-8192.0,2307.0,-98.79401,-142.1422,298.2305,32836.24,-32823.54,-32819.44,12.21455,48.96727,78.6,461.8139,-3997.882,1126.221,,
2023,6.0,12.0,115154.0,1.0,100.0,5600.0,2.0,-72.0,-75.0,66.0,2047.0,-2048.0,-2048.0,84.0,411.0,739.0,-1963.0,-8192.0,1617.0,-186.384,-161.1412,235.3782,32836.24,-32823.54,-32819.44,6.669091,38.05818,68.50909,-959.2421,-3997.882,789.501,,
2023,6.0,12.0,115154.0,1.0,101.0,5602.0,2.0,-103.0,-88.0,-30.0,1539.0,-2048.0,-2048.0,-159.0,179.0,555.0,-6985.0,-8192.0,665.0,-255.621,-180.3899,109.3321,24691.66,-32823.54,-32819.44,-15.42182,16.96727,51.78182,-3409.978,-3997.882,324.925,,
2023,6.0,12.0,115154.0,1.0,102.0,5604.0,2.0,-112.0,-99.0,-150.0,1052.0,-2048.0,-2048.0,-207.0,-50.0,60.0,-8192.0,-8192.0,-930.0,-271.672,-195.7631,-58.84572,16883.77,-32823.54,-32819.44,-19.78546,-3.850909,6.781818,-3998.994,-3997.882,-453.435,,
2023,6.0,12.0,115154.0,1.0,103.0,5606.0,2.0,-85.0,-89.0,-249.0,-93.0,205.0,411.0,-174.0,-107.0,-1.0,-8192.0,-8022.0,-2194.0,-204.329,-171.7897,-218.5767,-1473.591,3297.977,6604.803,-16.78546,-9.032727,1.236363,-3998.994,-3914.922,-1070.267,,
2023,6.0,12.0,115154.0,1.0,104.0,5608.0,2.0,-27.0,-62.0,-291.0,-3.0,-91.0,-203.0,-178.0,-108.0,-5.0,-8192.0,-8048.0,-2135.0,-66.57101,-118.2646,-312.6848,-30.65439,-1447.683,-3239.233,-17.14909,-9.123636,0.872727,-3998.994,-3927.61,-1041.475,,
2023,6.0,12.0,115154.0,1.0,105.0,5610.0,2.0,43.0,-20.0,-265.0,-18.0,-94.0,-212.0,-172.0,-115.0,-17.0,-8192.0,-8089.0,-2081.0,96.059,-38.56465,-319.0047,-271.1439,-1495.781,-3383.527,-16.60364,-9.759999,-0.218182,-3998.994,-3947.618,-1015.123,,
2023,6.0,12.0,115154.0,1.0,106.0,5612.0,2.0,109.0,19.0,-180.0,-18.0,-96.0,-224.0,-166.0,-111.0,-17.0,-8192.0,-8155.0,-2028.0,247.143,32.06911,-235.0,-271.1439,-1527.846,-3575.918,-16.05818,-9.396363,-0.218182,-3998.994,-3979.826,-989.259,,
2023,6.0,12.0,115154.0,1.0,107.0,5614.0,2.0,144.0,45.0,-56.0,-15.0,-99.0,-230.0,-166.0,-125.0,-28.0,-8192.0,-8186.0,-1973.0,323.86,76.12439,-77.14487,-223.046,-1575.944,-3672.114,-16.05818,-10.66909,-1.218182,-3998.994,-3994.954,-962.419,,
2023,6.0,12.0,115154.0,1.0,108.0,5616.0,2.0,143.0,50.0,70.0,-11.0,-103.0,-241.0,-168.0,-113.0,-21.0,-8192.0,-8192.0,-1921.0,316.309,79.58441,106.3199,-158.9155,-1640.074,-3848.473,-16.24,-9.578181,-0.5818183,-3998.994,-3997.882,-937.043,,
2023,6.0,12.0,115154.0,1.0,109.0,5618.0,2.0,110.0,35.0,157.0,-1.0,-100.0,-248.0,-164.0,-113.0,-24.0,-8192.0,-8192.0,-1867.0,235.504,46.44521,253.0602,1.410872,-1591.976,-3960.701,-15.87636,-9.578181,-0.8545457,-3998.994,-3997.882,-910.691,,
2023,6.0,12.0,115154.0,1.0,110.0,5620.0,2.0,48.0,0.0,184.0,8.0,-94.0,-250.0,-164.0,-111.0,-25.0,-8192.0,-8192.0,-1814.0,89.39201,-22.36032,331.2643,145.7046,-1495.781,-3992.767,-15.87636,-9.396363,-0.9454547,-3998.994,-3997.882,-884.827,,
2023,6.0,12.0,115154.0,1.0,111.0,5622.0,2.0,-26.0,-41.0,143.0,14.0,-87.0,-246.0,-169.0,-104.0,-14.0,-8192.0,-8192.0,-1760.0,-82.276,-98.923,315.6604,241.9004,-1383.552,-3928.636,-16.33091,-8.759999,0.05454528,-3998.994,-3997.882,-858.475,,
2023,6.0,12.0,115154.0,1.0,112.0,5624.0,2.0,-79.0,-74.0,51.0,20.0,-80.0,-233.0,-163.0,-113.0,-19.0,-8192.0,-8192.0,-1708.0,-202.571,-157.7966,214.1712,338.0962,-1271.324,-3720.212,-15.78545,-9.578181,-0.4000002,-3998.994,-3997.882,-833.099,,
2023,6.0,12.0,115154.0,1.0,113.0,5626.0,2.0,-111.0,-96.0,-77.0,18.0,-79.0,-216.0,-163.0,-104.0,-22.0,-8192.0,-8192.0,-1656.0,-272.291,-193.6565,47.00094,306.0309,-1255.291,-3447.657,-15.78545,-8.759999,-0.6727275,-3998.994,-3997.882,-807.723,,
2023,6.0,12.0,115154.0,1.0,114.0,5628.0,2.0,-104.0,-97.0,-196.0,3.0,-84.0,-202.0,-158.0,-106.0,-26.0,-8192.0,-8192.0,-1604.0,-251.012,-189.7256,-130.2079,65.5414,-1335.454,-3223.2,-15.33091,-8.941818,-1.036364,-3998.994,-3997.882,-782.347,,
2023,6.0,12.0,115154.0,1.0,115.0,5630.0,2.0,-64.0,-77.0,-271.0,-17.0,-94.0,-195.0,-168.0,-114.0,-21.0,-8192.0,-8192.0,-1552.0,-154.362,-147.4896,-264.1966,-255.1113,-1495.781,-3110.972,-16.24,-9.66909,-0.5818183,-3998.994,-3997.882,-756.971,,
2023,6.0,12.0,115154.0,1.0,116.0,5632.0,2.0,1.0,-41.0,-290.0,-33.0,-105.0,-200.0,-158.0,-113.0,-23.0,-8192.0,-8192.0,-1499.0,-1.481003,-77.27937,-331.9407,-511.6334,-1672.139,-3191.135,-15.33091,-9.578181,-0.7636365,-3998.994,-3997.882,-731.107,,
2023,6.0,12.0,115154.0,1.0,117.0,5634.0,2.0,70.0,-2.0,-234.0,-42.0,-108.0,-209.0,-159.0,-111.0,-21.0,-8192.0,-8192.0,-1446.0,157.854,-5.278381,-291.5936,-655.9271,-1720.237,-3335.429,-15.42182,-9.396363,-0.5818183,-3998.994,-3997.882,-705.243,,
2023,6.0,12.0,115154.0,1.0,118.0,5636.0,2.0,124.0,36.0,-133.0,-45.0,-110.0,-220.0,-168.0,-119.0,-26.0,-8192.0,-8192.0,-1394.0,279.81,63.2695,-180.3612,-704.025,-1752.303,-3511.788,-16.24,-10.12364,-1.036364,-3998.994,-3997.882,-679.867,,
2023,6.0,12.0,115154.0,1.0,119.0,5638.0,2.0,146.0,54.0,-5.0,-45.0,-111.0,-234.0,-158.0,-121.0,-29.0,-8192.0,-8192.0,-1340.0,326.004,91.63477,-8.126038,-704.025,-1768.335,-3736.245,-15.33091,-10.30545,-1.309091,-3998.994,-3997.882,-653.515,,
2023,6.0,12.0,115154.0,1.0,120.0,5640.0,2.0,133.0,53.0,110.0,-39.0,-107.0,-248.0,-158.0,-112.0,-36.0,-8192.0,-8192.0,-1287.0,290.731,84.24284,165.9313,-607.8292,-1704.205,-3960.701,-15.33091,-9.487272,-1.945455,-3998.994,-3997.882,-627.651,,
2023,6.0,12.0,115154.0,1.0,121.0,5642.0,2.0,85.0,27.0,175.0,-23.0,-100.0,-254.0,-159.0,-111.0,-36.0,-8192.0,-8192.0,-1236.0,175.853,30.82428,291.0376,-351.307,-1591.976,-4056.897,-15.42182,-9.396363,-1.945455,-3998.994,-3997.882,-602.763,,
2023,6.0,12.0,115154.0,1.0,122.0,5648.0,6.0,-96.0,-88.0,-1.0,-2.0,-87.0,-222.0,-154.0,-123.0,-34.0,-8192.0,-8192.0,-1079.0,-240.042,-182.4482,150.6002,-14.62176,-1383.552,-3543.853,-14.96727,-10.48727,-1.763636,-3998.994,-3997.882,-526.147,,
2023,6.0,12.0,115154.0,1.0,123.0,5650.0,2.0,-113.0,-102.0,-125.0,-2.0,-84.0,-205.0,-150.0,-117.0,-29.0,-8192.0,-8192.0,-1028.0,-274.777,-203.1905,-19.58232,-14.62176,-1335.454,-3271.298,-14.60364,-9.941818,-1.309091,-3998.994,-3997.882,-501.259,,
2023,6.0,12.0,115154.0,1.0,124.0,5654.0,4.0,-42.0,-64.0,-287.0,-34.0,-102.0,-185.0,-156.0,-111.0,-28.0,-8192.0,-8192.0,-925.0,-102.316,-121.538,-301.8401,-527.666,-1624.042,-2950.646,-15.14909,-9.396363,-1.218182,-3998.994,-3997.882,-450.995,,
2023,6.0,12.0,115154.0,1.0,125.0,5656.0,2.0,28.0,-21.0,-277.0,-46.0,-113.0,-192.0,-155.0,-115.0,-31.0,-8192.0,-8192.0,-874.0,60.846,-38.92299,-332.5202,-720.0576,-1800.401,-3062.874,-15.05818,-9.759999,-1.490909,-3998.994,-3997.882,-426.107,,
2023,6.0,12.0,115154.0,1.0,126.0,5658.0,2.0,93.0,23.0,-198.0,-53.0,-116.0,-202.0,-161.0,-113.0,-26.0,-8192.0,-8192.0,-820.0,209.395,42.3376,-260.5052,-832.286,-1848.498,-3223.2,-15.60364,-9.578181,-1.036364,-3998.994,-3997.882,-399.755,,
2023,6.0,12.0,115154.0,1.0,127.0,5660.0,2.0,136.0,53.0,-81.0,-55.0,-116.0,-213.0,-156.0,-121.0,-30.0,-8192.0,-8192.0,-768.0,305.138,94.40576,-117.6021,-864.3513,-1848.498,-3399.559,-15.14909,-10.30545,-1.4,-3998.994,-3997.882,-374.379,,
2023,6.0,12.0,115154.0,1.0,128.0,5662.0,2.0,147.0,60.0,45.0,-54.0,-115.0,-227.0,-154.0,-114.0,-31.0,-8192.0,-8192.0,-717.0,326.031,101.1293,61.65757,-848.3187,-1832.466,-3624.016,-14.96727,-9.66909,-1.490909,-3998.994,-3997.882,-349.491,,
2023,6.0,12.0,115154.0,1.0,129.0,5664.0,2.0,120.0,47.0,145.0,-46.0,-112.0,-239.0,-149.0,-114.0,-41.0,-8192.0,-8192.0,-665.0,258.878,70.96249,224.8758,-720.0576,-1784.368,-3816.408,-14.51273,-9.66909,-2.4,-3998.994,-3997.882,-324.115,,
2023,6.0,12.0,115154.0,1.0,130.0,5666.0,2.0,65.0,15.0,186.0,-33.0,-100.0,-246.0,-149.0,-104.0,-41.0,-8192.0,-8192.0,-614.0,128.687,7.052322,320.1308,-511.6334,-1591.976,-3928.636,-14.51273,-8.759999,-2.4,-3998.994,-3997.882,-299.227,,
2023,6.0,12.0,115154.0,1.0,131.0,5668.0,2.0,-6.0,-32.0,160.0,-20.0,-93.0,-240.0,-144.0,-114.0,-38.0,-8192.0,-8192.0,-563.0,-35.946,-82.81046,330.0339,-303.2091,-1479.748,-3832.44,-14.05818,-9.66909,-2.127273,-3998.994,-3997.882,-274.339,,
2023,6.0,12.0,115154.0,1.0,132.0,5670.0,2.0,-68.0,-72.0,77.0,-15.0,-93.0,-225.0,-140.0,-109.0,-29.0,-8192.0,-8192.0,-511.0,-177.498,-155.8756,248.7037,-223.046,-1479.748,-3591.951,-13.69455,-9.214545,-1.309091,-3998.994,-3997.882,-248.963,,
2023,6.0,12.0,115154.0,1.0,133.0,5672.0,2.0,-106.0,-99.0,-47.0,-14.0,-91.0,-206.0,-142.0,-111.0,-34.0,-8192.0,-8192.0,-462.0,-261.288,-201.77,92.23425,-207.0134,-1447.683,-3287.331,-13.87636,-9.396363,-1.763636,-3998.994,-3997.882,-225.051,,
2023,6.0,12.0,115154.0,1.0,134.0,5674.0,2.0,-111.0,-103.0,-171.0,-18.0,-92.0,-191.0,-145.0,-113.0,-27.0,-8192.0,-8192.0,-411.0,-268.187,-202.8776,-87.50424,-271.1439,-1463.715,-3046.842,-14.14909,-9.578181,-1.127273,-3998.994,-3997.882,-200.163,,
2023,6.0,12.0,115154.0,1.0,135.0,5675.97,1.969697,-79.0,-82.0,-263.0,-32.0,-100.0,-182.0,-148.0,-108.0,-35.0,-8192.0,-8192.0,-361.0,-190.031,-157.1194,-245.4224,-495.6007,-1591.976,-2902.548,-14.42182,-9.123636,-1.854546,-3998.994,-3997.882,-175.763,,
2023,6.0,12.0,115154.0,1.0,136.0,5678.0,2.030303,-21.0,-45.0,-294.0,-48.0,-112.0,-181.0,-144.0,-112.0,-40.0,-8192.0,-8192.0,-311.0,-53.451,-83.72755,-329.9313,-752.1229,-1784.368,-2886.515,-14.05818,-9.487272,-2.309091,-3998.994,-3997.882,-151.363,,
2023,6.0,12.0,115154.0,1.0,137.0,5680.0,2.0,50.0,1.0,-257.0,-59.0,-121.0,-187.0,-149.0,-119.0,-35.0,-8192.0,-8192.0,-261.0,110.84,3.491608,-322.8777,-928.4818,-1928.661,-2982.711,-14.51273,-10.12364,-1.854546,-3998.994,-3997.882,-126.963,,
2023,6.0,12.0,115154.0,1.0,138.0,5682.0,2.0,110.0,43.0,-160.0,-65.0,-122.0,-196.0,-144.0,-119.0,-35.0,-8192.0,-8192.0,-209.0,246.942,80.02765,-221.6773,-1024.678,-1944.694,-3127.005,-14.05818,-10.12364,-1.854546,-3998.994,-3997.882,-101.587,,
2023,6.0,12.0,115154.0,1.0,139.0,5684.0,2.0,145.0,66.0,-35.0,-66.0,-122.0,-208.0,-144.0,-113.0,-44.0,-8192.0,-8192.0,-159.0,323.849,117.8894,-60.3349,-1040.71,-1944.694,-3319.396,-14.05818,-9.578181,-2.672728,-3998.994,-3997.882,-77.18697,,
2023,6.0,12.0,115154.0,1.0,140.0,5686.0,2.0,141.0,64.0,88.0,-62.0,-122.0,-222.0,-141.0,-112.0,-45.0,-8192.0,-8192.0,-109.0,309.795,107.3948,124.0865,-976.5797,-1944.694,-3543.853,-13.78545,-9.487272,-2.763637,-3998.994,-3997.882,-52.78696,,
2023,6.0,12.0,115154.0,1.0,141.0,5688.0,2.0,100.0,39.0,166.0,-52.0,-116.0,-229.0,-137.0,-116.0,-53.0,-8192.0,-8192.0,-58.0,211.028,54.83319,266.1006,-816.2534,-1848.498,-3656.082,-13.42182,-9.850909,-3.49091,-3998.994,-3997.882,-27.89896,,
2023,6.0,12.0,115154.0,1.0,142.0,5690.0,2.0,42.0,-3.0,186.0,-41.0,-105.0,-230.0,-136.0,-115.0,-49.0,-8192.0,-8192.0,-10.0,75.24599,-28.19348,337.666,-639.8944,-1672.139,-3672.114,-13.33091,-9.759999,-3.127273,-3998.994,-3997.882,-4.47496,,
2023,6.0,12.0,115154.0,1.0,143.0,5692.0,2.0,-30.0,-49.0,137.0,-31.0,-100.0,-226.0,-133.0,-106.0,-43.0,-8192.0,-8192.0,42.0,-90.972,-114.692,313.0828,-479.5681,-1591.976,-3607.984,-13.05818,-8.941818,-2.581819,-3998.994,-3997.882,20.90104,,
2023,6.0,12.0,115154.0,1.0,144.0,5694.0,2.0,-83.0,-86.0,35.0,-22.0,-97.0,-211.0,-134.0,-112.0,-35.0,-8192.0,-8192.0,90.0,-210.583,-181.2083,199.4619,-335.2744,-1543.878,-3367.494,-13.14909,-9.487272,-1.854546,-3998.994,-3997.882,44.32504,,
2023,6.0,12.0,115154.0,1.0,145.0,5696.0,2.0,-112.0,-104.0,-98.0,-21.0,-97.0,-191.0,-137.0,-102.0,-32.0,-8192.0,-8192.0,141.0,-273.268,-208.8184,21.49577,-319.2418,-1543.878,-3046.842,-13.42182,-8.578181,-1.581818,-3998.994,-3997.882,69.21304,,
2023,6.0,12.0,115154.0,1.0,146.0,5698.0,2.0,-105.0,-99.0,-212.0,-31.0,-103.0,-178.0,-136.0,-114.0,-40.0,-8192.0,-8192.0,188.0,-252.635,-192.8806,-152.3227,-479.5681,-1640.074,-2838.417,-13.33091,-9.66909,-2.309091,-3998.994,-3997.882,92.14904,,
2023,6.0,12.0,115154.0,1.0,147.0,5700.0,2.0,-62.0,-68.0,-284.0,-48.0,-112.0,-173.0,-139.0,-113.0,-41.0,-8192.0,-8192.0,237.0,-149.786,-128.5045,-289.9435,-752.1229,-1784.368,-2758.254,-13.60364,-9.578181,-2.4,-3998.994,-3997.882,116.061,,
2023,6.0,12.0,115154.0,1.0,148.0,5702.0,2.0,5.0,-26.0,-293.0,-62.0,-126.0,-173.0,-140.0,-121.0,-33.0,-8192.0,-8192.0,286.0,7.025002,-46.69693,-347.3716,-976.5797,-2008.825,-2758.254,-13.69455,-10.30545,-1.672727,-3998.994,-3997.882,139.9731,,
2023,6.0,12.0,115154.0,1.0,149.0,5704.0,2.0,73.0,24.0,-228.0,-73.0,-132.0,-182.0,-140.0,-105.0,-44.0,-8192.0,-8192.0,336.0,162.799,47.39487,-300.8166,-1152.939,-2105.021,-2902.548,-13.69455,-8.850909,-2.672728,-3998.994,-3997.882,164.373,,
2023,6.0,12.0,115154.0,1.0,150.0,5706.0,2.0,122.0,57.0,-118.0,-74.0,-131.0,-188.0,-142.0,-118.0,-48.0,-8192.0,-8192.0,386.0,272.878,105.5676,-171.7187,-1168.971,-2088.988,-2998.744,-13.87636,-10.03273,-3.036364,-3998.994,-3997.882,188.773,,
2023,6.0,12.0,115154.0,1.0,151.0,5708.0,2.0,145.0,72.0,16.0,-76.0,-130.0,-198.0,-136.0,-115.0,-49.0,-8192.0,-8192.0,435.0,321.455,127.3988,11.16838,-1201.037,-2072.955,-3159.07,-13.33091,-9.759999,-3.127273,-3998.994,-3997.882,212.685,,
2023,6.0,12.0,115154.0,1.0,152.0,5710.0,2.0,133.0,61.0,125.0,-73.0,-127.0,-211.0,-132.0,-112.0,-49.0,-8192.0,-8192.0,484.0,289.553,99.79959,182.7912,-1152.939,-2024.857,-3367.494,-12.96727,-9.487272,-3.127273,-3998.994,-3997.882,236.597,,
2023,6.0,12.0,115154.0,1.0,153.0,5712.0,2.0,83.0,31.0,182.0,-63.0,-119.0,-220.0,-132.0,-113.0,-51.0,-8192.0,-8192.0,533.0,170.517,38.76802,299.2051,-992.6124,-1896.596,-3511.788,-12.96727,-9.578181,-3.309091,-3998.994,-3997.882,260.509,,
2023,6.0,12.0,115154.0,1.0,154.0,5714.0,2.0,17.0,-20.0,178.0,-54.0,-113.0,-221.0,-124.0,-109.0,-55.0,-8192.0,-8192.0,581.0,17.267,-60.82034,343.1646,-848.3187,-1800.401,-3527.821,-12.24,-9.214545,-3.672728,-3998.994,-3997.882,283.933,,
2023,6.0,12.0,115154.0,1.0,155.0,5716.0,2.0,-52.0,-68.0,107.0,-49.0,-110.0,-214.0,-131.0,-106.0,-49.0,-7791.0,-8192.0,630.0,-140.814,-150.4245,286.6265,-768.1555,-1752.303,-3415.592,-12.87636,-8.941818,-3.127273,-3803.306,-3997.882,307.845,,
2023,6.0,12.0,115154.0,1.0,156.0,5718.0,2.0,-97.0,-98.0,-13.0,-43.0,-107.0,-201.0,-130.0,-101.0,-53.0,-3942.0,-8192.0,679.0,-241.209,-202.1915,139.7592,-671.9597,-1704.205,-3207.168,-12.78545,-8.487272,-3.49091,-1924.994,-3997.882,331.757,,
2023,6.0,12.0,115154.0,1.0,157.0,5720.0,2.0,-113.0,-108.0,-141.0,-37.0,-107.0,-183.0,-124.0,-118.0,-53.0,391.0,-8192.0,726.0,-273.713,-214.6002,-39.26059,-575.7639,-1704.205,-2918.58,-12.24,-10.03273,-3.49091,189.5099,-3997.882,354.693,,
2023,6.0,12.0,115154.0,1.0,158.0,5722.0,2.0,-93.0,-90.0,-244.0,-47.0,-111.0,-166.0,-132.0,-113.0,-48.0,-1187.0,-8192.0,772.0,-223.507,-173.5548,-208.5927,-736.0902,-1768.335,-2646.026,-12.96727,-9.578181,-3.036364,-580.5541,-3997.882,377.141,,
2023,6.0,12.0,115154.0,1.0,159.0,5724.0,2.0,-40.0,-53.0,-296.0,-64.0,-124.0,-158.0,-132.0,-108.0,-45.0,1984.0,-8192.0,819.0,-98.04401,-98.67719,-323.0019,-1008.645,-1976.759,-2517.765,-12.96727,-9.123636,-2.763637,966.8939,-3997.882,400.077,,
2023,6.0,12.0,115154.0,1.0,160.0,5726.0,2.0,27.0,-3.0,-277.0,-79.0,-138.0,-162.0,-132.0,-103.0,-53.0,7007.0,-8192.0,868.0,57.095,-2.018753,-344.3208,-1249.134,-2201.216,-2581.895,-12.96727,-8.66909,-3.49091,3418.118,-3997.882,423.989,,
2023,6.0,12.0,115154.0,1.0,161.0,5728.0,2.0,92.0,46.0,-191.0,-84.0,-142.0,-175.0,-139.0,-117.0,-51.0,8191.0,-8192.0,916.0,204.998,89.09378,-265.285,-1329.298,-2265.347,-2790.319,-13.60364,-9.941818,-3.309091,3995.91,-3997.882,447.413,,
2023,6.0,12.0,115154.0,1.0,162.0,5730.0,2.0,134.0,72.0,-72.0,-83.0,-140.0,-182.0,-136.0,-110.0,-52.0,8191.0,-8192.0,964.0,298.586,132.9368,-116.5061,-1313.265,-2233.281,-2902.548,-13.33091,-9.305454,-3.4,3995.91,-3997.882,470.837,,
2023,6.0,12.0,115154.0,1.0,163.0,5732.0,2.0,145.0,76.0,59.0,-86.0,-138.0,-191.0,-132.0,-116.0,-55.0,8191.0,-8192.0,1012.0,319.517,133.2498,72.16369,-1361.363,-2201.216,-3046.842,-12.96727,-9.850909,-3.672728,3995.91,-3997.882,494.261,,
2023,6.0,12.0,115154.0,1.0,164.0,5734.0,2.0,117.0,56.0,156.0,-82.0,-136.0,-203.0,-126.0,-115.0,-58.0,8191.0,-8192.0,1060.0,250.627,88.99013,235.8608,-1297.232,-2169.151,-3239.233,-12.42182,-9.759999,-3.945455,3995.91,-3997.882,517.6851,,
2023,6.0,12.0,115154.0,1.0,165.0,5736.0,2.0,62.0,15.0,190.0,-70.0,-127.0,-210.0,-124.0,-103.0,-59.0,8191.0,-8192.0,1107.0,121.386,7.04245,326.7704,-1104.841,-2024.857,-3351.461,-12.24,-8.66909,-4.036364,3995.91,-3997.882,540.621,,
2023,6.0,12.0,115154.0,1.0,166.0,5738.0,2.0,-7.0,-37.0,161.0,-63.0,-120.0,-210.0,-121.0,-109.0,-52.0,8191.0,-8192.0,1155.0,-37.987,-93.02763,335.0978,-992.6124,-1912.629,-3351.461,-11.96727,-9.214545,-3.4,3995.91,-3997.882,564.045,,
2023,6.0,12.0,115154.0,1.0,167.0,5740.0,2.0,-69.0,-81.0,69.0,-57.0,-115.0,-203.0,-114.0,-105.0,-55.0,8191.0,-8192.0,1201.0,-178.893,-173.7897,243.1166,-896.4166,-1832.466,-3239.233,-11.33091,-8.850909,-3.672728,3995.91,-3997.882,586.493,,
2023,6.0,12.0,115154.0,1.0,168.0,5742.0,2.0,-105.0,-104.0,-61.0,-48.0,-112.0,-188.0,-118.0,-110.0,-52.0,8191.0,-8192.0,1249.0,-257.993,-211.3109,74.6096,-752.1229,-1784.368,-2998.744,-11.69455,-9.305454,-3.4,3995.91,-3997.882,609.9171,,
2023,6.0,12.0,115154.0,1.0,169.0,5744.0,2.0,-115.0,-103.0,-182.0,-47.0,-112.0,-168.0,-120.0,-103.0,-48.0,8191.0,-8192.0,1293.0,-277.301,-202.004,-102.8363,-736.0902,-1784.368,-2678.091,-11.87636,-8.66909,-3.036364,3995.91,-3997.882,631.389,,
2023,6.0,12.0,115154.0,1.0,170.0,5746.0,2.0,-80.0,-77.0,-274.0,-58.0,-120.0,-157.0,-123.0,-107.0,-39.0,8191.0,-8192.0,1340.0,-192.376,-146.2211,-264.8156,-912.4492,-1912.629,-2501.732,-12.14909,-9.032727,-2.218182,3995.91,-3997.882,654.325,,
2023,6.0,12.0,115154.0,1.0,171.0,5748.0,2.0,-21.0,-33.0,-298.0,-74.0,-134.0,-152.0,-120.0,-109.0,-55.0,8191.0,-8192.0,1385.0,-54.211,-58.9536,-343.8806,-1168.971,-2137.086,-2421.569,-11.87636,-9.214545,-3.672728,3995.91,-3997.882,676.285,,
2023,6.0,12.0,115154.0,1.0,172.0,5750.0,2.0,47.0,21.0,-254.0,-87.0,-147.0,-157.0,-120.0,-106.0,-50.0,8191.0,-8192.0,1431.0,102.057,44.46397,-331.0959,-1377.396,-2345.51,-2501.732,-11.87636,-8.941818,-3.218182,3995.91,-3997.882,698.733,,
2023,6.0,12.0,115154.0,1.0,173.0,5752.0,2.0,108.0,62.0,-152.0,-94.0,-151.0,-167.0,-121.0,-113.0,-57.0,8191.0,-8192.0,1478.0,240.428,118.613,-222.0621,-1489.624,-2409.641,-2662.058,-11.96727,-9.578181,-3.854546,3995.91,-3997.882,721.6691,,
2023,6.0,12.0,115154.0,1.0,174.0,5754.0,2.0,141.0,82.0,-24.0,-95.0,-152.0,-179.0,-122.0,-107.0,-64.0,8191.0,-8192.0,1525.0,312.683,150.3109,-53.79305,-1505.657,-2425.673,-2854.45,-12.05818,-9.032727,-4.49091,3995.91,-3997.882,744.605,,
2023,6.0,12.0,115154.0,1.0,175.0,5756.0,2.0,142.0,78.0,99.0,-94.0,-149.0,-193.0,-131.0,-122.0,-66.0,8191.0,-8192.0,1571.0,310.696,135.3781,130.7714,-1489.624,-2377.575,-3078.907,-12.87636,-10.39636,-4.672728,3995.91,-3997.882,767.053,,
2023,6.0,12.0,115154.0,1.0,176.0,5758.0,2.0,103.0,46.0,178.0,-88.0,-143.0,-203.0,-111.0,-105.0,-70.0,8191.0,-8192.0,1617.0,217.189,68.29912,278.4703,-1393.428,-2281.379,-3239.233,-11.05818,-8.850909,-5.036364,3995.91,-3997.882,789.501,,
2023,6.0,12.0,115154.0,1.0,177.0,5760.0,2.0,44.0,-3.0,189.0,-78.0,-133.0,-207.0,-107.0,-96.0,-66.0,8191.0,-8192.0,1663.0,79.89799,-28.49457,341.6303,-1233.102,-2121.053,-3303.364,-10.69455,-8.032727,-4.672728,3995.91,-3997.882,811.949,,
2023,6.0,12.0,115154.0,1.0,178.0,5762.0,2.0,-29.0,-56.0,135.0,-68.0,-127.0,-201.0,-111.0,-102.0,-59.0,8191.0,-8192.0,1708.0,-87.981,-128.9773,314.5645,-1072.776,-2024.857,-3207.168,-11.05818,-8.578181,-4.036364,3995.91,-3997.882,833.9091,,
[2023/06/12 11:52:26],,,,,,,,,,,,,,,,,,,,,,,,,,,,,,,,,
== yy0 ==============,,,,,,,,,,,,,,,,,,,,,,,,,,,,,,,,,
2023,6.0,12.0,115226.0,0.0,32.0,622.0,20.0,-139.0,60.0,26.0,31.0,-9.0,-54.0,11.0,-3.0,-15.0,2.0,0.0,0.0,-354.785,121.924,101.8627,514.4551,-133.0067,-850.3708,0.03272712,0.4218182,-0.03636384,-0.3220789,-0.18544,0.4050401,,
2023,6.0,12.0,115226.0,0.0,33.0,642.0,20.0,-141.0,59.0,22.0,31.0,-9.0,-53.0,14.0,-1.0,-18.0,2.0,0.0,-1.0,-359.323,120.2329,97.08655,514.4551,-133.0067,-834.3382,0.3054544,0.6036364,-0.3090911,-0.3220789,-0.18544,-0.08295995,,
2023,6.0,12.0,115226.0,0.0,34.0,662.0,20.0,-141.0,61.0,23.0,31.0,-9.0,-54.0,16.0,-6.0,-12.0,3.0,0.0,-1.0,-359.513,124.2715,97.22955,514.4551,-133.0067,-850.3708,0.4872726,0.1490909,0.2363634,0.1659211,-0.18544,-0.08295995,,
2023,6.0,12.0,115226.0,0.0,35.0,682.0,20.0,-139.0,59.0,26.0,31.0,-9.0,-53.0,11.0,-6.0,-16.0,3.0,1.0,0.0,-354.709,119.8776,102.5315,514.4551,-133.0067,-834.3382,0.03272712,0.1490909,-0.127273,0.1659211,0.30256,0.4050401,,
2023,6.0,12.0,115226.0,0.0,36.0,702.0,20.0,-139.0,62.0,23.0,31.0,-9.0,-54.0,10.0,-6.0,-12.0,3.0,0.0,-1.0,-354.823,126.1797,96.08278,514.4551,-133.0067,-850.3708,-0.05818194,0.1490909,0.2363634,0.1659211,-0.18544,-0.08295995,,
2023,6.0,12.0,115226.0,0.0,37.0,722.0,20.0,-140.0,61.0,24.0,31.0,-9.0,-53.0,7.0,-3.0,-11.0,2.0,0.0,0.0,-357.168,124.148,98.47131,514.4551,-133.0067,-834.3382,-0.3309093,0.4218182,0.3272725,-0.3220789,-0.18544,0.4050401,,
2023,6.0,12.0,115226.0,0.0,38.0,742.0,20.0,-138.0,60.0,26.0,31.0,-9.0,-54.0,11.0,-4.0,-9.0,3.0,1.0,0.0,-352.402,121.8549,101.6237,514.4551,-133.0067,-850.3708,0.03272712,0.3309091,0.5090907,0.1659211,0.30256,0.4050401,,
2023,6.0,12.0,115226.0,0.0,39.0,762.0,20.0,-142.0,59.0,25.0,31.0,-9.0,-54.0,9.0,0.0,-18.0,1.0,0.0,-1.0,-361.82,120.1392,101.7676,514.4551,-133.0067,-850.3708,-0.1490911,0.6945455,-0.3090911,-0.8100789,-0.18544,-0.08295995,,
2023,6.0,12.0,115226.0,0.0,40.0,782.0,20.0,-141.0,59.0,23.0,31.0,-10.0,-53.0,11.0,-2.0,-19.0,3.0,0.0,-2.0,-359.361,120.1787,98.56726,514.4551,-149.0394,-834.3382,0.03272712,0.5127273,-0.4000002,0.1659211,-0.18544,-0.5709599,,
2023,6.0,12.0,115226.0,0.0,41.0,802.0,20.0,-141.0,58.0,23.0,31.0,-9.0,-54.0,8.0,-7.0,-14.0,2.0,1.0,-2.0,-359.285,118.1323,99.23612,514.4551,-133.0067,-850.3708,-0.2400001,0.05818188,0.05454528,-0.3220789,0.30256,-0.5709599,,
2023,6.0,12.0,115226.0,0.0,42.0,822.0,20.0,-142.0,59.0,26.0,31.0,-9.0,-54.0,12.0,-12.0,-11.0,2.0,1.0,-2.0,-361.858,120.0849,103.2484,514.4551,-133.0067,-850.3708,0.1236362,-0.3963636,0.3272725,-0.3220789,0.30256,-0.5709599,,
2023,6.0,12.0,115226.0,0.0,43.0,842.0,20.0,-138.0,59.0,24.0,31.0,-9.0,-54.0,11.0,-3.0,-19.0,3.0,0.0,-1.0,-352.25,119.9171,99.33114,514.4551,-133.0067,-850.3708,0.03272712,0.4218182,-0.4000002,0.1659211,-0.18544,-0.08295995,,
2023,6.0,12.0,115226.0,0.0,44.0,862.0,20.0,-140.0,58.0,23.0,31.0,-9.0,-53.0,10.0,-11.0,-12.0,3.0,1.0,-1.0,-356.902,118.0631,98.99718,514.4551,-133.0067,-834.3382,-0.05818194,-0.3054545,0.2363634,0.1659211,0.30256,-0.08295995,,
2023,6.0,12.0,115226.0,0.0,45.0,882.0,20.0,-141.0,58.0,23.0,31.0,-9.0,-53.0,11.0,-11.0,-16.0,3.0,0.0,-1.0,-359.285,118.1323,99.23612,514.4551,-133.0067,-834.3382,0.03272712,-0.3054545,-0.127273,0.1659211,-0.18544,-0.08295995,,
2023,6.0,12.0,115226.0,0.0,46.0,902.0,20.0,-140.0,61.0,23.0,31.0,-9.0,-53.0,10.0,-6.0,-13.0,2.0,0.0,-1.0,-357.13,124.2024,96.9906,514.4551,-133.0067,-834.3382,-0.05818194,0.1490909,0.1454544,-0.3220789,-0.18544,-0.08295995,,
2023,6.0,12.0,115226.0,0.0,47.0,922.0,20.0,-139.0,58.0,22.0,31.0,-9.0,-53.0,2.0,-9.0,-15.0,2.0,1.0,-1.0,-354.481,118.0484,97.27752,514.4551,-133.0067,-834.3382,-0.7854547,-0.1236363,-0.03636384,-0.3220789,0.30256,-0.08295995,,
2023,6.0,12.0,115226.0,0.0,48.0,942.0,20.0,-139.0,57.0,25.0,31.0,-9.0,-54.0,8.0,-10.0,-14.0,3.0,0.0,-1.0,-354.519,115.8391,102.3885,514.4551,-133.0067,-850.3708,-0.2400001,-0.2145454,0.05454528,0.1659211,-0.18544,-0.08295995,,
2023,6.0,12.0,115226.0,0.0,49.0,962.0,20.0,-140.0,59.0,24.0,31.0,-9.0,-54.0,13.0,-7.0,-13.0,2.0,1.0,-1.0,-357.016,120.0553,99.80903,514.4551,-133.0067,-850.3708,0.2145452,0.05818188,0.1454544,-0.3220789,0.30256,-0.08295995,,
2023,6.0,12.0,115226.0,0.0,50.0,982.0,20.0,-140.0,59.0,24.0,31.0,-9.0,-54.0,2.0,-8.0,-12.0,3.0,0.0,0.0,-357.016,120.0553,99.80903,514.4551,-133.0067,-850.3708,-0.7854547,-0.03272724,0.2363634,0.1659211,-0.18544,0.4050401,,
2023,6.0,12.0,115226.0,0.0,51.0,1002.0,20.0,-142.0,58.0,24.0,31.0,-9.0,-54.0,10.0,-10.0,-9.0,2.0,0.0,-1.0,-361.706,118.1471,100.9558,514.4551,-133.0067,-850.3708,-0.05818194,-0.2145454,0.5090907,-0.3220789,-0.18544,-0.08295995,,
2023,6.0,12.0,115226.0,0.0,52.0,1022.0,20.0,-140.0,59.0,22.0,31.0,-9.0,-54.0,10.0,4.0,-16.0,2.0,1.0,-1.0,-356.94,120.1638,96.8476,514.4551,-133.0067,-850.3708,-0.05818194,1.058182,-0.127273,-0.3220789,0.30256,-0.08295995,,
2023,6.0,12.0,115226.0,0.0,53.0,1042.0,20.0,-139.0,59.0,24.0,31.0,-9.0,-54.0,12.0,-9.0,-8.0,3.0,1.0,-1.0,-354.633,119.9861,99.57008,514.4551,-133.0067,-850.3708,0.1236362,-0.1236363,0.5999998,0.1659211,0.30256,-0.08295995,,
2023,6.0,12.0,115226.0,0.0,54.0,1062.0,20.0,-139.0,58.0,23.0,31.0,-9.0,-53.0,14.0,-11.0,-10.0,3.0,1.0,0.0,-354.519,117.9941,98.75824,514.4551,-133.0067,-834.3382,0.3054544,-0.3054545,0.4181816,0.1659211,0.30256,0.4050401,,
2023,6.0,12.0,115226.0,0.0,55.0,1082.0,20.0,-142.0,59.0,22.0,31.0,-9.0,-54.0,9.0,-5.0,-11.0,3.0,0.0,0.0,-361.706,120.3021,97.32549,514.4551,-133.0067,-850.3708,-0.1490911,0.24,0.3272725,0.1659211,-0.18544,0.4050401,,
2023,6.0,12.0,115226.0,0.0,56.0,1102.0,20.0,-142.0,60.0,23.0,31.0,-9.0,-54.0,10.0,-8.0,-5.0,3.0,0.0,-1.0,-361.82,122.2942,98.13734,514.4551,-133.0067,-850.3708,-0.05818194,-0.03272724,0.872727,0.1659211,-0.18544,-0.08295995,,
2023,6.0,12.0,115226.0,0.0,57.0,1122.0,20.0,-138.0,59.0,23.0,31.0,-9.0,-54.0,12.0,-17.0,-7.0,3.0,0.0,-1.0,-352.212,119.9714,97.85042,514.4551,-133.0067,-850.3708,0.1236362,-0.850909,0.6909089,0.1659211,-0.18544,-0.08295995,,
2023,6.0,12.0,115226.0,0.0,58.0,1142.0,20.0,-141.0,60.0,24.0,31.0,-9.0,-54.0,6.0,-12.0,-12.0,3.0,1.0,-1.0,-359.475,122.1708,99.37911,514.4551,-133.0067,-850.3708,-0.4218183,-0.3963636,0.2363634,0.1659211,0.30256,-0.08295995,,
2023,6.0,12.0,115226.0,0.0,59.0,1162.0,20.0,-142.0,60.0,25.0,31.0,-9.0,-53.0,9.0,-5.0,-6.0,3.0,0.0,-1.0,-361.896,122.1855,101.0988,514.4551,-133.0067,-834.3382,-0.1490911,0.24,0.781818,0.1659211,-0.18544,-0.08295995,,
2023,6.0,12.0,115226.0,0.0,60.0,1182.0,20.0,-139.0,59.0,24.0,31.0,-9.0,-54.0,11.0,-12.0,-16.0,2.0,0.0,-1.0,-354.633,119.9861,99.57008,514.4551,-133.0067,-850.3708,0.03272712,-0.3963636,-0.127273,-0.3220789,-0.18544,-0.08295995,,
2023,6.0,12.0,115226.0,0.0,61.0,1202.0,20.0,-139.0,60.0,22.0,31.0,-9.0,-54.0,9.0,-11.0,-20.0,3.0,-1.0,-1.0,-354.633,122.1412,95.9398,514.4551,-133.0067,-850.3708,-0.1490911,-0.3054545,-0.4909093,0.1659211,-0.67344,-0.08295995,,
2023,6.0,12.0,115226.0,0.0,62.0,1222.0,20.0,-140.0,59.0,23.0,31.0,-9.0,-53.0,10.0,-9.0,-13.0,3.0,0.0,-1.0,-356.978,120.1096,98.32832,514.4551,-133.0067,-834.3382,-0.05818194,-0.1236363,0.1454544,0.1659211,-0.18544,-0.08295995,,
2023,6.0,12.0,115226.0,0.0,63.0,1242.0,20.0,-140.0,61.0,25.0,31.0,-9.0,-54.0,17.0,-9.0,-14.0,2.0,0.0,-1.0,-357.206,124.0938,99.95203,514.4551,-133.0067,-850.3708,0.5781816,-0.1236363,0.05454528,-0.3220789,-0.18544,-0.08295995,,
2023,6.0,12.0,115226.0,0.0,64.0,1262.0,20.0,-139.0,60.0,24.0,31.0,-10.0,-54.0,15.0,-8.0,-13.0,3.0,0.0,-1.0,-354.709,122.0325,98.90122,514.4551,-149.0394,-850.3708,0.3963635,-0.03272724,0.1454544,0.1659211,-0.18544,-0.08295995,,
2023,6.0,12.0,115226.0,0.0,65.0,1282.0,20.0,-139.0,57.0,25.0,31.0,-9.0,-54.0,8.0,-1.0,-19.0,2.0,1.0,-1.0,-354.519,115.8391,102.3885,514.4551,-133.0067,-850.3708,-0.2400001,0.6036364,-0.4000002,-0.3220789,0.30256,-0.08295995,,
2023,6.0,12.0,115226.0,0.0,66.0,1302.0,20.0,-140.0,60.0,23.0,31.0,-9.0,-54.0,13.0,-12.0,-17.0,3.0,1.0,-1.0,-357.054,122.1559,97.65946,514.4551,-133.0067,-850.3708,0.2145452,-0.3963636,-0.218182,0.1659211,0.30256,-0.08295995,,
2023,6.0,12.0,115226.0,0.0,67.0,1322.0,20.0,-140.0,60.0,24.0,32.0,-9.0,-54.0,13.0,-6.0,-23.0,3.0,0.0,-1.0,-357.092,122.1017,99.14017,530.4877,-133.0067,-850.3708,0.2145452,0.1490909,-0.7636365,0.1659211,-0.18544,-0.08295995,,
2023,6.0,12.0,115226.0,0.0,68.0,1342.0,20.0,-140.0,59.0,25.0,31.0,-9.0,-53.0,15.0,-14.0,-20.0,3.0,1.0,-1.0,-357.054,120.001,101.2897,514.4551,-133.0067,-834.3382,0.3963635,-0.5781817,-0.4909093,0.1659211,0.30256,-0.08295995,,
2023,6.0,12.0,115226.0,0.0,69.0,1362.0,20.0,-139.0,61.0,23.0,31.0,-9.0,-54.0,6.0,-5.0,-18.0,2.0,1.0,-1.0,-354.747,124.1333,96.75165,514.4551,-133.0067,-850.3708,-0.4218183,0.24,-0.3090911,-0.3220789,0.30256,-0.08295995,,
2023,6.0,12.0,115226.0,0.0,70.0,1382.0,20.0,-142.0,58.0,23.0,31.0,-9.0,-54.0,3.0,-5.0,-13.0,3.0,0.0,0.0,-361.668,118.2014,99.47507,514.4551,-133.0067,-850.3708,-0.6945456,0.24,0.1454544,0.1659211,-0.18544,0.4050401,,
2023,6.0,12.0,115226.0,0.0,71.0,1402.0,20.0,-141.0,56.0,22.0,31.0,-9.0,-53.0,14.0,-12.0,-17.0,3.0,0.0,-1.0,-359.095,114.0938,99.09312,514.4551,-133.0067,-834.3382,0.3054544,-0.3963636,-0.218182,0.1659211,-0.18544,-0.08295995,,
2023,6.0,12.0,115226.0,0.0,72.0,1422.0,20.0,-139.0,60.0,25.0,31.0,-9.0,-54.0,12.0,-16.0,-23.0,2.0,1.0,0.0,-354.747,121.9783,100.3819,514.4551,-133.0067,-850.3708,0.1236362,-0.76,-0.7636365,-0.3220789,0.30256,0.4050401,,
2023,6.0,12.0,115226.0,0.0,73.0,1442.0,20.0,-141.0,57.0,24.0,31.0,-9.0,-53.0,13.0,-10.0,-9.0,3.0,0.0,-1.0,-359.247,116.0316,101.3857,514.4551,-133.0067,-834.3382,0.2145452,-0.2145454,0.5090907,0.1659211,-0.18544,-0.08295995,,
2023,6.0,12.0,115226.0,0.0,74.0,1462.0,20.0,-139.0,59.0,22.0,31.0,-9.0,-53.0,14.0,-8.0,-13.0,3.0,0.0,-1.0,-354.557,120.0948,96.60866,514.4551,-133.0067,-834.3382,0.3054544,-0.03272724,0.1454544,0.1659211,-0.18544,-0.08295995,,
2023,6.0,12.0,115226.0,0.0,75.0,1482.0,20.0,-139.0,59.0,24.0,31.0,-9.0,-54.0,6.0,-10.0,-25.0,3.0,1.0,-1.0,-354.633,119.9861,99.57008,514.4551,-133.0067,-850.3708,-0.4218183,-0.2145454,-0.9454547,0.1659211,0.30256,-0.08295995,,
2023,6.0,12.0,115226.0,0.0,76.0,1502.0,20.0,-140.0,59.0,24.0,31.0,-9.0,-53.0,12.0,-6.0,-17.0,2.0,0.0,-1.0,-357.016,120.0553,99.80903,514.4551,-133.0067,-834.3382,0.1236362,0.1490909,-0.218182,-0.3220789,-0.18544,-0.08295995,,
2023,6.0,12.0,115226.0,0.0,77.0,1522.0,20.0,-142.0,60.0,26.0,31.0,-9.0,-54.0,8.0,-9.0,-14.0,3.0,0.0,-1.0,-361.934,122.1313,102.5795,514.4551,-133.0067,-850.3708,-0.2400001,-0.1236363,0.05454528,0.1659211,-0.18544,-0.08295995,,
2023,6.0,12.0,115226.0,0.0,78.0,1542.0,20.0,-140.0,60.0,23.0,31.0,-9.0,-54.0,10.0,-17.0,-12.0,3.0,0.0,-1.0,-357.054,122.1559,97.65946,514.4551,-133.0067,-850.3708,-0.05818194,-0.850909,0.2363634,0.1659211,-0.18544,-0.08295995,,
2023,6.0,12.0,115226.0,0.0,79.0,1562.0,20.0,-141.0,59.0,24.0,31.0,-9.0,-54.0,10.0,-4.0,-12.0,3.0,1.0,-1.0,-359.399,120.1244,100.048,514.4551,-133.0067,-850.3708,-0.05818194,0.3309091,0.2363634,0.1659211,0.30256,-0.08295995,,
2023,6.0,12.0,115226.0,0.0,80.0,1582.0,20.0,-139.0,60.0,22.0,31.0,-9.0,-54.0,14.0,-15.0,-20.0,3.0,0.0,-1.0,-354.633,122.1412,95.9398,514.4551,-133.0067,-850.3708,0.3054544,-0.6690909,-0.4909093,0.1659211,-0.18544,-0.08295995,,
2023,6.0,12.0,115226.0,0.0,81.0,1602.0,20.0,-142.0,59.0,23.0,31.0,-9.0,-54.0,14.0,-2.0,-13.0,3.0,1.0,-1.0,-361.744,120.2478,98.80621,514.4551,-133.0067,-850.3708,0.3054544,0.5127273,0.1454544,0.1659211,0.30256,-0.08295995,,
2023,6.0,12.0,115226.0,0.0,82.0,1622.0,20.0,-142.0,60.0,24.0,31.0,-9.0,-54.0,14.0,-5.0,-16.0,3.0,0.0,-1.0,-361.858,122.2399,99.61807,514.4551,-133.0067,-850.3708,0.3054544,0.24,-0.127273,0.1659211,-0.18544,-0.08295995,,
2023,6.0,12.0,115226.0,0.0,83.0,1642.0,20.0,-140.0,60.0,23.0,31.0,-9.0,-54.0,17.0,-10.0,-24.0,2.0,0.0,-1.0,-357.054,122.1559,97.65946,514.4551,-133.0067,-850.3708,0.5781816,-0.2145454,-0.8545457,-0.3220789,-0.18544,-0.08295995,,
2023,6.0,12.0,115226.0,0.0,84.0,1662.0,20.0,-141.0,60.0,24.0,31.0,-9.0,-54.0,8.0,-11.0,-6.0,3.0,0.0,0.0,-359.475,122.1708,99.37911,514.4551,-133.0067,-850.3708,-0.2400001,-0.3054545,0.781818,0.1659211,-0.18544,0.4050401,,
2023,6.0,12.0,115226.0,0.0,85.0,1682.0,20.0,-141.0,60.0,23.0,31.0,-9.0,-54.0,13.0,-6.0,-16.0,3.0,1.0,-1.0,-359.437,122.2251,97.8984,514.4551,-133.0067,-850.3708,0.2145452,0.1490909,-0.127273,0.1659211,0.30256,-0.08295995,,
2023,6.0,12.0,115226.0,0.0,86.0,1702.0,20.0,-138.0,61.0,23.0,31.0,-9.0,-54.0,13.0,-6.0,-20.0,3.0,1.0,0.0,-352.364,124.0642,96.5127,514.4551,-133.0067,-850.3708,0.2145452,0.1490909,-0.4909093,0.1659211,0.30256,0.4050401,,
2023,6.0,12.0,115226.0,0.0,87.0,1722.0,20.0,-139.0,58.0,24.0,31.0,-9.0,-54.0,7.0,-10.0,-13.0,3.0,1.0,0.0,-354.557,117.9398,100.2389,514.4551,-133.0067,-850.3708,-0.3309093,-0.2145454,0.1454544,0.1659211,0.30256,0.4050401,,
2023,6.0,12.0,115226.0,0.0,88.0,1742.0,20.0,-140.0,60.0,23.0,31.0,-9.0,-54.0,10.0,-5.0,-24.0,3.0,0.0,-1.0,-357.054,122.1559,97.65946,514.4551,-133.0067,-850.3708,-0.05818194,0.24,-0.8545457,0.1659211,-0.18544,-0.08295995,,
2023,6.0,12.0,115226.0,0.0,89.0,1762.0,20.0,-139.0,59.0,22.0,31.0,-9.0,-54.0,12.0,-6.0,-9.0,3.0,0.0,-1.0,-354.557,120.0948,96.60866,514.4551,-133.0067,-850.3708,0.1236362,0.1490909,0.5090907,0.1659211,-0.18544,-0.08295995,,
2023,6.0,12.0,115226.0,0.0,90.0,1782.0,20.0,-140.0,60.0,24.0,31.0,-9.0,-54.0,13.0,-7.0,-16.0,3.0,1.0,-1.0,-357.092,122.1017,99.14017,514.4551,-133.0067,-850.3708,0.2145452,0.05818188,-0.127273,0.1659211,0.30256,-0.08295995,,
2023,6.0,12.0,115226.0,0.0,91.0,1802.0,20.0,-140.0,59.0,25.0,32.0,-9.0,-54.0,13.0,-1.0,-19.0,2.0,1.0,-1.0,-357.054,120.001,101.2897,530.4877,-133.0067,-850.3708,0.2145452,0.6036364,-0.4000002,-0.3220789,0.30256,-0.08295995,,
2023,6.0,12.0,115226.0,0.0,92.0,1822.0,20.0,-140.0,57.0,24.0,31.0,-9.0,-54.0,8.0,-1.0,-11.0,3.0,0.0,0.0,-356.864,115.9625,101.1468,514.4551,-133.0067,-850.3708,-0.2400001,0.6036364,0.3272725,0.1659211,-0.18544,0.4050401,,
2023,6.0,12.0,115226.0,0.0,93.0,1842.0,20.0,-138.0,60.0,24.0,31.0,-9.0,-54.0,14.0,-7.0,-18.0,3.0,0.0,-1.0,-352.326,121.9634,98.66228,514.4551,-133.0067,-850.3708,0.3054544,0.05818188,-0.3090911,0.1659211,-0.18544,-0.08295995,,
2023,6.0,12.0,115226.0,0.0,94.0,1862.0,20.0,-140.0,58.0,23.0,31.0,-9.0,-54.0,15.0,-15.0,-12.0,3.0,1.0,-1.0,-356.902,118.0631,98.99718,514.4551,-133.0067,-850.3708,0.3963635,-0.6690909,0.2363634,0.1659211,0.30256,-0.08295995,,
2023,6.0,12.0,115226.0,0.0,95.0,1882.0,20.0,-141.0,58.0,24.0,31.0,-9.0,-54.0,10.0,-11.0,-18.0,3.0,1.0,-1.0,-359.323,118.078,100.7169,514.4551,-133.0067,-850.3708,-0.05818194,-0.3054545,-0.3090911,0.1659211,0.30256,-0.08295995,,
2023,6.0,12.0,115226.0,0.0,96.0,1902.0,20.0,-139.0,58.0,25.0,31.0,-9.0,-54.0,12.0,-10.0,-14.0,3.0,0.0,-1.0,-354.595,117.8855,101.7197,514.4551,-133.0067,-850.3708,0.1236362,-0.2145454,0.05454528,0.1659211,-0.18544,-0.08295995,,
2023,6.0,12.0,115226.0,0.0,97.0,1922.0,20.0,-139.0,58.0,21.0,31.0,-9.0,-54.0,11.0,-4.0,-20.0,3.0,0.0,-1.0,-354.443,118.1027,95.7968,514.4551,-133.0067,-850.3708,0.03272712,0.3309091,-0.4909093,0.1659211,-0.18544,-0.08295995,,
2023,6.0,12.0,115226.0,0.0,98.0,1942.0,20.0,-142.0,60.0,20.0,31.0,-10.0,-53.0,12.0,-2.0,-16.0,3.0,1.0,0.0,-361.706,122.457,93.69521,514.4551,-149.0394,-834.3382,0.1236362,0.5127273,-0.127273,0.1659211,0.30256,0.4050401,,
2023,6.0,12.0,115226.0,0.0,99.0,1962.0,20.0,-140.0,59.0,23.0,31.0,-9.0,-54.0,12.0,-11.0,-6.0,3.0,0.0,-1.0,-356.978,120.1096,98.32832,514.4551,-133.0067,-850.3708,0.1236362,-0.3054545,0.781818,0.1659211,-0.18544,-0.08295995,,
2023,6.0,12.0,115226.0,0.0,100.0,1982.0,20.0,-142.0,56.0,24.0,31.0,-9.0,-54.0,6.0,-9.0,-14.0,3.0,1.0,-1.0,-361.554,114.0543,102.2935,514.4551,-133.0067,-850.3708,-0.4218183,-0.1236363,0.05454528,0.1659211,0.30256,-0.08295995,,
2023,6.0,12.0,115226.0,0.0,101.0,2002.0,20.0,-141.0,59.0,24.0,31.0,-9.0,-54.0,17.0,-17.0,-18.0,2.0,0.0,0.0,-359.399,120.1244,100.048,514.4551,-133.0067,-850.3708,0.5781816,-0.850909,-0.3090911,-0.3220789,-0.18544,0.4050401,,
2023,6.0,12.0,115226.0,0.0,102.0,2022.0,20.0,-138.0,57.0,24.0,31.0,-9.0,-53.0,9.0,-9.0,-16.0,2.0,1.0,-1.0,-352.098,115.8243,100.6689,514.4551,-133.0067,-834.3382,-0.1490911,-0.1236363,-0.127273,-0.3220789,0.30256,-0.08295995,,
2023,6.0,12.0,115226.0,0.0,103.0,2042.0,20.0,-140.0,58.0,24.0,31.0,-9.0,-54.0,8.0,-9.0,-22.0,2.0,0.0,-1.0,-356.94,118.0089,100.4779,514.4551,-133.0067,-850.3708,-0.2400001,-0.1236363,-0.6727275,-0.3220789,-0.18544,-0.08295995,,
2023,6.0,12.0,115226.0,0.0,104.0,2062.0,20.0,-140.0,57.0,23.0,31.0,-9.0,-54.0,11.0,-5.0,-9.0,3.0,1.0,-1.0,-356.826,116.0168,99.66604,514.4551,-133.0067,-850.3708,0.03272712,0.24,0.5090907,0.1659211,0.30256,-0.08295995,,
2023,6.0,12.0,115226.0,0.0,105.0,2082.0,20.0,-140.0,58.0,20.0,31.0,-9.0,-54.0,19.0,-12.0,-23.0,3.0,0.0,0.0,-356.788,118.2261,94.55503,514.4551,-133.0067,-850.3708,0.7599999,-0.3963636,-0.7636365,0.1659211,-0.18544,0.4050401,,
2023,6.0,12.0,115226.0,0.0,106.0,2102.0,20.0,-139.0,61.0,23.0,31.0,-9.0,-54.0,10.0,-10.0,-14.0,3.0,1.0,-2.0,-354.747,124.1333,96.75165,514.4551,-133.0067,-850.3708,-0.05818194,-0.2145454,0.05454528,0.1659211,0.30256,-0.5709599,,
2023,6.0,12.0,115226.0,0.0,107.0,2122.0,20.0,-141.0,60.0,21.0,31.0,-9.0,-54.0,14.0,-10.0,-24.0,2.0,0.0,-1.0,-359.361,122.3336,94.93697,514.4551,-133.0067,-850.3708,0.3054544,-0.2145454,-0.8545457,-0.3220789,-0.18544,-0.08295995,,
2023,6.0,12.0,115226.0,0.0,108.0,2142.0,20.0,-143.0,58.0,23.0,31.0,-9.0,-54.0,5.0,-6.0,-16.0,2.0,1.0,-1.0,-364.051,118.2705,99.71401,514.4551,-133.0067,-850.3708,-0.5127274,0.1490909,-0.127273,-0.3220789,0.30256,-0.08295995,,
2023,6.0,12.0,115226.0,0.0,109.0,2162.0,20.0,-141.0,58.0,25.0,31.0,-9.0,-54.0,8.0,-4.0,-14.0,2.0,0.0,-1.0,-359.361,118.0237,102.1975,514.4551,-133.0067,-850.3708,-0.2400001,0.3309091,0.05454528,-0.3220789,-0.18544,-0.08295995,,
2023,6.0,12.0,115226.0,0.0,110.0,2182.0,20.0,-141.0,58.0,24.0,31.0,-9.0,-54.0,11.0,-6.0,-16.0,2.0,1.0,-1.0,-359.323,118.078,100.7169,514.4551,-133.0067,-850.3708,0.03272712,0.1490909,-0.127273,-0.3220789,0.30256,-0.08295995,,
2023,6.0,12.0,115226.0,0.0,111.0,2202.0,20.0,-143.0,60.0,22.0,31.0,-9.0,-54.0,6.0,-2.0,-8.0,3.0,0.0,0.0,-364.165,122.4176,96.89557,514.4551,-133.0067,-850.3708,-0.4218183,0.5127273,0.5999998,0.1659211,-0.18544,0.4050401,,
2023,6.0,12.0,115226.0,0.0,112.0,2222.0,20.0,-141.0,59.0,23.0,31.0,-9.0,-54.0,11.0,-9.0,-7.0,2.0,1.0,-1.0,-359.361,120.1787,98.56726,514.4551,-133.0067,-850.3708,0.03272712,-0.1236363,0.6909089,-0.3220789,0.30256,-0.08295995,,
2023,6.0,12.0,115226.0,0.0,113.0,2241.97,19.9697,-139.0,61.0,24.0,31.0,-9.0,-54.0,13.0,-12.0,-16.0,3.0,0.0,-1.0,-354.785,124.0789,98.23236,514.4551,-133.0067,-850.3708,0.2145452,-0.3963636,-0.127273,0.1659211,-0.18544,-0.08295995,,
2023,6.0,12.0,115226.0,0.0,114.0,2262.0,20.0303,-140.0,59.0,22.0,31.0,-9.0,-54.0,17.0,-1.0,-16.0,3.0,1.0,-1.0,-356.94,120.1638,96.8476,514.4551,-133.0067,-850.3708,0.5781816,0.6036364,-0.127273,0.1659211,0.30256,-0.08295995,,
2023,6.0,12.0,115226.0,0.0,115.0,2282.0,20.0,-141.0,56.0,24.0,31.0,-9.0,-54.0,4.0,-10.0,-18.0,3.0,0.0,-1.0,-359.171,113.9852,102.0546,514.4551,-133.0067,-850.3708,-0.6036365,-0.2145454,-0.3090911,0.1659211,-0.18544,-0.08295995,,
2023,6.0,12.0,115226.0,0.0,116.0,2301.97,19.9697,-141.0,57.0,23.0,31.0,-9.0,-54.0,2.0,-5.0,-12.0,3.0,0.0,0.0,-359.209,116.0859,99.90498,514.4551,-133.0067,-850.3708,-0.7854547,0.24,0.2363634,0.1659211,-0.18544,0.4050401,,
2023,6.0,12.0,115226.0,0.0,117.0,2322.0,20.0303,-141.0,59.0,22.0,31.0,-9.0,-54.0,10.0,-2.0,-9.0,2.0,1.0,-1.0,-359.323,120.2329,97.08655,514.4551,-133.0067,-850.3708,-0.05818194,0.5127273,0.5090907,-0.3220789,0.30256,-0.08295995,,
2023,6.0,12.0,115226.0,0.0,118.0,2342.0,20.0,-141.0,58.0,23.0,31.0,-9.0,-54.0,9.0,-16.0,-11.0,3.0,1.0,-1.0,-359.285,118.1323,99.23612,514.4551,-133.0067,-850.3708,-0.1490911,-0.76,0.3272725,0.1659211,0.30256,-0.08295995,,
2023,6.0,12.0,115226.0,0.0,119.0,2362.0,20.0,-143.0,58.0,22.0,31.0,-9.0,-54.0,11.0,-4.0,-8.0,3.0,0.0,0.0,-364.013,118.3248,98.2333,514.4551,-133.0067,-850.3708,0.03272712,0.3309091,0.5999998,0.1659211,-0.18544,0.4050401,,
2023,6.0,12.0,115226.0,0.0,120.0,2382.0,20.0,-142.0,58.0,21.0,31.0,-9.0,-53.0,14.0,-15.0,-12.0,2.0,0.0,-1.0,-361.592,118.3099,96.51364,514.4551,-133.0067,-834.3382,0.3054544,-0.6690909,0.2363634,-0.3220789,-0.18544,-0.08295995,,
2023,6.0,12.0,115226.0,0.0,121.0,2402.0,20.0,-139.0,58.0,23.0,31.0,-9.0,-53.0,19.0,-5.0,-18.0,3.0,0.0,-1.0,-354.519,117.9941,98.75824,514.4551,-133.0067,-834.3382,0.7599999,0.24,-0.3090911,0.1659211,-0.18544,-0.08295995,,
2023,6.0,12.0,115226.0,0.0,122.0,2422.0,20.0,-140.0,60.0,22.0,31.0,-9.0,-54.0,6.0,-9.0,-16.0,2.0,0.0,-1.0,-357.016,122.2102,96.17874,514.4551,-133.0067,-850.3708,-0.4218183,-0.1236363,-0.127273,-0.3220789,-0.18544,-0.08295995,,
2023,6.0,12.0,115226.0,0.0,123.0,2442.0,20.0,-142.0,58.0,25.0,31.0,-9.0,-54.0,10.0,-2.0,-16.0,3.0,0.0,-1.0,-361.744,118.0928,102.4365,514.4551,-133.0067,-850.3708,-0.05818194,0.5127273,-0.127273,0.1659211,-0.18544,-0.08295995,,
2023,6.0,12.0,115226.0,0.0,124.0,2462.0,20.0,-140.0,60.0,23.0,31.0,-9.0,-54.0,7.0,-10.0,-8.0,3.0,0.0,0.0,-357.054,122.1559,97.65946,514.4551,-133.0067,-850.3708,-0.3309093,-0.2145454,0.5999998,0.1659211,-0.18544,0.4050401,,
2023,6.0,12.0,115226.0,0.0,125.0,2482.0,20.0,-138.0,59.0,23.0,31.0,-9.0,-53.0,6.0,-6.0,-17.0,2.0,0.0,-1.0,-352.212,119.9714,97.85042,514.4551,-133.0067,-834.3382,-0.4218183,0.1490909,-0.218182,-0.3220789,-0.18544,-0.08295995,,
2023,6.0,12.0,115226.0,0.0,126.0,2502.0,20.0,-141.0,60.0,22.0,31.0,-9.0,-54.0,10.0,-12.0,-22.0,3.0,0.0,-1.0,-359.399,122.2793,96.41769,514.4551,-133.0067,-850.3708,-0.05818194,-0.3963636,-0.6727275,0.1659211,-0.18544,-0.08295995,,
2023,6.0,12.0,115226.0,0.0,127.0,2522.0,20.0,-139.0,59.0,24.0,31.0,-9.0,-54.0,9.0,-11.0,-16.0,2.0,0.0,-1.0,-354.633,119.9861,99.57008,514.4551,-133.0067,-850.3708,-0.1490911,-0.3054545,-0.127273,-0.3220789,-0.18544,-0.08295995,,
2023,6.0,12.0,115226.0,0.0,128.0,2542.0,20.0,-140.0,59.0,24.0,31.0,-10.0,-54.0,13.0,2.0,-19.0,2.0,1.0,-1.0,-357.016,120.0553,99.80903,514.4551,-149.0394,-850.3708,0.2145452,0.8763637,-0.4000002,-0.3220789,0.30256,-0.08295995,,
2023,6.0,12.0,115226.0,0.0,129.0,2562.0,20.0,-141.0,59.0,22.0,31.0,-9.0,-54.0,10.0,-5.0,-15.0,3.0,-1.0,-1.0,-359.323,120.2329,97.08655,514.4551,-133.0067,-850.3708,-0.05818194,0.24,-0.03636384,0.1659211,-0.67344,-0.08295995,,
2023,6.0,12.0,115226.0,0.0,130.0,2582.0,20.0,-140.0,56.0,22.0,31.0,-9.0,-54.0,14.0,-8.0,-15.0,2.0,1.0,0.0,-356.712,114.0247,98.85418,514.4551,-133.0067,-850.3708,0.3054544,-0.03272724,-0.03636384,-0.3220789,0.30256,0.4050401,,
2023,6.0,12.0,115226.0,0.0,131.0,2602.0,20.0,-140.0,57.0,24.0,31.0,-9.0,-53.0,5.0,-8.0,-3.0,4.0,1.0,-1.0,-356.864,115.9625,101.1468,514.4551,-133.0067,-834.3382,-0.5127274,-0.03272724,1.054545,0.6539211,0.30256,-0.08295995,,
== yy1 ==============,,,,,,,,,,,,,,,,,,,,,,,,,,,,,,,,,
2023,6.0,12.0,115226.0,1.0,1.0,5762.0,0.0,116.0,69.0,147.0,225.0,131.0,-431.0,47.0,13.0,-78.0,-1426.0,-1533.0,-1067.0,247.598,116.151,214.0781,3624.786,2111.562,-6894.673,3.305455,1.876364,-5.763637,-697.1861,-748.2894,-520.291,,
2023,6.0,12.0,115226.0,1.0,2.0,5763.97,1.969697,116.0,69.0,144.0,227.0,131.0,-436.0,55.0,11.0,-83.0,-1451.0,-1545.0,-1089.0,247.712,116.3139,209.636,3656.851,2111.562,-6974.836,4.032727,1.694546,-6.218182,-709.3861,-754.1454,-531.027,,
2023,6.0,12.0,115226.0,1.0,3.0,5766.0,2.030303,120.0,71.0,140.0,229.0,132.0,-441.0,44.0,18.0,-79.0,-1479.0,-1558.0,-1108.0,257.244,120.3475,201.4196,3688.916,2127.594,-7055.0,3.032727,2.330909,-5.854546,-723.0501,-760.4894,-540.299,,
2023,6.0,12.0,115226.0,1.0,4.0,5768.0,2.0,120.0,70.0,140.0,230.0,129.0,-445.0,39.0,21.0,-82.0,-1506.0,-1566.0,-1123.0,257.32,118.3011,202.0884,3704.949,2079.497,-7119.13,2.578182,2.603636,-6.127273,-736.2261,-764.3934,-547.619,,
2023,6.0,12.0,115226.0,1.0,5.0,5770.0,2.0,121.0,70.0,139.0,232.0,129.0,-449.0,40.0,11.0,-71.0,-1535.0,-1578.0,-1136.0,259.741,118.2863,200.3688,3737.014,2079.497,-7183.261,2.669091,1.694546,-5.127273,-750.3781,-770.2495,-553.963,,
2023,6.0,12.0,115226.0,1.0,6.0,5772.0,2.0,122.0,70.0,134.0,231.0,127.0,-453.0,38.0,15.0,-87.0,-1562.0,-1592.0,-1147.0,262.314,118.4886,192.7262,3720.982,2047.431,-7247.391,2.487273,2.058182,-6.581819,-763.5541,-777.0814,-559.331,,
2023,6.0,12.0,115226.0,1.0,7.0,5774.0,2.0,121.0,71.0,135.0,231.0,126.0,-457.0,47.0,8.0,-79.0,-1589.0,-1609.0,-1155.0,259.817,120.5499,193.7771,3720.982,2031.399,-7311.521,3.305455,1.421818,-5.854546,-776.7301,-785.3774,-563.235,,
2023,6.0,12.0,115226.0,1.0,8.0,5776.0,2.0,122.0,70.0,133.0,230.0,124.0,-460.0,47.0,18.0,-78.0,-1617.0,-1625.0,-1159.0,262.352,118.5429,191.2455,3704.949,1999.333,-7359.62,3.305455,2.330909,-5.763637,-790.3941,-793.1854,-565.187,,
2023,6.0,12.0,115226.0,1.0,9.0,5778.0,2.0,125.0,66.0,129.0,231.0,122.0,-465.0,43.0,20.0,-80.0,-1642.0,-1644.0,-1160.0,269.957,110.3672,187.2813,3720.982,1967.268,-7439.783,2.941818,2.512727,-5.945455,-802.5941,-802.4575,-565.675,,
2023,6.0,12.0,115226.0,1.0,10.0,5780.0,2.0,126.0,69.0,124.0,232.0,120.0,-471.0,37.0,14.0,-92.0,-1666.0,-1663.0,-1157.0,272.302,116.7088,177.6322,3737.014,1935.203,-7535.979,2.396363,1.967273,-7.036364,-814.3061,-811.7294,-564.211,,
2023,6.0,12.0,115226.0,1.0,11.0,5782.0,2.0,123.0,70.0,122.0,235.0,117.0,-477.0,41.0,16.0,-79.0,-1688.0,-1684.0,-1154.0,265.153,119.071,174.7187,3785.112,1887.105,-7632.174,2.76,2.149091,-5.854546,-825.0421,-821.9774,-562.7469,,
2023,6.0,12.0,115226.0,1.0,12.0,5784.0,2.0,130.0,71.0,123.0,238.0,114.0,-484.0,39.0,14.0,-89.0,-1709.0,-1703.0,-1149.0,281.72,120.5795,173.858,3833.21,1839.007,-7744.403,2.578182,1.967273,-6.763637,-835.2901,-831.2495,-560.307,,
2023,6.0,12.0,115226.0,1.0,13.0,5786.0,2.0,129.0,70.0,117.0,241.0,110.0,-488.0,33.0,15.0,-88.0,-1728.0,-1723.0,-1144.0,279.641,118.928,165.8815,3881.308,1774.877,-7808.533,2.032727,2.058182,-6.672728,-844.5621,-841.0095,-557.867,,
2023,6.0,12.0,115226.0,1.0,14.0,5788.0,2.0,130.0,72.0,115.0,244.0,105.0,-492.0,44.0,12.0,-93.0,-1747.0,-1746.0,-1139.0,281.948,123.0602,161.3434,3929.406,1694.713,-7872.664,3.032727,1.785455,-7.127273,-853.8341,-852.2335,-555.427,,
2023,6.0,12.0,115226.0,1.0,15.0,5790.0,2.0,131.0,71.0,111.0,246.0,101.0,-496.0,40.0,10.0,-76.0,-1762.0,-1770.0,-1134.0,284.559,121.1619,155.8504,3961.471,1630.583,-7936.794,2.669091,1.603637,-5.581819,-861.1541,-863.9454,-552.987,,
2023,6.0,12.0,115226.0,1.0,16.0,5792.0,2.0,132.0,72.0,108.0,247.0,95.0,-498.0,42.0,10.0,-91.0,-1777.0,-1796.0,-1130.0,286.98,123.3021,150.5005,3977.504,1534.387,-7968.86,2.850909,1.603637,-6.945455,-868.4741,-876.6334,-551.035,,
2023,6.0,12.0,115226.0,1.0,17.0,5794.0,2.0,132.0,72.0,106.0,247.0,89.0,-498.0,38.0,8.0,-83.0,-1790.0,-1822.0,-1126.0,287.056,123.4106,147.539,3977.504,1438.191,-7968.86,2.487273,1.421818,-6.218182,-874.8181,-889.3214,-549.0829,,
2023,6.0,12.0,115226.0,1.0,18.0,5796.0,2.0,132.0,72.0,102.0,249.0,78.0,-497.0,42.0,9.0,-92.0,-1809.0,-1879.0,-1125.0,287.208,123.6278,141.6162,4009.569,1261.832,-7952.827,2.850909,1.512727,-7.036364,-884.0901,-917.1375,-548.595,,
2023,6.0,12.0,115226.0,1.0,19.0,5798.0,2.0,136.0,74.0,101.0,249.0,73.0,-499.0,45.0,7.0,-86.0,-1817.0,-1912.0,-1125.0,296.626,127.4985,137.8419,4009.569,1181.669,-7984.892,3.123636,1.330909,-6.49091,-887.9941,-933.2415,-548.595,,
2023,6.0,12.0,115226.0,1.0,20.0,5800.0,2.0,136.0,75.0,96.0,251.0,68.0,-501.0,44.0,5.0,-93.0,-1824.0,-1947.0,-1127.0,296.74,129.8164,129.7695,4041.634,1101.506,-8016.958,3.032727,1.149091,-7.127273,-891.4101,-950.3214,-549.571,,
2023,6.0,12.0,115226.0,1.0,21.0,5802.0,2.0,136.0,75.0,94.0,253.0,66.0,-504.0,49.0,7.0,-101.0,-1832.0,-1990.0,-1130.0,296.816,129.925,126.8081,4073.699,1069.441,-8065.056,3.487273,1.330909,-7.854546,-895.3141,-971.3054,-551.035,,
2023,6.0,12.0,115226.0,1.0,22.0,5804.0,2.0,134.0,76.0,90.0,256.0,66.0,-509.0,49.0,11.0,-98.0,-1844.0,-2035.0,-1135.0,292.126,132.3268,120.6943,4121.797,1069.441,-8145.219,3.487273,1.694546,-7.581819,-901.1701,-993.2654,-553.475,,
2023,6.0,12.0,115226.0,1.0,23.0,5806.0,2.0,135.0,77.0,86.0,262.0,66.0,-516.0,47.0,8.0,-87.0,-1858.0,-2085.0,-1139.0,294.585,134.5212,113.8636,4217.993,1069.441,-8257.447,3.305455,1.421818,-6.581819,-908.0021,-1017.665,-555.427,,
2023,6.0,12.0,115226.0,1.0,24.0,5808.0,2.0,134.0,79.0,84.0,270.0,67.0,-525.0,49.0,7.0,-101.0,-1881.0,-2139.0,-1141.0,292.126,138.7917,109.8034,4346.254,1085.473,-8401.74,3.487273,1.330909,-7.854546,-919.2261,-1044.017,-556.403,,
2023,6.0,12.0,115226.0,1.0,25.0,5810.0,2.0,139.0,79.0,78.0,281.0,69.0,-536.0,53.0,10.0,-98.0,-1912.0,-2195.0,-1139.0,304.269,138.772,99.72437,4522.613,1117.539,-8578.1,3.850909,1.603637,-7.581819,-934.3541,-1071.345,-555.427,,
2023,6.0,12.0,115226.0,1.0,26.0,5812.0,2.0,135.0,81.0,75.0,296.0,71.0,-549.0,50.0,11.0,-106.0,-1953.0,-2251.0,-1134.0,294.699,143.304,94.90029,4763.103,1149.604,-8786.523,3.578182,1.694546,-8.309092,-954.3621,-1098.673,-552.987,,
2023,6.0,12.0,115226.0,1.0,27.0,5814.0,2.0,137.0,81.0,70.0,315.0,72.0,-562.0,59.0,9.0,-103.0,-2008.0,-2308.0,-1122.0,299.655,143.4373,87.01881,5067.723,1165.636,-8994.948,4.396364,1.512727,-8.036364,-981.2021,-1126.489,-547.131,,
2023,6.0,12.0,115226.0,1.0,28.0,5816.0,2.0,135.0,85.0,68.0,336.0,74.0,-576.0,59.0,3.0,-102.0,-2078.0,-2364.0,-1107.0,294.661,151.8697,81.85983,5404.408,1197.702,-9219.405,4.396364,0.9672728,-7.945455,-1015.362,-1153.817,-539.811,,
2023,6.0,12.0,115226.0,1.0,29.0,5818.0,2.0,139.0,86.0,66.0,360.0,76.0,-591.0,62.0,7.0,-108.0,-2162.0,-2419.0,-1084.0,304.193,153.7483,77.27376,5789.191,1229.767,-9459.895,4.669091,1.330909,-8.49091,-1056.354,-1180.657,-528.587,,
2023,6.0,12.0,115226.0,1.0,30.0,5820.0,2.0,136.0,87.0,60.0,385.0,75.0,-607.0,71.0,8.0,-111.0,-2265.0,-2466.0,-1054.0,297.196,156.3277,68.43744,6190.007,1213.734,-9716.417,5.487273,1.421818,-8.763637,-1106.618,-1203.593,-513.947,,
2023,6.0,12.0,115226.0,1.0,31.0,5822.0,2.0,134.0,88.0,55.0,415.0,72.0,-623.0,70.0,5.0,-107.0,-2379.0,-2505.0,-1018.0,292.544,158.7838,60.84289,6670.986,1165.636,-9972.938,5.396364,1.149091,-8.400001,-1162.25,-1222.625,-496.379,,
2023,6.0,12.0,115226.0,1.0,32.0,5824.0,2.0,136.0,90.0,52.0,445.0,65.0,-639.0,80.0,12.0,-106.0,-2507.0,-2530.0,-974.0,297.272,162.9013,54.58514,7151.965,1053.408,-10229.46,6.305455,1.785455,-8.309092,-1224.714,-1234.825,-474.907,,
2023,6.0,12.0,115226.0,1.0,33.0,5826.0,2.0,135.0,90.0,50.0,478.0,59.0,-658.0,87.0,3.0,-117.0,-2645.0,-2547.0,-926.0,294.965,163.079,51.86266,7681.042,957.2123,-10534.08,6.941818,0.9672728,-9.309092,-1292.058,-1243.121,-451.483,,
2023,6.0,12.0,115226.0,1.0,34.0,5828.0,2.0,137.0,96.0,49.0,508.0,47.0,-680.0,96.0,-1.0,-117.0,-2798.0,-2551.0,-876.0,299.313,175.2734,45.89086,8162.021,764.8207,-10886.8,7.76,0.6036364,-9.309092,-1366.722,-1245.073,-427.083,,
2023,6.0,12.0,115226.0,1.0,35.0,5830.0,2.0,136.0,95.0,45.0,532.0,28.0,-703.0,90.0,3.0,-124.0,-2951.0,-2545.0,-828.0,297.158,173.5133,40.87582,8546.804,460.2007,-11255.55,7.214545,0.9672728,-9.945455,-1441.386,-1242.145,-403.659,,
2023,6.0,12.0,115226.0,1.0,36.0,5832.0,2.0,136.0,95.0,42.0,552.0,6.0,-722.0,102.0,4.0,-124.0,-3103.0,-2494.0,-774.0,297.272,173.6762,36.4337,8867.457,107.4828,-11560.17,8.305454,1.058182,-9.945455,-1515.562,-1217.257,-377.307,,
2023,6.0,12.0,115226.0,1.0,37.0,5834.0,2.0,133.0,97.0,41.0,583.0,-21.0,-706.0,107.0,0.0,-132.0,-3206.0,-2437.0,-737.0,290.009,178.0306,34.33206,9364.468,-325.3983,-11303.65,8.76,0.6945455,-10.67273,-1565.826,-1189.441,-359.251,,
2023,6.0,12.0,115226.0,1.0,38.0,5836.0,2.0,136.0,98.0,39.0,625.0,10.0,-750.0,103.0,-3.0,-136.0,-3357.0,-2421.0,-715.0,297.158,179.9783,29.98495,10037.84,171.6133,-12009.08,8.396363,0.4218182,-11.03636,-1639.514,-1181.633,-348.515,,
2023,6.0,12.0,115226.0,1.0,39.0,5838.0,2.0,131.0,101.0,40.0,634.0,-26.0,-805.0,102.0,-5.0,-147.0,-3558.0,-2403.0,-677.0,284.977,186.4087,30.65381,10182.13,-405.5615,-12890.88,8.305454,0.24,-12.03636,-1737.602,-1172.849,-329.971,,
2023,6.0,12.0,115226.0,1.0,40.0,5840.0,2.0,130.0,97.0,40.0,637.0,-67.0,-847.0,101.0,-10.0,-153.0,-3733.0,-2374.0,-668.0,282.898,178.2922,33.56819,10230.23,-1062.899,-13564.25,8.214545,-0.2145454,-12.58182,-1823.002,-1158.697,-325.579,,
2023,6.0,12.0,115226.0,1.0,41.0,5842.0,2.0,132.0,100.0,42.0,639.0,-102.0,-863.0,106.0,-23.0,-153.0,-3866.0,-2343.0,-686.0,287.36,184.1846,34.04517,10262.3,-1624.042,-13820.77,8.669091,-1.396363,-12.58182,-1887.906,-1143.569,-334.363,,
2023,6.0,12.0,115226.0,1.0,42.0,5844.0,2.0,131.0,103.0,43.0,604.0,-122.0,-885.0,110.0,-31.0,-152.0,-3966.0,-2363.0,-655.0,284.711,190.3386,33.75821,9701.153,-1944.694,-14173.49,9.032727,-2.123636,-12.49091,-1936.706,-1153.329,-319.235,,
2023,6.0,12.0,115226.0,1.0,43.0,5846.0,2.0,133.0,104.0,42.0,652.0,-204.0,-897.0,121.0,-25.0,-155.0,-3992.0,-2284.0,-661.0,289.439,192.3011,31.13077,10470.72,-3259.37,-14365.88,10.03273,-1.578182,-12.76364,-1949.394,-1114.777,-322.163,,
2023,6.0,12.0,115226.0,1.0,44.0,5848.0,2.0,127.0,103.0,46.0,691.0,-216.0,-910.0,109.0,-31.0,-157.0,-4041.0,-2208.0,-735.0,275.065,190.4521,39.15616,11095.99,-3451.762,-14574.3,8.941818,-2.123636,-12.94545,-1973.306,-1077.689,-358.275,,
2023,6.0,12.0,115226.0,1.0,45.0,5850.0,2.0,131.0,102.0,46.0,673.0,-263.0,-923.0,104.0,-40.0,-162.0,-4126.0,-2180.0,-761.0,284.673,188.1293,38.86923,10807.41,-4205.295,-14782.73,8.487272,-2.941818,-13.4,-2014.786,-1064.025,-370.963,,
2023,6.0,12.0,115226.0,1.0,46.0,5852.0,2.0,128.0,104.0,50.0,673.0,-263.0,-923.0,109.0,-58.0,-169.0,-4126.0,-2180.0,-761.0,277.22,192.2122,44.1712,10807.41,-4205.295,-14782.73,8.941818,-4.578182,-14.03636,-2014.786,-1064.025,-370.963,,
2023,6.0,12.0,115226.0,1.0,47.0,5854.0,2.0,126.0,104.0,52.0,658.0,-364.0,-941.0,118.0,-66.0,-167.0,-4061.0,-2118.0,-838.0,272.378,192.2419,47.61053,10566.92,-5824.591,-15071.32,9.76,-5.305454,-13.85455,-1983.066,-1033.769,-408.539,,
2023,6.0,12.0,115226.0,1.0,48.0,5856.0,2.0,127.0,105.0,55.0,655.0,-398.0,-919.0,114.0,-71.0,-160.0,-3969.0,-2093.0,-903.0,274.571,194.0563,51.14488,10518.82,-6369.701,-14718.6,9.396363,-5.76,-13.21818,-1938.17,-1021.569,-440.259,,
2023,6.0,12.0,115226.0,1.0,49.0,5858.0,2.0,126.0,106.0,60.0,649.0,-427.0,-898.0,107.0,-74.0,-161.0,-3885.0,-2081.0,-967.0,271.922,195.9003,58.11854,10422.62,-6834.647,-14381.91,8.76,-6.032727,-13.30909,-1897.178,-1015.713,-471.491,,
2023,6.0,12.0,115226.0,1.0,50.0,5860.0,2.0,123.0,110.0,61.0,644.0,-448.0,-899.0,116.0,-72.0,-157.0,-3789.0,-2075.0,-1031.0,264.431,204.2389,57.64065,10342.46,-7171.333,-14397.95,9.578182,-5.850909,-12.94545,-1850.33,-1012.785,-502.723,,
2023,6.0,12.0,115226.0,1.0,51.0,5862.0,2.0,125.0,108.0,64.0,643.0,-470.0,-901.0,115.0,-77.0,-160.0,-3670.0,-2074.0,-1094.0,269.235,199.845,62.94261,10326.43,-7524.05,-14430.01,9.487272,-6.305454,-13.21818,-1792.258,-1012.297,-533.467,,
2023,6.0,12.0,115226.0,1.0,52.0,5864.0,2.0,123.0,110.0,64.0,644.0,-486.0,-897.0,111.0,-82.0,-149.0,-3545.0,-2091.0,-1155.0,264.317,204.076,62.08279,10342.46,-7780.572,-14365.88,9.123636,-6.76,-12.21818,-1731.258,-1020.593,-563.235,,
2023,6.0,12.0,115226.0,1.0,53.0,5866.0,2.0,121.0,110.0,67.0,643.0,-493.0,-890.0,105.0,-80.0,-155.0,-3420.0,-2115.0,-1208.0,259.437,204.0513,67.00282,10326.43,-7892.801,-14253.65,8.578182,-6.578182,-12.76364,-1670.258,-1032.305,-589.099,,
2023,6.0,12.0,115226.0,1.0,54.0,5868.0,2.0,123.0,112.0,69.0,642.0,-497.0,-881.0,111.0,-78.0,-145.0,-3296.0,-2146.0,-1252.0,263.975,207.8973,68.14863,10310.39,-7956.931,-14109.36,9.123636,-6.396363,-11.85455,-1609.746,-1047.433,-610.571,,
2023,6.0,12.0,115226.0,1.0,55.0,5870.0,2.0,121.0,113.0,69.0,647.0,-495.0,-877.0,110.0,-77.0,-156.0,-3176.0,-2188.0,-1285.0,259.133,210.0819,67.95766,10390.56,-7924.866,-14045.23,9.032727,-6.305454,-12.85455,-1551.186,-1067.929,-626.675,,
2023,6.0,12.0,115226.0,1.0,56.0,5872.0,2.0,121.0,114.0,72.0,658.0,-490.0,-880.0,115.0,-86.0,-152.0,-3072.0,-2238.0,-1309.0,258.943,211.9655,71.73095,10566.92,-7844.703,-14093.33,9.487272,-7.123636,-12.49091,-1500.434,-1092.329,-638.387,,
2023,6.0,12.0,115226.0,1.0,57.0,5874.0,2.0,122.0,115.0,72.0,677.0,-486.0,-890.0,119.0,-84.0,-154.0,-2978.0,-2291.0,-1330.0,261.25,213.9428,70.82315,10871.54,-7780.572,-14253.65,9.850909,-6.941818,-12.67273,-1454.562,-1118.193,-648.6349,,
2023,6.0,12.0,115226.0,1.0,58.0,5876.0,2.0,118.0,116.0,76.0,700.0,-481.0,-898.0,126.0,-79.0,-162.0,-2909.0,-2328.0,-1348.0,251.49,216.0484,77.03293,11240.29,-7700.409,-14381.91,10.48727,-6.487272,-13.4,-1420.89,-1136.249,-657.419,,
2023,6.0,12.0,115226.0,1.0,59.0,5878.0,2.0,118.0,120.0,78.0,725.0,-481.0,-921.0,132.0,-72.0,-160.0,-2864.0,-2375.0,-1355.0,251.11,224.1254,77.31891,11641.1,-7700.409,-14750.66,11.03273,-5.850909,-13.21818,-1398.93,-1159.185,-660.835,,
2023,6.0,12.0,115226.0,1.0,60.0,5880.0,2.0,115.0,118.0,77.0,753.0,-483.0,-947.0,129.0,-83.0,-163.0,-2840.0,-2439.0,-1345.0,244.151,220.2942,77.89275,12090.02,-7732.475,-15167.51,10.76,-6.850909,-13.49091,-1387.218,-1190.417,-655.955,,
2023,6.0,12.0,115226.0,1.0,61.0,5882.0,2.0,116.0,121.0,76.0,786.0,-484.0,-978.0,142.0,-85.0,-171.0,-2841.0,-2514.0,-1314.0,246.344,226.4186,74.16652,12619.09,-7748.507,-15664.52,11.94182,-7.032727,-14.21818,-1387.706,-1227.017,-640.827,,
2023,6.0,12.0,115226.0,1.0,62.0,5884.0,2.0,115.0,120.0,77.0,823.0,-493.0,-1019.0,145.0,-68.0,-181.0,-2871.0,-2600.0,-1266.0,243.999,224.3869,76.55503,13212.3,-7892.801,-16321.86,12.21455,-5.487272,-15.12727,-1402.346,-1268.985,-617.403,,
2023,6.0,12.0,115226.0,1.0,63.0,5886.0,2.0,115.0,123.0,80.0,866.0,-506.0,-1066.0,154.0,-79.0,-186.0,-2921.0,-2691.0,-1211.0,243.657,230.3633,78.99059,13901.7,-8101.225,-17075.39,13.03273,-6.487272,-15.58182,-1426.746,-1313.393,-590.563,,
2023,6.0,12.0,115226.0,1.0,64.0,5888.0,2.0,113.0,124.0,79.0,910.0,-522.0,-1116.0,164.0,-93.0,-196.0,-2995.0,-2779.0,-1150.0,238.853,232.6022,77.31891,14607.14,-8357.747,-17877.03,13.94182,-7.759999,-16.49091,-1462.858,-1356.337,-560.795,,
2023,6.0,12.0,115226.0,1.0,65.0,5890.0,2.0,113.0,125.0,79.0,960.0,-546.0,-1170.0,178.0,-83.0,-224.0,-3091.0,-2866.0,-1085.0,238.777,234.6486,76.65005,15408.77,-8742.53,-18742.79,15.21455,-6.850909,-19.03636,-1509.706,-1398.793,-529.075,,
2023,6.0,12.0,115226.0,1.0,66.0,5892.0,2.0,114.0,125.0,79.0,1019.0,-573.0,-1229.0,184.0,-99.0,-221.0,-3201.0,-2957.0,-1019.0,241.16,234.5795,76.4111,16354.7,-9175.411,-19688.71,15.76,-8.305454,-18.76364,-1563.386,-1443.201,-496.867,,
2023,6.0,12.0,115226.0,1.0,67.0,5894.0,2.0,111.0,124.0,81.0,1081.0,-609.0,-1293.0,190.0,-96.0,-228.0,-3324.0,-3042.0,-948.0,234.011,232.6318,80.75823,17348.72,-9752.586,-20714.8,16.30545,-8.032727,-19.4,-1623.41,-1484.681,-462.219,,
2023,6.0,12.0,115226.0,1.0,68.0,5896.0,2.0,110.0,124.0,81.0,1150.0,-650.0,-1358.0,216.0,-104.0,-240.0,-3450.0,-3118.0,-879.0,231.628,232.7009,80.99718,18454.97,-10409.92,-21756.92,18.66909,-8.759999,-20.49091,-1684.898,-1521.769,-428.547,,
2023,6.0,12.0,115226.0,1.0,69.0,5898.0,2.0,111.0,123.0,80.0,1229.0,-697.0,-1426.0,216.0,-123.0,-250.0,-3577.0,-3181.0,-811.0,234.125,230.6397,79.94637,19721.55,-11163.46,-22847.14,18.66909,-10.48727,-21.4,-1746.874,-1552.513,-395.363,,
2023,6.0,12.0,115226.0,1.0,70.0,5900.0,2.0,114.0,124.0,82.0,1315.0,-750.0,-1498.0,232.0,-131.0,-264.0,-3709.0,-3232.0,-750.0,241.122,232.3702,81.5221,21100.36,-12013.19,-24001.49,20.12364,-11.21455,-22.67273,-1811.29,-1577.401,-365.595,,
2023,6.0,12.0,115226.0,1.0,71.0,5902.0,2.0,114.0,124.0,81.0,1404.0,-809.0,-1575.0,250.0,-138.0,-276.0,-3843.0,-3264.0,-697.0,241.16,232.4245,80.04139,22527.26,-12959.11,-25236.0,21.76,-11.85091,-23.76364,-1876.682,-1593.017,-339.731,,
2023,6.0,12.0,115226.0,1.0,72.0,5904.0,2.0,114.0,121.0,85.0,1489.0,-875.0,-1652.0,259.0,-153.0,-291.0,-3977.0,-3287.0,-662.0,241.236,226.0681,87.97083,23890.03,-14017.27,-26470.52,22.57818,-13.21455,-25.12727,-1942.074,-1604.241,-322.651,,
2023,6.0,12.0,115226.0,1.0,73.0,5906.0,2.0,115.0,120.0,87.0,1570.0,-948.0,-1728.0,276.0,-169.0,-305.0,-4106.0,-3293.0,-640.0,243.619,223.844,91.36219,25188.68,-15187.65,-27689.0,24.12364,-14.66909,-26.4,-2005.026,-1607.169,-311.915,,
2023,6.0,12.0,115226.0,1.0,74.0,5908.0,2.0,114.0,121.0,86.0,1642.0,-1028.0,-1801.0,277.0,-175.0,-320.0,-4231.0,-3287.0,-638.0,241.198,226.0138,89.45155,26343.03,-16470.26,-28859.38,24.21454,-15.21455,-27.76364,-2066.026,-1604.241,-310.939,,
2023,6.0,12.0,115226.0,1.0,75.0,5910.0,2.0,115.0,118.0,89.0,1706.0,-1120.0,-1875.0,295.0,-196.0,-333.0,-4345.0,-3275.0,-650.0,243.695,219.6426,95.66134,27369.12,-17945.26,-30045.79,25.85091,-17.12364,-28.94546,-2121.658,-1598.385,-316.795,,
2023,6.0,12.0,115226.0,1.0,76.0,5912.0,2.0,117.0,115.0,88.0,1764.0,-1223.0,-1945.0,306.0,-209.0,-347.0,-4429.0,-3268.0,-668.0,248.727,213.4196,95.7093,28299.01,-19596.62,-31168.08,26.85091,-18.30545,-30.21818,-2162.65,-1594.969,-325.579,,
2023,6.0,12.0,115226.0,1.0,77.0,5914.0,2.0,117.0,114.0,92.0,1816.0,-1327.0,-2012.0,303.0,-228.0,-350.0,-4484.0,-3272.0,-674.0,248.651,211.156,102.301,29132.7,-21264.02,-32242.27,26.57818,-20.03273,-30.49091,-2189.49,-1596.921,-328.507,,
2023,6.0,12.0,115226.0,1.0,78.0,5916.0,2.0,120.0,113.0,92.0,1871.0,-1432.0,-2048.0,305.0,-248.0,-354.0,-4495.0,-3284.0,-669.0,255.876,208.9023,102.2531,30014.5,-22947.44,-32819.44,26.76,-21.85091,-30.85455,-2194.858,-1602.777,-326.067,,
2023,6.0,12.0,115226.0,1.0,79.0,5918.0,2.0,120.0,112.0,92.0,1932.0,-1537.0,-2048.0,321.0,-262.0,-372.0,-4465.0,-3292.0,-660.0,255.952,206.8559,102.9219,30992.49,-24630.87,-32819.44,28.21454,-23.12364,-32.49091,-2180.218,-1606.681,-321.675,,
2023,6.0,12.0,115226.0,1.0,80.0,5920.0,2.0,123.0,110.0,91.0,1986.0,-1643.0,-2048.0,326.0,-283.0,-371.0,-4396.0,-3278.0,-646.0,263.291,202.61,102.0621,31858.25,-26330.33,-32819.44,28.66909,-25.03273,-32.4,-2146.546,-1599.849,-314.843,,
2023,6.0,12.0,115226.0,1.0,81.0,5922.0,2.0,122.0,106.0,90.0,2035.0,-1748.0,-2048.0,342.0,-306.0,-384.0,-4292.0,-3260.0,-649.0,261.25,194.5479,103.4958,32643.85,-28013.75,-32819.44,30.12364,-27.12364,-33.58182,-2095.794,-1591.065,-316.307,,
2023,6.0,12.0,115226.0,1.0,82.0,5924.0,2.0,126.0,106.0,89.0,2047.0,-1855.0,-2048.0,337.0,-316.0,-389.0,-4148.0,-3239.0,-664.0,270.82,194.3258,101.0593,32836.24,-29729.25,-32819.44,29.66909,-28.03273,-34.03636,-2025.522,-1580.817,-323.627,,
2023,6.0,12.0,115226.0,1.0,83.0,5926.0,2.0,124.0,107.0,87.0,2047.0,-1965.0,-2048.0,342.0,-337.0,-381.0,-3951.0,-3212.0,-711.0,266.054,196.619,97.90687,32836.24,-31492.84,-32819.44,30.12364,-29.94182,-33.30909,-1929.386,-1567.641,-346.563,,
2023,6.0,12.0,115226.0,1.0,84.0,5928.0,2.0,126.0,105.0,86.0,2047.0,-2048.0,-2048.0,338.0,-361.0,-388.0,-3691.0,-3201.0,-778.0,271.01,192.4423,97.28598,32836.24,-32823.54,-32819.44,29.76,-32.12363,-33.94545,-1802.506,-1562.273,-379.259,,
2023,6.0,12.0,115226.0,1.0,85.0,5930.0,2.0,124.0,105.0,84.0,2047.0,-2048.0,-2048.0,336.0,-374.0,-390.0,-3345.0,-3226.0,-853.0,266.32,192.6891,94.80244,32836.24,-32823.54,-32819.44,29.57818,-33.30545,-34.12727,-1633.658,-1574.473,-415.859,,
2023,6.0,12.0,115226.0,1.0,86.0,5932.0,2.0,128.0,105.0,81.0,2047.0,-2048.0,-2048.0,339.0,-390.0,-386.0,-2905.0,-3304.0,-910.0,275.966,192.5755,89.40452,32836.24,-32823.54,-32819.44,29.85091,-34.76,-33.76363,-1418.938,-1612.537,-443.675,,
2023,6.0,12.0,115226.0,1.0,87.0,5934.0,2.0,130.0,105.0,76.0,2027.0,-2048.0,-2048.0,333.0,-402.0,-389.0,-2382.0,-3448.0,-931.0,280.922,192.7088,81.52305,32515.59,-32823.54,-32819.44,29.30545,-35.85091,-34.03636,-1163.714,-1682.809,-453.923,,
2023,6.0,12.0,115226.0,1.0,88.0,5936.0,2.0,128.0,108.0,69.0,2003.0,-2048.0,-2048.0,326.0,-420.0,-405.0,-1809.0,-3668.0,-920.0,276.194,199.3662,69.62935,32130.81,-32823.54,-32819.44,28.66909,-37.48727,-35.49091,-884.0901,-1790.169,-448.555,,
2023,6.0,12.0,115226.0,1.0,89.0,5938.0,2.0,130.0,108.0,58.0,1972.0,-2048.0,-2048.0,323.0,-417.0,-417.0,-1193.0,-3982.0,-882.0,281.378,199.8253,52.86359,31633.79,-32823.54,-32819.44,28.39636,-37.21455,-36.58182,-583.4821,-1943.401,-430.011,,
2023,6.0,12.0,115226.0,1.0,90.0,5940.0,2.0,128.0,112.0,44.0,1941.0,-2048.0,-2048.0,317.0,-418.0,-431.0,-539.0,-4405.0,-830.0,276.84,208.9092,29.93604,31136.78,-32823.54,-32819.44,27.85091,-37.30545,-37.85455,-264.3301,-2149.826,-404.635,,
2023,6.0,12.0,115226.0,1.0,91.0,5942.0,2.0,130.0,109.0,30.0,1931.0,-2048.0,-2048.0,333.0,-420.0,-446.0,156.0,-4938.0,-764.0,282.366,203.3919,10.73471,30976.46,-32823.54,-32819.44,29.30545,-37.48727,-39.21818,74.82992,-2409.93,-372.427,,
2023,6.0,12.0,115226.0,1.0,92.0,5944.0,2.0,123.0,113.0,6.0,1963.0,-2048.0,-2048.0,345.0,-418.0,-475.0,893.0,-5594.0,-676.0,266.293,213.3643,-25.80527,31489.5,-32823.54,-32819.44,30.39636,-37.30545,-41.85455,434.4859,-2730.058,-329.483,,
2023,6.0,12.0,115226.0,1.0,93.0,5946.0,2.0,122.0,111.0,-21.0,2047.0,-2048.0,-2048.0,370.0,-410.0,-504.0,1675.0,-6360.0,-555.0,265.088,210.8065,-64.2079,32836.24,-32823.54,-32819.44,32.66909,-36.57818,-44.49091,816.1019,-3103.865,-270.435,,
2023,6.0,12.0,115226.0,1.0,94.0,5948.0,2.0,112.0,112.0,-52.0,2047.0,-2048.0,-2048.0,410.0,-421.0,-558.0,2522.0,-7225.0,-388.0,242.36,215.227,-108.3895,32836.24,-32823.54,-32819.44,36.30545,-37.57818,-49.4,1229.438,-3525.986,-188.939,,
2023,6.0,12.0,115226.0,1.0,95.0,5950.0,2.0,105.0,107.0,-88.0,2047.0,-2048.0,-2048.0,445.0,-422.0,-615.0,3359.0,-8115.0,-196.0,227.427,207.4334,-156.6783,32836.24,-32823.54,-32819.44,39.48727,-37.66909,-54.58182,1637.894,-3960.306,-95.24297,,
2023,6.0,12.0,115226.0,1.0,96.0,5952.0,2.0,92.0,98.0,-127.0,2047.0,-2048.0,-2048.0,512.0,-435.0,-709.0,4214.0,-8192.0,-4.0,198.614,192.0316,-205.3001,32836.24,-32823.54,-32819.44,45.57818,-38.85091,-63.12727,2055.134,-3997.882,-1.54696,,
2023,6.0,12.0,115226.0,1.0,97.0,5954.0,2.0,74.0,87.0,-169.0,2047.0,-2048.0,-2048.0,617.0,-442.0,-792.0,5183.0,-8192.0,322.0,158.152,173.0454,-255.8316,32836.24,-32823.54,-32819.44,55.12363,-39.48727,-70.67273,2528.006,-3997.882,157.541,,
2023,6.0,12.0,115226.0,1.0,98.0,5956.0,2.0,49.0,67.0,-210.0,2047.0,-2048.0,-2048.0,654.0,-437.0,-828.0,6570.0,-8192.0,1164.0,101.655,136.0711,-297.1901,32836.24,-32823.54,-32819.44,58.48727,-39.03273,-73.94546,3204.862,-3997.882,568.437,,
2023,6.0,12.0,115226.0,1.0,99.0,5958.0,2.0,22.0,46.0,-246.0,2047.0,-2048.0,-2048.0,578.0,-503.0,-759.0,7606.0,-8192.0,2672.0,40.278,96.91708,-329.9982,32836.24,-32823.54,-32819.44,51.57818,-45.03273,-67.67273,3710.43,-3997.882,1304.341,,
2023,6.0,12.0,115226.0,1.0,100.0,5960.0,2.0,-19.0,27.0,-265.0,2047.0,-2048.0,-2048.0,383.0,-467.0,-605.0,7276.0,-8084.0,4118.0,-55.259,61.9003,-335.6265,32836.24,-32823.54,-32819.44,33.85091,-41.76,-53.67273,3549.39,-3945.177,2009.989,,
2023,6.0,12.0,115226.0,1.0,101.0,5962.0,2.0,-68.0,15.0,-254.0,2047.0,-2048.0,-2048.0,254.0,-371.0,-405.0,6259.0,-8192.0,5346.0,-171.532,40.13228,-299.6039,32836.24,-32823.54,-32819.44,22.12364,-33.03273,-35.49091,3053.094,-3997.882,2609.253,,
2023,6.0,12.0,115226.0,1.0,102.0,5964.0,2.0,-112.0,13.0,-194.0,2047.0,-2048.0,-2048.0,18.0,-302.0,-155.0,6381.0,-8192.0,-8192.0,-278.512,35.82231,-198.9097,32836.24,-32823.54,-32819.44,0.6690907,-26.76,-12.76364,3112.63,-3997.882,-3997.291,,
2023,6.0,12.0,115226.0,1.0,103.0,5966.0,2.0,-136.0,32.0,-92.0,1769.0,-2048.0,-2048.0,-257.0,-90.0,51.0,6915.0,-8192.0,-8192.0,-341.024,70.82428,-54.85042,28379.17,-32823.54,-32819.44,-24.33091,-7.487272,5.963636,3373.222,-3997.882,-3997.291,,
2023,6.0,12.0,115226.0,1.0,104.0,5968.0,2.0,-122.0,66.0,24.0,568.0,-1151.0,-1182.0,-250.0,-46.0,47.0,6886.0,-8192.0,-8192.0,-314.654,133.1362,90.82597,9123.979,-18442.27,-18935.18,-23.69455,-3.487273,5.6,3359.07,-3997.882,-3997.291,,
2023,6.0,12.0,115226.0,1.0,105.0,5970.0,2.0,-75.0,99.0,118.0,124.0,-189.0,-409.0,-257.0,-45.0,48.0,6817.0,-8192.0,-8192.0,-208.733,192.3159,196.7103,2005.49,-3018.881,-6541.956,-24.33091,-3.396363,5.690909,3325.398,-3997.882,-3997.291,,
2023,6.0,12.0,115226.0,1.0,106.0,5972.0,2.0,-15.0,128.0,162.0,106.0,-195.0,-403.0,-262.0,-47.0,45.0,6755.0,-8192.0,-8192.0,-69.629,245.1263,228.1279,1716.903,-3115.076,-6445.76,-24.78546,-3.578182,5.418181,3295.142,-3997.882,-3997.291,,
2023,6.0,12.0,115226.0,1.0,107.0,5974.0,2.0,50.0,141.0,151.0,93.0,-186.0,-388.0,-254.0,-41.0,52.0,6691.0,-8192.0,-8192.0,84.69601,267.8351,187.6134,1508.478,-2970.783,-6205.27,-24.05818,-3.032727,6.054545,3263.91,-3997.882,-3997.291,,
2023,6.0,12.0,115226.0,1.0,108.0,5976.0,2.0,101.0,136.0,88.0,93.0,-176.0,-379.0,-270.0,-43.0,51.0,6630.0,-8192.0,-8192.0,209.003,257.4995,85.48635,1508.478,-2810.456,-6060.977,-25.51273,-3.214545,5.963636,3234.142,-3997.882,-3997.291,,
2023,6.0,12.0,115226.0,1.0,109.0,5978.0,2.0,120.0,114.0,-20.0,97.0,-167.0,-372.0,-261.0,-37.0,53.0,6567.0,-8192.0,-8192.0,260.056,217.0296,-64.25587,1572.609,-2666.163,-5948.748,-24.69455,-2.669091,6.145454,3203.398,-3997.882,-3997.291,,
2023,6.0,12.0,115226.0,1.0,110.0,5980.0,2.0,109.0,81.0,-131.0,106.0,-161.0,-362.0,-259.0,-47.0,55.0,6503.0,-8192.0,-8192.0,240.569,156.2852,-203.9144,1716.903,-2569.967,-5788.421,-24.51273,-3.578182,6.327272,3172.166,-3997.882,-3997.291,,
2023,6.0,12.0,115226.0,1.0,111.0,5982.0,2.0,67.0,44.0,-220.0,122.0,-158.0,-355.0,-252.0,-39.0,52.0,6440.0,-8192.0,-8192.0,146.677,88.30307,-300.9144,1973.425,-2521.869,-5676.193,-23.87636,-2.850909,6.054545,3141.422,-3997.882,-3997.291,,
2023,6.0,12.0,115226.0,1.0,112.0,5984.0,2.0,-3.0,17.0,-270.0,138.0,-159.0,-355.0,-252.0,-35.0,58.0,6379.0,-8192.0,-8192.0,-16.181,40.60217,-340.1647,2229.947,-2537.902,-5676.193,-23.87636,-2.487273,6.6,3111.654,-3997.882,-3997.291,,
2023,6.0,12.0,115226.0,1.0,113.0,5986.0,2.0,-65.0,6.0,-257.0,154.0,-166.0,-364.0,-252.0,-46.0,59.0,6318.0,-8192.0,-8192.0,-163.585,21.67029,-298.7432,2486.469,-2650.13,-5820.487,-23.87636,-3.487273,6.690909,3081.886,-3997.882,-3997.291,,
2023,6.0,12.0,115226.0,1.0,114.0,5988.0,2.0,-113.0,13.0,-187.0,162.0,-175.0,-378.0,-255.0,-45.0,51.0,6256.0,-8192.0,-8192.0,-281.161,35.51135,-188.3058,2614.73,-2794.424,-6044.944,-24.14909,-3.396363,5.963636,3051.63,-3997.882,-3997.291,,
2023,6.0,12.0,115226.0,1.0,115.0,5990.0,2.0,-134.0,37.0,-86.0,161.0,-181.0,-398.0,-265.0,-36.0,55.0,6193.0,-8192.0,-8192.0,-336.866,80.5923,-49.78833,2598.697,-2890.619,-6365.596,-25.05818,-2.578182,6.327272,3020.886,-3997.882,-3997.291,,
2023,6.0,12.0,115226.0,1.0,116.0,5992.0,2.0,-119.0,72.0,28.0,147.0,-186.0,-407.0,-262.0,-45.0,51.0,6131.0,-8192.0,-8192.0,-308.113,144.9902,92.01881,2374.24,-2970.783,-6509.89,-24.78546,-3.396363,5.963636,2990.63,-3997.882,-3997.291,,
2023,6.0,12.0,115226.0,1.0,117.0,5994.0,2.0,-72.0,105.0,120.0,128.0,-192.0,-412.0,-259.0,-31.0,60.0,6067.0,-8192.0,-8192.0,-202.116,204.2784,194.9417,2069.62,-3066.979,-6590.053,-24.51273,-2.123636,6.781818,2959.398,-3997.882,-3997.291,,
2023,6.0,12.0,115226.0,1.0,118.0,5996.0,2.0,-8.0,131.0,162.0,108.0,-199.0,-409.0,-265.0,-32.0,47.0,6005.0,-8192.0,-8192.0,-53.17599,250.7818,224.4487,1748.968,-3179.207,-6541.956,-25.05818,-2.214545,5.6,2929.142,-3997.882,-3997.291,,
2023,6.0,12.0,115226.0,1.0,119.0,5998.0,2.0,58.0,143.0,149.0,94.0,-200.0,-397.0,-265.0,-31.0,51.0,5944.0,-8192.0,-8192.0,103.684,271.4837,181.4026,1524.511,-3195.24,-6349.564,-25.05818,-2.123636,5.963636,2899.374,-3997.882,-3997.291,,
2023,6.0,12.0,115226.0,1.0,120.0,6000.0,2.0,107.0,133.0,80.0,93.0,-191.0,-384.0,-259.0,-33.0,52.0,5880.0,-8192.0,-8192.0,223.833,251.3801,74.21354,1508.478,-3050.946,-6141.14,-24.51273,-2.305454,6.054545,2868.142,-3997.882,-3997.291,,
2023,6.0,12.0,115226.0,1.0,121.0,6002.0,2.0,123.0,105.0,-28.0,101.0,-184.0,-374.0,-266.0,-31.0,53.0,5815.0,-8192.0,-8192.0,268.193,198.8391,-70.79868,1636.739,-2938.717,-5980.813,-25.14909,-2.123636,6.145454,2836.422,-3997.882,-3997.291,,
2023,6.0,12.0,115226.0,1.0,122.0,6004.0,2.0,107.0,74.0,-140.0,111.0,-180.0,-362.0,-260.0,-21.0,53.0,5751.0,-8192.0,-8192.0,236.677,142.5874,-212.0809,1797.066,-2874.587,-5788.421,-24.60364,-1.214545,6.145454,2805.19,-3997.882,-3997.291,,
2023,6.0,12.0,115226.0,1.0,123.0,6006.0,2.0,61.0,40.0,-230.0,129.0,-174.0,-355.0,-266.0,-34.0,57.0,5688.0,-8192.0,-8192.0,133.063,81.07503,-311.6124,2085.653,-2778.391,-5676.193,-25.14909,-2.396363,6.50909,2774.446,-3997.882,-3997.291,,
2023,6.0,12.0,115226.0,1.0,124.0,6008.0,2.0,-5.0,14.0,-271.0,146.0,-172.0,-358.0,-261.0,-30.0,57.0,5626.0,-8192.0,-8192.0,-20.681,34.65549,-339.1609,2358.208,-2746.326,-5724.291,-24.69455,-2.032727,6.50909,2744.19,-3997.882,-3997.291,,
2023,6.0,12.0,115226.0,1.0,125.0,6010.0,2.0,-66.0,3.0,-255.0,162.0,-178.0,-368.0,-266.0,-30.0,55.0,5564.0,-8192.0,-8192.0,-165.816,15.49161,-293.5362,2614.73,-2842.521,-5884.617,-25.14909,-2.032727,6.327272,2713.934,-3997.882,-3997.291,,
2023,6.0,12.0,115226.0,1.0,126.0,6012.0,2.0,-117.0,16.0,-185.0,172.0,-187.0,-383.0,-258.0,-27.0,50.0,5502.0,-8192.0,-8192.0,-290.997,41.81834,-186.3951,2775.056,-2986.815,-6125.107,-24.42182,-1.76,5.872727,2683.678,-3997.882,-3997.291,,
2023,6.0,12.0,115226.0,1.0,127.0,6014.0,2.0,-134.0,43.0,-80.0,170.0,-193.0,-401.0,-266.0,-30.0,53.0,5439.0,-8192.0,-8192.0,-337.55,92.54492,-44.91722,2742.991,-3083.011,-6413.694,-25.14909,-2.032727,6.145454,2652.934,-3997.882,-3997.291,,
2023,6.0,12.0,115226.0,1.0,128.0,6016.0,2.0,-115.0,77.0,35.0,155.0,-201.0,-411.0,-280.0,-33.0,47.0,5375.0,-8192.0,-8192.0,-299.227,154.5656,98.08372,2502.501,-3211.272,-6574.021,-26.42182,-2.305454,5.6,2621.702,-3997.882,-3997.291,,
2023,6.0,12.0,115226.0,1.0,129.0,6018.0,2.0,-69.0,110.0,123.0,138.0,-206.0,-416.0,-270.0,-26.0,57.0,5311.0,-8192.0,-8192.0,-195.461,214.1402,195.3227,2229.947,-3291.435,-6654.184,-25.51273,-1.669091,6.50909,2590.47,-3997.882,-3997.291,,
2023,6.0,12.0,115226.0,1.0,130.0,6020.0,2.0,-5.0,133.0,163.0,119.0,-211.0,-414.0,-281.0,-18.0,54.0,5249.0,-8192.0,-8192.0,-46.217,254.6131,223.8749,1925.327,-3371.598,-6622.119,-26.51273,-0.9418181,6.236363,2560.214,-3997.882,-3997.291,,
2023,6.0,12.0,115226.0,1.0,131.0,6022.0,2.0,64.0,142.0,144.0,102.0,-208.0,-401.0,-279.0,-21.0,52.0,5186.0,-8192.0,-8192.0,118.248,269.2942,173.2343,1652.772,-3323.5,-6413.694,-26.33091,-1.214545,6.054545,2529.47,-3997.882,-3997.291,,
2023,6.0,12.0,115226.0,1.0,132.0,6024.0,2.0,112.0,128.0,72.0,99.0,-197.0,-388.0,-272.0,-19.0,66.0,5124.0,-8192.0,-8192.0,236.432,241.2369,64.5174,1604.674,-3147.142,-6205.27,-25.69455,-1.032727,7.327272,2499.214,-3997.882,-3997.291,,
2023,6.0,12.0,115226.0,1.0,133.0,6026.0,2.0,125.0,99.0,-37.0,108.0,-189.0,-380.0,-278.0,-23.0,63.0,5060.0,-8192.0,-8192.0,273.757,186.9112,-80.58984,1748.968,-3018.881,-6077.009,-26.24,-1.396363,7.054545,2467.982,-3997.882,-3997.291,,
2023,6.0,12.0,115226.0,1.0,134.0,6028.0,2.0,111.0,63.0,-148.0,121.0,-188.0,-372.0,-272.0,-20.0,67.0,4996.0,-8192.0,-8192.0,247.349,120.235,-217.5249,1957.392,-3002.848,-5948.748,-25.69455,-1.123636,7.418181,2436.75,-3997.882,-3997.291,,
2023,6.0,12.0,115226.0,1.0,135.0,6030.0,2.0,58.0,31.0,-234.0,152.0,-185.0,-366.0,-269.0,-21.0,56.0,4870.0,-8192.0,-8192.0,126.75,63.08194,-310.7987,2454.404,-2954.75,-5852.552,-25.42182,-1.214545,6.418181,2375.262,-3997.882,-3997.291,,
2023,6.0,12.0,115226.0,1.0,136.0,6032.0,2.0,-5.0,8.0,-276.0,169.0,-192.0,-373.0,-274.0,-16.0,56.0,4808.0,-8192.0,-8192.0,-20.035,22.64857,-342.5513,2726.958,-3066.979,-5964.781,-25.87636,-0.76,6.418181,2345.006,-3997.882,-3997.291,,
2023,6.0,12.0,115226.0,1.0,137.0,6034.0,2.0,-73.0,0.0,-259.0,178.0,-201.0,-387.0,-274.0,-18.0,51.0,4745.0,-8192.0,-8192.0,-182.117,10.05331,-295.7799,2871.252,-3211.272,-6189.237,-25.87636,-0.9418181,5.963636,2314.262,-3997.882,-3997.291,,
2023,6.0,12.0,115226.0,1.0,138.0,6036.0,2.0,-119.0,16.0,-183.0,177.0,-208.0,-404.0,-276.0,-16.0,50.0,4681.0,-8192.0,-8192.0,-295.839,41.84798,-182.9558,2855.219,-3323.5,-6461.792,-26.05818,-0.76,5.872727,2283.03,-3997.882,-3997.291,,
2023,6.0,12.0,115226.0,1.0,139.0,6038.0,2.0,-132.0,46.0,-74.0,166.0,-214.0,-415.0,-292.0,-18.0,43.0,4618.0,-8192.0,-8192.0,-333.24,98.22012,-38.5174,2678.861,-3419.696,-6638.151,-27.51273,-0.9418181,5.236363,2252.286,-3997.882,-3997.291,,
2023,6.0,12.0,115226.0,1.0,140.0,6040.0,2.0,-112.0,83.0,41.0,149.0,-220.0,-421.0,-282.0,-20.0,38.0,4556.0,-8192.0,-8192.0,-292.762,166.3109,102.238,2406.306,-3515.892,-6734.347,-26.60364,-1.123636,4.781818,2222.03,-3997.882,-3997.291,,
2023,6.0,12.0,115226.0,1.0,141.0,6042.0,2.0,-64.0,115.0,126.0,128.0,-226.0,-421.0,-281.0,-17.0,58.0,4494.0,-8192.0,-8192.0,-184.04,223.8638,195.2258,2069.62,-3612.088,-6734.347,-26.51273,-0.850909,6.6,2191.774,-3997.882,-3997.291,,
2023,6.0,12.0,115226.0,1.0,142.0,6044.0,2.0,2.0,136.0,164.0,111.0,-224.0,-409.0,-294.0,-14.0,57.0,4431.0,-8192.0,-8192.0,-29.802,260.2142,221.6764,1797.066,-3580.023,-6541.956,-27.69455,-0.5781817,6.50909,2161.03,-3997.882,-3997.291,,
2023,6.0,12.0,115226.0,1.0,143.0,6046.0,2.0,70.0,142.0,143.0,109.0,-215.0,-396.0,-290.0,-13.0,54.0,4367.0,-8192.0,-8192.0,132.584,268.9339,170.3199,1765.0,-3435.729,-6333.531,-27.33091,-0.4872726,6.236363,2129.798,-3997.882,-3997.291,,
2023,6.0,12.0,115226.0,1.0,144.0,6048.0,2.0,115.0,125.0,67.0,115.0,-207.0,-384.0,-292.0,-13.0,56.0,4303.0,-8192.0,-8192.0,243.999,235.1619,58.40357,1861.196,-3307.468,-6141.14,-27.51273,-0.4872726,6.418181,2098.566,-3997.882,-3997.291,,
2023,6.0,12.0,115226.0,1.0,145.0,6050.0,2.0,134.0,94.0,-43.0,129.0,-202.0,-373.0,-280.0,-5.0,55.0,4239.0,-8192.0,-8192.0,295.812,176.383,-88.28033,2085.653,-3227.305,-5964.781,-26.42182,0.24,6.327272,2067.334,-3997.882,-3997.291,,
2023,6.0,12.0,115226.0,1.0,146.0,6052.0,2.0,112.0,58.0,-156.0,146.0,-197.0,-368.0,-287.0,-20.0,54.0,4175.0,-8192.0,-8192.0,250.416,110.3682,-226.2653,2358.208,-3147.142,-5884.617,-27.05818,-1.123636,6.236363,2036.102,-3997.882,-3997.291,,
2023,6.0,12.0,115226.0,1.0,147.0,6054.0,2.0,61.0,25.0,-244.0,163.0,-197.0,-368.0,-276.0,-11.0,57.0,4113.0,-8192.0,-8192.0,134.735,51.13919,-322.3095,2630.763,-3147.142,-5884.617,-26.05818,-0.3054545,6.50909,2005.846,-3997.882,-3997.291,,
2023,6.0,12.0,115226.0,1.0,148.0,6056.0,2.0,-10.0,-2.0,-283.0,181.0,-205.0,-376.0,-282.0,-5.0,58.0,4052.0,-8192.0,-8192.0,-30.924,2.910172,-345.0329,2919.35,-3275.403,-6012.878,-26.60364,0.24,6.6,1976.078,-3997.882,-3997.291,,
2023,6.0,12.0,115226.0,1.0,149.0,6058.0,2.0,-75.0,-3.0,-259.0,192.0,-215.0,-391.0,-277.0,-18.0,51.0,3987.0,-8192.0,-8192.0,-186.655,4.052322,-293.2953,3095.709,-3435.729,-6253.368,-26.14909,-0.9418181,5.963636,1944.358,-3997.882,-3997.291,,
2023,6.0,12.0,115226.0,1.0,150.0,6059.97,1.969697,-118.0,16.0,-185.0,191.0,-223.0,-408.0,-277.0,-10.0,62.0,3926.0,-8192.0,-8192.0,-293.38,41.88747,-186.1562,3079.676,-3563.99,-6525.923,-26.14909,-0.2145454,6.963636,1914.59,-3997.882,-3997.291,,
2023,6.0,12.0,115226.0,1.0,151.0,6062.03,2.060606,-133.0,51.0,-71.0,175.0,-226.0,-416.0,-285.0,-12.0,57.0,3861.0,-8192.0,-8192.0,-336.117,108.3583,-37.18062,2823.154,-3612.088,-6654.184,-26.87636,-0.3963636,6.50909,1882.87,-3997.882,-3997.291,,
2023,6.0,12.0,115226.0,1.0,152.0,6064.0,1.969697,-111.0,84.0,42.0,163.0,-232.0,-418.0,-282.0,-8.0,51.0,3799.0,-8192.0,-8192.0,-290.493,168.2339,102.8109,2630.763,-3708.284,-6686.249,-26.60364,-0.03272724,5.963636,1852.614,-3997.882,-3997.291,,
2023,6.0,12.0,115226.0,1.0,153.0,6066.0,2.0,-63.0,120.0,130.0,148.0,-241.0,-418.0,-291.0,-5.0,55.0,3736.0,-8192.0,-8192.0,-182.189,233.8095,197.5654,2390.273,-3852.577,-6686.249,-27.42182,0.24,6.327272,1821.87,-3997.882,-3997.291,,
2023,6.0,12.0,115226.0,1.0,154.0,6068.0,2.0,8.0,140.0,166.0,131.0,-245.0,-410.0,-295.0,-2.0,57.0,3674.0,-8192.0,-8192.0,-15.884,267.8766,220.5287,2117.718,-3916.708,-6557.988,-27.78546,0.5127273,6.50909,1791.614,-3997.882,-3997.291,,
2023,6.0,12.0,115226.0,1.0,155.0,6070.0,2.0,73.0,141.0,141.0,122.0,-238.0,-398.0,-294.0,-3.0,54.0,3611.0,-8192.0,-8192.0,139.885,266.7888,167.3105,1973.425,-3804.479,-6365.596,-27.69455,0.4218182,6.236363,1760.87,-3997.882,-3997.291,,
2023,6.0,12.0,115226.0,1.0,156.0,6072.0,2.0,121.0,121.0,64.0,127.0,-226.0,-390.0,-298.0,-5.0,60.0,3546.0,-8192.0,-8192.0,258.715,226.7246,55.2032,2053.588,-3612.088,-6237.335,-28.05818,0.24,6.781818,1729.15,-3997.882,-3997.291,,
2023,6.0,12.0,115226.0,1.0,157.0,6074.0,2.0,135.0,89.0,-50.0,139.0,-221.0,-380.0,-286.0,6.0,68.0,3482.0,-8192.0,-8192.0,298.841,166.462,-95.53995,2245.979,-3531.925,-6077.009,-26.96727,1.24,7.50909,1697.918,-3997.882,-3997.291,,
2023,6.0,12.0,115226.0,1.0,158.0,6076.0,2.0,114.0,52.0,-163.0,153.0,-215.0,-373.0,-287.0,-2.0,53.0,3419.0,-8192.0,-8192.0,255.904,98.3317,-233.095,2470.436,-3435.729,-5964.781,-27.05818,0.5127273,6.145454,1667.174,-3997.882,-3997.291,,
2023,6.0,12.0,115226.0,1.0,159.0,6078.0,2.0,63.0,16.0,-251.0,169.0,-215.0,-373.0,-286.0,-4.0,60.0,3357.0,-8192.0,-8192.0,140.451,32.96347,-327.1326,2726.958,-3435.729,-5964.781,-26.96727,0.3309091,6.781818,1636.918,-3997.882,-3997.291,,
2023,6.0,12.0,115226.0,1.0,160.0,6080.0,2.0,-9.0,-6.0,-288.0,186.0,-221.0,-381.0,-289.0,-1.0,56.0,3295.0,-8192.0,-8192.0,-28.047,-5.073044,-350.0,2999.513,-3531.925,-6093.042,-27.24,0.6036364,6.418181,1606.662,-3997.882,-3997.291,,
2023,6.0,12.0,115226.0,1.0,161.0,6082.0,2.0,-74.0,-6.0,-261.0,198.0,-229.0,-396.0,-281.0,-4.0,55.0,3233.0,-8192.0,-8192.0,-183.968,-2.047379,-294.4892,3191.905,-3660.186,-6333.531,-26.51273,0.3309091,6.327272,1576.406,-3997.882,-3997.291,,
2023,6.0,12.0,115226.0,1.0,162.0,6084.0,2.0,-121.0,17.0,-182.0,197.0,-236.0,-414.0,-290.0,1.0,56.0,3168.0,-8192.0,-8192.0,-300.719,43.9783,-181.666,3175.872,-3772.414,-6622.119,-27.33091,0.7854546,6.418181,1544.686,-3997.882,-3997.291,,
2023,6.0,12.0,115226.0,1.0,163.0,6086.0,2.0,-136.0,53.0,-72.0,186.0,-243.0,-423.0,-290.0,-1.0,51.0,3106.0,-8192.0,-8192.0,-343.38,112.7127,-39.28224,2999.513,-3884.643,-6766.412,-27.33091,0.6036364,5.963636,1514.43,-3997.882,-3997.291,,
2023,6.0,12.0,115226.0,1.0,164.0,6088.0,2.0,-111.0,91.0,44.0,171.0,-249.0,-428.0,-287.0,-1.0,57.0,3043.0,-8192.0,-8192.0,-291.101,182.4501,101.0903,2759.024,-3980.839,-6846.575,-27.05818,0.6036364,6.50909,1483.686,-3997.882,-3997.291,,
2023,6.0,12.0,115226.0,1.0,165.0,6090.0,2.0,-59.0,127.0,134.0,153.0,-255.0,-429.0,-294.0,6.0,63.0,2980.0,-8192.0,-8192.0,-173.341,247.6407,197.8504,2470.436,-4077.034,-6862.608,-27.69455,1.24,7.054545,1452.942,-3997.882,-3997.291,,
2023,6.0,12.0,115226.0,1.0,166.0,6092.0,2.0,12.0,142.0,166.0,135.0,-254.0,-418.0,-299.0,-2.0,55.0,2918.0,-8192.0,-8192.0,-6.503998,271.693,218.2352,2181.849,-4061.002,-6686.249,-28.14909,0.5127273,6.327272,1422.686,-3997.882,-3997.291,,
2023,6.0,12.0,115226.0,1.0,167.0,6094.0,2.0,80.0,140.0,141.0,130.0,-246.0,-405.0,-299.0,11.0,62.0,2856.0,-8192.0,-8192.0,156.642,264.2586,166.3067,2101.686,-3932.741,-6477.825,-28.14909,1.694546,6.963636,1392.43,-3997.882,-3997.291,,
2023,6.0,12.0,115226.0,1.0,168.0,6096.0,2.0,127.0,118.0,62.0,133.0,-239.0,-393.0,-300.0,17.0,61.0,2792.0,-8192.0,-8192.0,273.317,220.2794,52.81467,2149.784,-3820.512,-6285.433,-28.24,2.24,6.872727,1361.198,-3997.882,-3997.291,,
2023,6.0,12.0,115226.0,1.0,169.0,6098.0,2.0,140.0,82.0,-55.0,143.0,-232.0,-380.0,-296.0,18.0,56.0,2728.0,-8192.0,-8192.0,311.478,152.0632,-99.45627,2310.11,-3708.284,-6077.009,-27.87636,2.330909,6.418181,1329.966,-3997.882,-3997.291,,
2023,6.0,12.0,115226.0,1.0,170.0,6100.0,2.0,113.0,41.0,-171.0,161.0,-229.0,-376.0,-300.0,8.0,59.0,2665.0,-8192.0,-8192.0,254.661,76.32477,-237.3443,2598.697,-3660.186,-6012.878,-28.24,1.421818,6.690909,1299.222,-3997.882,-3997.291,,
2023,6.0,12.0,115226.0,1.0,171.0,6102.0,2.0,61.0,6.0,-257.0,175.0,-233.0,-378.0,-289.0,5.0,59.0,2604.0,-8192.0,-8192.0,136.673,12.96347,-328.8504,2823.154,-3724.316,-6044.944,-27.24,1.149091,6.690909,1269.454,-3997.882,-3997.291,,
2023,6.0,12.0,115226.0,1.0,172.0,6104.0,2.0,-11.0,-12.0,-291.0,188.0,-241.0,-383.0,-298.0,11.0,53.0,2542.0,-8192.0,-8192.0,-32.243,-17.05034,-349.9511,3031.578,-3852.577,-6125.107,-28.05818,1.694546,6.145454,1239.198,-3997.882,-3997.291,,
2023,6.0,12.0,115226.0,1.0,173.0,6106.0,2.0,-76.0,-12.0,-265.0,199.0,-250.0,-393.0,-293.0,15.0,45.0,2479.0,-8192.0,-8192.0,-188.126,-13.97038,-295.921,3207.937,-3996.871,-6285.433,-27.60364,2.058182,5.418181,1208.454,-3997.882,-3997.291,,
2023,6.0,12.0,115226.0,1.0,174.0,6108.0,2.0,-123.0,18.0,-181.0,205.0,-259.0,-409.0,-296.0,16.0,51.0,2417.0,-8192.0,-8192.0,-305.599,46.10858,-180.3763,3304.133,-4141.165,-6541.956,-27.87636,2.149091,5.963636,1178.198,-3997.882,-3997.291,,
2023,6.0,12.0,115226.0,1.0,175.0,6110.0,2.0,-133.0,54.0,-68.0,198.0,-266.0,-426.0,-299.0,17.0,44.0,2354.0,-8192.0,-8192.0,-336.459,114.3347,-34.74506,3191.905,-4253.393,-6814.51,-28.14909,2.24,5.327272,1147.454,-3997.882,-3997.291,,
2023,6.0,12.0,115226.0,1.0,176.0,6112.0,2.0,-110.0,95.0,50.0,183.0,-272.0,-433.0,-310.0,4.0,45.0,2291.0,-8192.0,-8192.0,-289.25,190.2409,107.0602,2951.415,-4349.589,-6926.738,-29.14909,1.058182,5.418181,1116.71,-3997.882,-3997.291,,
2023,6.0,12.0,115226.0,1.0,177.0,6114.0,2.0,-57.0,126.0,134.0,166.0,-276.0,-431.0,-302.0,11.0,52.0,2228.0,-8192.0,-8192.0,-168.499,245.4561,198.0414,2678.861,-4413.72,-6894.673,-28.42182,1.694546,6.054545,1085.966,-3997.882,-3997.291,,
2023,6.0,12.0,115226.0,1.0,178.0,6116.0,2.0,19.0,143.0,168.0,148.0,-274.0,-424.0,-311.0,12.0,57.0,2167.0,-8192.0,-8192.0,10.025,273.1471,218.8551,2390.273,-4381.654,-6782.445,-29.24,1.785455,6.50909,1056.198,-3997.882,-3997.291,,
2023,6.0,12.0,115226.0,1.0,179.0,6118.0,2.0,85.0,140.0,140.0,141.0,-265.0,-411.0,-312.0,24.0,56.0,2104.0,-8192.0,-8192.0,168.595,263.9674,163.6312,2278.045,-4237.361,-6574.021,-29.33091,2.876364,6.418181,1025.454,-3997.882,-3997.291,,
2023,6.0,12.0,115226.0,1.0,180.0,6120.0,2.0,130.0,113.0,57.0,143.0,-256.0,-400.0,-305.0,23.0,56.0,2042.0,-8192.0,-8192.0,281.036,210.1115,48.03856,2310.11,-4093.067,-6397.662,-28.69455,2.785455,6.418181,995.1979,-3997.882,-3997.291,,
2023,6.0,12.0,115226.0,1.0,181.0,6122.0,2.0,142.0,73.0,-59.0,154.0,-252.0,-387.0,-306.0,24.0,55.0,1978.0,-8192.0,-8192.0,317.08,133.7245,-99.83725,2486.469,-4028.937,-6189.237,-28.78546,2.876364,6.327272,963.9659,-3997.882,-3997.291,,
[2023/06/12 11:53:45],,,,,,,,,,,,,,,,,,,,,,,,,,,,,,,,,
== yy0 ==============,,,,,,,,,,,,,,,,,,,,,,,,,,,,,,,,,
2023,6.0,12.0,115345.0,0.0,32.0,622.0,20.0,-139.0,60.0,26.0,31.0,-9.0,-54.0,11.0,-3.0,-15.0,2.0,0.0,0.0,-354.785,121.924,101.8627,514.4551,-133.0067,-850.3708,0.03272712,0.4218182,-0.03636384,-0.3220789,-0.18544,0.4050401,,
2023,6.0,12.0,115345.0,0.0,33.0,642.0,20.0,-141.0,59.0,22.0,31.0,-9.0,-53.0,14.0,-1.0,-18.0,2.0,0.0,-1.0,-359.323,120.2329,97.08655,514.4551,-133.0067,-834.3382,0.3054544,0.6036364,-0.3090911,-0.3220789,-0.18544,-0.08295995,,
2023,6.0,12.0,115345.0,0.0,34.0,662.0,20.0,-141.0,61.0,23.0,31.0,-9.0,-54.0,16.0,-6.0,-12.0,3.0,0.0,-1.0,-359.513,124.2715,97.22955,514.4551,-133.0067,-850.3708,0.4872726,0.1490909,0.2363634,0.1659211,-0.18544,-0.08295995,,
2023,6.0,12.0,115345.0,0.0,35.0,682.0,20.0,-139.0,59.0,26.0,31.0,-9.0,-53.0,11.0,-6.0,-16.0,3.0,1.0,0.0,-354.709,119.8776,102.5315,514.4551,-133.0067,-834.3382,0.03272712,0.1490909,-0.127273,0.1659211,0.30256,0.4050401,,
2023,6.0,12.0,115345.0,0.0,36.0,702.0,20.0,-139.0,62.0,23.0,31.0,-9.0,-54.0,10.0,-6.0,-12.0,3.0,0.0,-1.0,-354.823,126.1797,96.08278,514.4551,-133.0067,-850.3708,-0.05818194,0.1490909,0.2363634,0.1659211,-0.18544,-0.08295995,,
2023,6.0,12.0,115345.0,0.0,37.0,722.0,20.0,-140.0,61.0,24.0,31.0,-9.0,-53.0,7.0,-3.0,-11.0,2.0,0.0,0.0,-357.168,124.148,98.47131,514.4551,-133.0067,-834.3382,-0.3309093,0.4218182,0.3272725,-0.3220789,-0.18544,0.4050401,,
2023,6.0,12.0,115345.0,0.0,38.0,742.0,20.0,-138.0,60.0,26.0,31.0,-9.0,-54.0,11.0,-4.0,-9.0,3.0,1.0,0.0,-352.402,121.8549,101.6237,514.4551,-133.0067,-850.3708,0.03272712,0.3309091,0.5090907,0.1659211,0.30256,0.4050401,,
2023,6.0,12.0,115345.0,0.0,39.0,762.0,20.0,-142.0,59.0,25.0,31.0,-9.0,-54.0,9.0,0.0,-18.0,1.0,0.0,-1.0,-361.82,120.1392,101.7676,514.4551,-133.0067,-850.3708,-0.1490911,0.6945455,-0.3090911,-0.8100789,-0.18544,-0.08295995,,
2023,6.0,12.0,115345.0,0.0,40.0,782.0,20.0,-141.0,59.0,23.0,31.0,-10.0,-53.0,11.0,-2.0,-19.0,3.0,0.0,-2.0,-359.361,120.1787,98.56726,514.4551,-149.0394,-834.3382,0.03272712,0.5127273,-0.4000002,0.1659211,-0.18544,-0.5709599,,
2023,6.0,12.0,115345.0,0.0,41.0,802.0,20.0,-141.0,58.0,23.0,31.0,-9.0,-54.0,8.0,-7.0,-14.0,2.0,1.0,-2.0,-359.285,118.1323,99.23612,514.4551,-133.0067,-850.3708,-0.2400001,0.05818188,0.05454528,-0.3220789,0.30256,-0.5709599,,
2023,6.0,12.0,115345.0,0.0,42.0,822.0,20.0,-142.0,59.0,26.0,31.0,-9.0,-54.0,12.0,-12.0,-11.0,2.0,1.0,-2.0,-361.858,120.0849,103.2484,514.4551,-133.0067,-850.3708,0.1236362,-0.3963636,0.3272725,-0.3220789,0.30256,-0.5709599,,
2023,6.0,12.0,115345.0,0.0,43.0,842.0,20.0,-138.0,59.0,24.0,31.0,-9.0,-54.0,11.0,-3.0,-19.0,3.0,0.0,-1.0,-352.25,119.9171,99.33114,514.4551,-133.0067,-850.3708,0.03272712,0.4218182,-0.4000002,0.1659211,-0.18544,-0.08295995,,
2023,6.0,12.0,115345.0,0.0,44.0,862.0,20.0,-140.0,58.0,23.0,31.0,-9.0,-53.0,10.0,-11.0,-12.0,3.0,1.0,-1.0,-356.902,118.0631,98.99718,514.4551,-133.0067,-834.3382,-0.05818194,-0.3054545,0.2363634,0.1659211,0.30256,-0.08295995,,
2023,6.0,12.0,115345.0,0.0,45.0,882.0,20.0,-141.0,58.0,23.0,31.0,-9.0,-53.0,11.0,-11.0,-16.0,3.0,0.0,-1.0,-359.285,118.1323,99.23612,514.4551,-133.0067,-834.3382,0.03272712,-0.3054545,-0.127273,0.1659211,-0.18544,-0.08295995,,
2023,6.0,12.0,115345.0,0.0,46.0,902.0,20.0,-140.0,61.0,23.0,31.0,-9.0,-53.0,10.0,-6.0,-13.0,2.0,0.0,-1.0,-357.13,124.2024,96.9906,514.4551,-133.0067,-834.3382,-0.05818194,0.1490909,0.1454544,-0.3220789,-0.18544,-0.08295995,,
2023,6.0,12.0,115345.0,0.0,47.0,922.0,20.0,-139.0,58.0,22.0,31.0,-9.0,-53.0,2.0,-9.0,-15.0,2.0,1.0,-1.0,-354.481,118.0484,97.27752,514.4551,-133.0067,-834.3382,-0.7854547,-0.1236363,-0.03636384,-0.3220789,0.30256,-0.08295995,,
2023,6.0,12.0,115345.0,0.0,48.0,942.0,20.0,-139.0,57.0,25.0,31.0,-9.0,-54.0,8.0,-10.0,-14.0,3.0,0.0,-1.0,-354.519,115.8391,102.3885,514.4551,-133.0067,-850.3708,-0.2400001,-0.2145454,0.05454528,0.1659211,-0.18544,-0.08295995,,
2023,6.0,12.0,115345.0,0.0,49.0,962.0,20.0,-140.0,59.0,24.0,31.0,-9.0,-54.0,13.0,-7.0,-13.0,2.0,1.0,-1.0,-357.016,120.0553,99.80903,514.4551,-133.0067,-850.3708,0.2145452,0.05818188,0.1454544,-0.3220789,0.30256,-0.08295995,,
2023,6.0,12.0,115345.0,0.0,50.0,982.0,20.0,-140.0,59.0,24.0,31.0,-9.0,-54.0,2.0,-8.0,-12.0,3.0,0.0,0.0,-357.016,120.0553,99.80903,514.4551,-133.0067,-850.3708,-0.7854547,-0.03272724,0.2363634,0.1659211,-0.18544,0.4050401,,
2023,6.0,12.0,115345.0,0.0,51.0,1002.0,20.0,-142.0,58.0,24.0,31.0,-9.0,-54.0,10.0,-10.0,-9.0,2.0,0.0,-1.0,-361.706,118.1471,100.9558,514.4551,-133.0067,-850.3708,-0.05818194,-0.2145454,0.5090907,-0.3220789,-0.18544,-0.08295995,,
2023,6.0,12.0,115345.0,0.0,52.0,1022.0,20.0,-140.0,59.0,22.0,31.0,-9.0,-54.0,10.0,4.0,-16.0,2.0,1.0,-1.0,-356.94,120.1638,96.8476,514.4551,-133.0067,-850.3708,-0.05818194,1.058182,-0.127273,-0.3220789,0.30256,-0.08295995,,
2023,6.0,12.0,115345.0,0.0,53.0,1042.0,20.0,-139.0,59.0,24.0,31.0,-9.0,-54.0,12.0,-9.0,-8.0,3.0,1.0,-1.0,-354.633,119.9861,99.57008,514.4551,-133.0067,-850.3708,0.1236362,-0.1236363,0.5999998,0.1659211,0.30256,-0.08295995,,
2023,6.0,12.0,115345.0,0.0,54.0,1062.0,20.0,-139.0,58.0,23.0,31.0,-9.0,-53.0,14.0,-11.0,-10.0,3.0,1.0,0.0,-354.519,117.9941,98.75824,514.4551,-133.0067,-834.3382,0.3054544,-0.3054545,0.4181816,0.1659211,0.30256,0.4050401,,
2023,6.0,12.0,115345.0,0.0,55.0,1082.0,20.0,-142.0,59.0,22.0,31.0,-9.0,-54.0,9.0,-5.0,-11.0,3.0,0.0,0.0,-361.706,120.3021,97.32549,514.4551,-133.0067,-850.3708,-0.1490911,0.24,0.3272725,0.1659211,-0.18544,0.4050401,,
2023,6.0,12.0,115345.0,0.0,56.0,1102.0,20.0,-142.0,60.0,23.0,31.0,-9.0,-54.0,10.0,-8.0,-5.0,3.0,0.0,-1.0,-361.82,122.2942,98.13734,514.4551,-133.0067,-850.3708,-0.05818194,-0.03272724,0.872727,0.1659211,-0.18544,-0.08295995,,
2023,6.0,12.0,115345.0,0.0,57.0,1122.0,20.0,-138.0,59.0,23.0,31.0,-9.0,-54.0,12.0,-17.0,-7.0,3.0,0.0,-1.0,-352.212,119.9714,97.85042,514.4551,-133.0067,-850.3708,0.1236362,-0.850909,0.6909089,0.1659211,-0.18544,-0.08295995,,
2023,6.0,12.0,115345.0,0.0,58.0,1142.0,20.0,-141.0,60.0,24.0,31.0,-9.0,-54.0,6.0,-12.0,-12.0,3.0,1.0,-1.0,-359.475,122.1708,99.37911,514.4551,-133.0067,-850.3708,-0.4218183,-0.3963636,0.2363634,0.1659211,0.30256,-0.08295995,,
2023,6.0,12.0,115345.0,0.0,59.0,1162.0,20.0,-142.0,60.0,25.0,31.0,-9.0,-53.0,9.0,-5.0,-6.0,3.0,0.0,-1.0,-361.896,122.1855,101.0988,514.4551,-133.0067,-834.3382,-0.1490911,0.24,0.781818,0.1659211,-0.18544,-0.08295995,,
2023,6.0,12.0,115345.0,0.0,60.0,1182.0,20.0,-139.0,59.0,24.0,31.0,-9.0,-54.0,11.0,-12.0,-16.0,2.0,0.0,-1.0,-354.633,119.9861,99.57008,514.4551,-133.0067,-850.3708,0.03272712,-0.3963636,-0.127273,-0.3220789,-0.18544,-0.08295995,,
2023,6.0,12.0,115345.0,0.0,61.0,1202.0,20.0,-139.0,60.0,22.0,31.0,-9.0,-54.0,9.0,-11.0,-20.0,3.0,-1.0,-1.0,-354.633,122.1412,95.9398,514.4551,-133.0067,-850.3708,-0.1490911,-0.3054545,-0.4909093,0.1659211,-0.67344,-0.08295995,,
2023,6.0,12.0,115345.0,0.0,62.0,1222.0,20.0,-140.0,59.0,23.0,31.0,-9.0,-53.0,10.0,-9.0,-13.0,3.0,0.0,-1.0,-356.978,120.1096,98.32832,514.4551,-133.0067,-834.3382,-0.05818194,-0.1236363,0.1454544,0.1659211,-0.18544,-0.08295995,,
2023,6.0,12.0,115345.0,0.0,63.0,1242.0,20.0,-140.0,61.0,25.0,31.0,-9.0,-54.0,17.0,-9.0,-14.0,2.0,0.0,-1.0,-357.206,124.0938,99.95203,514.4551,-133.0067,-850.3708,0.5781816,-0.1236363,0.05454528,-0.3220789,-0.18544,-0.08295995,,
2023,6.0,12.0,115345.0,0.0,64.0,1262.0,20.0,-139.0,60.0,24.0,31.0,-10.0,-54.0,15.0,-8.0,-13.0,3.0,0.0,-1.0,-354.709,122.0325,98.90122,514.4551,-149.0394,-850.3708,0.3963635,-0.03272724,0.1454544,0.1659211,-0.18544,-0.08295995,,
2023,6.0,12.0,115345.0,0.0,65.0,1282.0,20.0,-139.0,57.0,25.0,31.0,-9.0,-54.0,8.0,-1.0,-19.0,2.0,1.0,-1.0,-354.519,115.8391,102.3885,514.4551,-133.0067,-850.3708,-0.2400001,0.6036364,-0.4000002,-0.3220789,0.30256,-0.08295995,,
2023,6.0,12.0,115345.0,0.0,66.0,1302.0,20.0,-140.0,60.0,23.0,31.0,-9.0,-54.0,13.0,-12.0,-17.0,3.0,1.0,-1.0,-357.054,122.1559,97.65946,514.4551,-133.0067,-850.3708,0.2145452,-0.3963636,-0.218182,0.1659211,0.30256,-0.08295995,,
2023,6.0,12.0,115345.0,0.0,67.0,1322.0,20.0,-140.0,60.0,24.0,32.0,-9.0,-54.0,13.0,-6.0,-23.0,3.0,0.0,-1.0,-357.092,122.1017,99.14017,530.4877,-133.0067,-850.3708,0.2145452,0.1490909,-0.7636365,0.1659211,-0.18544,-0.08295995,,
2023,6.0,12.0,115345.0,0.0,68.0,1342.0,20.0,-140.0,59.0,25.0,31.0,-9.0,-53.0,15.0,-14.0,-20.0,3.0,1.0,-1.0,-357.054,120.001,101.2897,514.4551,-133.0067,-834.3382,0.3963635,-0.5781817,-0.4909093,0.1659211,0.30256,-0.08295995,,
2023,6.0,12.0,115345.0,0.0,69.0,1362.0,20.0,-139.0,61.0,23.0,31.0,-9.0,-54.0,6.0,-5.0,-18.0,2.0,1.0,-1.0,-354.747,124.1333,96.75165,514.4551,-133.0067,-850.3708,-0.4218183,0.24,-0.3090911,-0.3220789,0.30256,-0.08295995,,
2023,6.0,12.0,115345.0,0.0,70.0,1382.0,20.0,-142.0,58.0,23.0,31.0,-9.0,-54.0,3.0,-5.0,-13.0,3.0,0.0,0.0,-361.668,118.2014,99.47507,514.4551,-133.0067,-850.3708,-0.6945456,0.24,0.1454544,0.1659211,-0.18544,0.4050401,,
2023,6.0,12.0,115345.0,0.0,71.0,1402.0,20.0,-141.0,56.0,22.0,31.0,-9.0,-53.0,14.0,-12.0,-17.0,3.0,0.0,-1.0,-359.095,114.0938,99.09312,514.4551,-133.0067,-834.3382,0.3054544,-0.3963636,-0.218182,0.1659211,-0.18544,-0.08295995,,
2023,6.0,12.0,115345.0,0.0,72.0,1422.0,20.0,-139.0,60.0,25.0,31.0,-9.0,-54.0,12.0,-16.0,-23.0,2.0,1.0,0.0,-354.747,121.9783,100.3819,514.4551,-133.0067,-850.3708,0.1236362,-0.76,-0.7636365,-0.3220789,0.30256,0.4050401,,
2023,6.0,12.0,115345.0,0.0,73.0,1442.0,20.0,-141.0,57.0,24.0,31.0,-9.0,-53.0,13.0,-10.0,-9.0,3.0,0.0,-1.0,-359.247,116.0316,101.3857,514.4551,-133.0067,-834.3382,0.2145452,-0.2145454,0.5090907,0.1659211,-0.18544,-0.08295995,,
2023,6.0,12.0,115345.0,0.0,74.0,1462.0,20.0,-139.0,59.0,22.0,31.0,-9.0,-53.0,14.0,-8.0,-13.0,3.0,0.0,-1.0,-354.557,120.0948,96.60866,514.4551,-133.0067,-834.3382,0.3054544,-0.03272724,0.1454544,0.1659211,-0.18544,-0.08295995,,
2023,6.0,12.0,115345.0,0.0,75.0,1482.0,20.0,-139.0,59.0,24.0,31.0,-9.0,-54.0,6.0,-10.0,-25.0,3.0,1.0,-1.0,-354.633,119.9861,99.57008,514.4551,-133.0067,-850.3708,-0.4218183,-0.2145454,-0.9454547,0.1659211,0.30256,-0.08295995,,
2023,6.0,12.0,115345.0,0.0,76.0,1502.0,20.0,-140.0,59.0,24.0,31.0,-9.0,-53.0,12.0,-6.0,-17.0,2.0,0.0,-1.0,-357.016,120.0553,99.80903,514.4551,-133.0067,-834.3382,0.1236362,0.1490909,-0.218182,-0.3220789,-0.18544,-0.08295995,,
2023,6.0,12.0,115345.0,0.0,77.0,1522.0,20.0,-142.0,60.0,26.0,31.0,-9.0,-54.0,8.0,-9.0,-14.0,3.0,0.0,-1.0,-361.934,122.1313,102.5795,514.4551,-133.0067,-850.3708,-0.2400001,-0.1236363,0.05454528,0.1659211,-0.18544,-0.08295995,,
2023,6.0,12.0,115345.0,0.0,78.0,1542.0,20.0,-140.0,60.0,23.0,31.0,-9.0,-54.0,10.0,-17.0,-12.0,3.0,0.0,-1.0,-357.054,122.1559,97.65946,514.4551,-133.0067,-850.3708,-0.05818194,-0.850909,0.2363634,0.1659211,-0.18544,-0.08295995,,
2023,6.0,12.0,115345.0,0.0,79.0,1562.0,20.0,-141.0,59.0,24.0,31.0,-9.0,-54.0,10.0,-4.0,-12.0,3.0,1.0,-1.0,-359.399,120.1244,100.048,514.4551,-133.0067,-850.3708,-0.05818194,0.3309091,0.2363634,0.1659211,0.30256,-0.08295995,,
2023,6.0,12.0,115345.0,0.0,80.0,1582.0,20.0,-139.0,60.0,22.0,31.0,-9.0,-54.0,14.0,-15.0,-20.0,3.0,0.0,-1.0,-354.633,122.1412,95.9398,514.4551,-133.0067,-850.3708,0.3054544,-0.6690909,-0.4909093,0.1659211,-0.18544,-0.08295995,,
2023,6.0,12.0,115345.0,0.0,81.0,1602.0,20.0,-142.0,59.0,23.0,31.0,-9.0,-54.0,14.0,-2.0,-13.0,3.0,1.0,-1.0,-361.744,120.2478,98.80621,514.4551,-133.0067,-850.3708,0.3054544,0.5127273,0.1454544,0.1659211,0.30256,-0.08295995,,
2023,6.0,12.0,115345.0,0.0,82.0,1622.0,20.0,-142.0,60.0,24.0,31.0,-9.0,-54.0,14.0,-5.0,-16.0,3.0,0.0,-1.0,-361.858,122.2399,99.61807,514.4551,-133.0067,-850.3708,0.3054544,0.24,-0.127273,0.1659211,-0.18544,-0.08295995,,
2023,6.0,12.0,115345.0,0.0,83.0,1642.0,20.0,-140.0,60.0,23.0,31.0,-9.0,-54.0,17.0,-10.0,-24.0,2.0,0.0,-1.0,-357.054,122.1559,97.65946,514.4551,-133.0067,-850.3708,0.5781816,-0.2145454,-0.8545457,-0.3220789,-0.18544,-0.08295995,,
2023,6.0,12.0,115345.0,0.0,84.0,1662.0,20.0,-141.0,60.0,24.0,31.0,-9.0,-54.0,8.0,-11.0,-6.0,3.0,0.0,0.0,-359.475,122.1708,99.37911,514.4551,-133.0067,-850.3708,-0.2400001,-0.3054545,0.781818,0.1659211,-0.18544,0.4050401,,
2023,6.0,12.0,115345.0,0.0,85.0,1682.0,20.0,-141.0,60.0,23.0,31.0,-9.0,-54.0,13.0,-6.0,-16.0,3.0,1.0,-1.0,-359.437,122.2251,97.8984,514.4551,-133.0067,-850.3708,0.2145452,0.1490909,-0.127273,0.1659211,0.30256,-0.08295995,,
2023,6.0,12.0,115345.0,0.0,86.0,1702.0,20.0,-138.0,61.0,23.0,31.0,-9.0,-54.0,13.0,-6.0,-20.0,3.0,1.0,0.0,-352.364,124.0642,96.5127,514.4551,-133.0067,-850.3708,0.2145452,0.1490909,-0.4909093,0.1659211,0.30256,0.4050401,,
2023,6.0,12.0,115345.0,0.0,87.0,1722.0,20.0,-139.0,58.0,24.0,31.0,-9.0,-54.0,7.0,-10.0,-13.0,3.0,1.0,0.0,-354.557,117.9398,100.2389,514.4551,-133.0067,-850.3708,-0.3309093,-0.2145454,0.1454544,0.1659211,0.30256,0.4050401,,
2023,6.0,12.0,115345.0,0.0,88.0,1742.0,20.0,-140.0,60.0,23.0,31.0,-9.0,-54.0,10.0,-5.0,-24.0,3.0,0.0,-1.0,-357.054,122.1559,97.65946,514.4551,-133.0067,-850.3708,-0.05818194,0.24,-0.8545457,0.1659211,-0.18544,-0.08295995,,
2023,6.0,12.0,115345.0,0.0,89.0,1762.0,20.0,-139.0,59.0,22.0,31.0,-9.0,-54.0,12.0,-6.0,-9.0,3.0,0.0,-1.0,-354.557,120.0948,96.60866,514.4551,-133.0067,-850.3708,0.1236362,0.1490909,0.5090907,0.1659211,-0.18544,-0.08295995,,
2023,6.0,12.0,115345.0,0.0,90.0,1782.0,20.0,-140.0,60.0,24.0,31.0,-9.0,-54.0,13.0,-7.0,-16.0,3.0,1.0,-1.0,-357.092,122.1017,99.14017,514.4551,-133.0067,-850.3708,0.2145452,0.05818188,-0.127273,0.1659211,0.30256,-0.08295995,,
2023,6.0,12.0,115345.0,0.0,91.0,1802.0,20.0,-140.0,59.0,25.0,32.0,-9.0,-54.0,13.0,-1.0,-19.0,2.0,1.0,-1.0,-357.054,120.001,101.2897,530.4877,-133.0067,-850.3708,0.2145452,0.6036364,-0.4000002,-0.3220789,0.30256,-0.08295995,,
2023,6.0,12.0,115345.0,0.0,92.0,1822.0,20.0,-140.0,57.0,24.0,31.0,-9.0,-54.0,8.0,-1.0,-11.0,3.0,0.0,0.0,-356.864,115.9625,101.1468,514.4551,-133.0067,-850.3708,-0.2400001,0.6036364,0.3272725,0.1659211,-0.18544,0.4050401,,
2023,6.0,12.0,115345.0,0.0,93.0,1842.0,20.0,-138.0,60.0,24.0,31.0,-9.0,-54.0,14.0,-7.0,-18.0,3.0,0.0,-1.0,-352.326,121.9634,98.66228,514.4551,-133.0067,-850.3708,0.3054544,0.05818188,-0.3090911,0.1659211,-0.18544,-0.08295995,,
2023,6.0,12.0,115345.0,0.0,94.0,1862.0,20.0,-140.0,58.0,23.0,31.0,-9.0,-54.0,15.0,-15.0,-12.0,3.0,1.0,-1.0,-356.902,118.0631,98.99718,514.4551,-133.0067,-850.3708,0.3963635,-0.6690909,0.2363634,0.1659211,0.30256,-0.08295995,,
2023,6.0,12.0,115345.0,0.0,95.0,1882.0,20.0,-141.0,58.0,24.0,31.0,-9.0,-54.0,10.0,-11.0,-18.0,3.0,1.0,-1.0,-359.323,118.078,100.7169,514.4551,-133.0067,-850.3708,-0.05818194,-0.3054545,-0.3090911,0.1659211,0.30256,-0.08295995,,
2023,6.0,12.0,115345.0,0.0,96.0,1902.0,20.0,-139.0,58.0,25.0,31.0,-9.0,-54.0,12.0,-10.0,-14.0,3.0,0.0,-1.0,-354.595,117.8855,101.7197,514.4551,-133.0067,-850.3708,0.1236362,-0.2145454,0.05454528,0.1659211,-0.18544,-0.08295995,,
2023,6.0,12.0,115345.0,0.0,97.0,1922.0,20.0,-139.0,58.0,21.0,31.0,-9.0,-54.0,11.0,-4.0,-20.0,3.0,0.0,-1.0,-354.443,118.1027,95.7968,514.4551,-133.0067,-850.3708,0.03272712,0.3309091,-0.4909093,0.1659211,-0.18544,-0.08295995,,
2023,6.0,12.0,115345.0,0.0,98.0,1942.0,20.0,-142.0,60.0,20.0,31.0,-10.0,-53.0,12.0,-2.0,-16.0,3.0,1.0,0.0,-361.706,122.457,93.69521,514.4551,-149.0394,-834.3382,0.1236362,0.5127273,-0.127273,0.1659211,0.30256,0.4050401,,
2023,6.0,12.0,115345.0,0.0,99.0,1962.0,20.0,-140.0,59.0,23.0,31.0,-9.0,-54.0,12.0,-11.0,-6.0,3.0,0.0,-1.0,-356.978,120.1096,98.32832,514.4551,-133.0067,-850.3708,0.1236362,-0.3054545,0.781818,0.1659211,-0.18544,-0.08295995,,
2023,6.0,12.0,115345.0,0.0,100.0,1982.0,20.0,-142.0,56.0,24.0,31.0,-9.0,-54.0,6.0,-9.0,-14.0,3.0,1.0,-1.0,-361.554,114.0543,102.2935,514.4551,-133.0067,-850.3708,-0.4218183,-0.1236363,0.05454528,0.1659211,0.30256,-0.08295995,,
2023,6.0,12.0,115345.0,0.0,101.0,2002.0,20.0,-141.0,59.0,24.0,31.0,-9.0,-54.0,17.0,-17.0,-18.0,2.0,0.0,0.0,-359.399,120.1244,100.048,514.4551,-133.0067,-850.3708,0.5781816,-0.850909,-0.3090911,-0.3220789,-0.18544,0.4050401,,
2023,6.0,12.0,115345.0,0.0,102.0,2022.0,20.0,-138.0,57.0,24.0,31.0,-9.0,-53.0,9.0,-9.0,-16.0,2.0,1.0,-1.0,-352.098,115.8243,100.6689,514.4551,-133.0067,-834.3382,-0.1490911,-0.1236363,-0.127273,-0.3220789,0.30256,-0.08295995,,
2023,6.0,12.0,115345.0,0.0,103.0,2042.0,20.0,-140.0,58.0,24.0,31.0,-9.0,-54.0,8.0,-9.0,-22.0,2.0,0.0,-1.0,-356.94,118.0089,100.4779,514.4551,-133.0067,-850.3708,-0.2400001,-0.1236363,-0.6727275,-0.3220789,-0.18544,-0.08295995,,
2023,6.0,12.0,115345.0,0.0,104.0,2062.0,20.0,-140.0,57.0,23.0,31.0,-9.0,-54.0,11.0,-5.0,-9.0,3.0,1.0,-1.0,-356.826,116.0168,99.66604,514.4551,-133.0067,-850.3708,0.03272712,0.24,0.5090907,0.1659211,0.30256,-0.08295995,,
2023,6.0,12.0,115345.0,0.0,105.0,2082.0,20.0,-140.0,58.0,20.0,31.0,-9.0,-54.0,19.0,-12.0,-23.0,3.0,0.0,0.0,-356.788,118.2261,94.55503,514.4551,-133.0067,-850.3708,0.7599999,-0.3963636,-0.7636365,0.1659211,-0.18544,0.4050401,,
2023,6.0,12.0,115345.0,0.0,106.0,2102.0,20.0,-139.0,61.0,23.0,31.0,-9.0,-54.0,10.0,-10.0,-14.0,3.0,1.0,-2.0,-354.747,124.1333,96.75165,514.4551,-133.0067,-850.3708,-0.05818194,-0.2145454,0.05454528,0.1659211,0.30256,-0.5709599,,
2023,6.0,12.0,115345.0,0.0,107.0,2122.0,20.0,-141.0,60.0,21.0,31.0,-9.0,-54.0,14.0,-10.0,-24.0,2.0,0.0,-1.0,-359.361,122.3336,94.93697,514.4551,-133.0067,-850.3708,0.3054544,-0.2145454,-0.8545457,-0.3220789,-0.18544,-0.08295995,,
2023,6.0,12.0,115345.0,0.0,108.0,2142.0,20.0,-143.0,58.0,23.0,31.0,-9.0,-54.0,5.0,-6.0,-16.0,2.0,1.0,-1.0,-364.051,118.2705,99.71401,514.4551,-133.0067,-850.3708,-0.5127274,0.1490909,-0.127273,-0.3220789,0.30256,-0.08295995,,
2023,6.0,12.0,115345.0,0.0,109.0,2162.0,20.0,-141.0,58.0,25.0,31.0,-9.0,-54.0,8.0,-4.0,-14.0,2.0,0.0,-1.0,-359.361,118.0237,102.1975,514.4551,-133.0067,-850.3708,-0.2400001,0.3309091,0.05454528,-0.3220789,-0.18544,-0.08295995,,
2023,6.0,12.0,115345.0,0.0,110.0,2182.0,20.0,-141.0,58.0,24.0,31.0,-9.0,-54.0,11.0,-6.0,-16.0,2.0,1.0,-1.0,-359.323,118.078,100.7169,514.4551,-133.0067,-850.3708,0.03272712,0.1490909,-0.127273,-0.3220789,0.30256,-0.08295995,,
2023,6.0,12.0,115345.0,0.0,111.0,2202.0,20.0,-143.0,60.0,22.0,31.0,-9.0,-54.0,6.0,-2.0,-8.0,3.0,0.0,0.0,-364.165,122.4176,96.89557,514.4551,-133.0067,-850.3708,-0.4218183,0.5127273,0.5999998,0.1659211,-0.18544,0.4050401,,
2023,6.0,12.0,115345.0,0.0,112.0,2222.0,20.0,-141.0,59.0,23.0,31.0,-9.0,-54.0,11.0,-9.0,-7.0,2.0,1.0,-1.0,-359.361,120.1787,98.56726,514.4551,-133.0067,-850.3708,0.03272712,-0.1236363,0.6909089,-0.3220789,0.30256,-0.08295995,,
2023,6.0,12.0,115345.0,0.0,113.0,2241.97,19.9697,-139.0,61.0,24.0,31.0,-9.0,-54.0,13.0,-12.0,-16.0,3.0,0.0,-1.0,-354.785,124.0789,98.23236,514.4551,-133.0067,-850.3708,0.2145452,-0.3963636,-0.127273,0.1659211,-0.18544,-0.08295995,,
2023,6.0,12.0,115345.0,0.0,114.0,2262.0,20.0303,-140.0,59.0,22.0,31.0,-9.0,-54.0,17.0,-1.0,-16.0,3.0,1.0,-1.0,-356.94,120.1638,96.8476,514.4551,-133.0067,-850.3708,0.5781816,0.6036364,-0.127273,0.1659211,0.30256,-0.08295995,,
2023,6.0,12.0,115345.0,0.0,115.0,2282.0,20.0,-141.0,56.0,24.0,31.0,-9.0,-54.0,4.0,-10.0,-18.0,3.0,0.0,-1.0,-359.171,113.9852,102.0546,514.4551,-133.0067,-850.3708,-0.6036365,-0.2145454,-0.3090911,0.1659211,-0.18544,-0.08295995,,
2023,6.0,12.0,115345.0,0.0,116.0,2301.97,19.9697,-141.0,57.0,23.0,31.0,-9.0,-54.0,2.0,-5.0,-12.0,3.0,0.0,0.0,-359.209,116.0859,99.90498,514.4551,-133.0067,-850.3708,-0.7854547,0.24,0.2363634,0.1659211,-0.18544,0.4050401,,
2023,6.0,12.0,115345.0,0.0,117.0,2322.0,20.0303,-141.0,59.0,22.0,31.0,-9.0,-54.0,10.0,-2.0,-9.0,2.0,1.0,-1.0,-359.323,120.2329,97.08655,514.4551,-133.0067,-850.3708,-0.05818194,0.5127273,0.5090907,-0.3220789,0.30256,-0.08295995,,
2023,6.0,12.0,115345.0,0.0,118.0,2342.0,20.0,-141.0,58.0,23.0,31.0,-9.0,-54.0,9.0,-16.0,-11.0,3.0,1.0,-1.0,-359.285,118.1323,99.23612,514.4551,-133.0067,-850.3708,-0.1490911,-0.76,0.3272725,0.1659211,0.30256,-0.08295995,,
2023,6.0,12.0,115345.0,0.0,119.0,2362.0,20.0,-143.0,58.0,22.0,31.0,-9.0,-54.0,11.0,-4.0,-8.0,3.0,0.0,0.0,-364.013,118.3248,98.2333,514.4551,-133.0067,-850.3708,0.03272712,0.3309091,0.5999998,0.1659211,-0.18544,0.4050401,,
2023,6.0,12.0,115345.0,0.0,120.0,2382.0,20.0,-142.0,58.0,21.0,31.0,-9.0,-53.0,14.0,-15.0,-12.0,2.0,0.0,-1.0,-361.592,118.3099,96.51364,514.4551,-133.0067,-834.3382,0.3054544,-0.6690909,0.2363634,-0.3220789,-0.18544,-0.08295995,,
2023,6.0,12.0,115345.0,0.0,121.0,2402.0,20.0,-139.0,58.0,23.0,31.0,-9.0,-53.0,19.0,-5.0,-18.0,3.0,0.0,-1.0,-354.519,117.9941,98.75824,514.4551,-133.0067,-834.3382,0.7599999,0.24,-0.3090911,0.1659211,-0.18544,-0.08295995,,
2023,6.0,12.0,115345.0,0.0,122.0,2422.0,20.0,-140.0,60.0,22.0,31.0,-9.0,-54.0,6.0,-9.0,-16.0,2.0,0.0,-1.0,-357.016,122.2102,96.17874,514.4551,-133.0067,-850.3708,-0.4218183,-0.1236363,-0.127273,-0.3220789,-0.18544,-0.08295995,,
2023,6.0,12.0,115345.0,0.0,123.0,2442.0,20.0,-142.0,58.0,25.0,31.0,-9.0,-54.0,10.0,-2.0,-16.0,3.0,0.0,-1.0,-361.744,118.0928,102.4365,514.4551,-133.0067,-850.3708,-0.05818194,0.5127273,-0.127273,0.1659211,-0.18544,-0.08295995,,
2023,6.0,12.0,115345.0,0.0,124.0,2462.0,20.0,-140.0,60.0,23.0,31.0,-9.0,-54.0,7.0,-10.0,-8.0,3.0,0.0,0.0,-357.054,122.1559,97.65946,514.4551,-133.0067,-850.3708,-0.3309093,-0.2145454,0.5999998,0.1659211,-0.18544,0.4050401,,
2023,6.0,12.0,115345.0,0.0,125.0,2482.0,20.0,-138.0,59.0,23.0,31.0,-9.0,-53.0,6.0,-6.0,-17.0,2.0,0.0,-1.0,-352.212,119.9714,97.85042,514.4551,-133.0067,-834.3382,-0.4218183,0.1490909,-0.218182,-0.3220789,-0.18544,-0.08295995,,
2023,6.0,12.0,115345.0,0.0,126.0,2502.0,20.0,-141.0,60.0,22.0,31.0,-9.0,-54.0,10.0,-12.0,-22.0,3.0,0.0,-1.0,-359.399,122.2793,96.41769,514.4551,-133.0067,-850.3708,-0.05818194,-0.3963636,-0.6727275,0.1659211,-0.18544,-0.08295995,,
2023,6.0,12.0,115345.0,0.0,127.0,2522.0,20.0,-139.0,59.0,24.0,31.0,-9.0,-54.0,9.0,-11.0,-16.0,2.0,0.0,-1.0,-354.633,119.9861,99.57008,514.4551,-133.0067,-850.3708,-0.1490911,-0.3054545,-0.127273,-0.3220789,-0.18544,-0.08295995,,
2023,6.0,12.0,115345.0,0.0,128.0,2542.0,20.0,-140.0,59.0,24.0,31.0,-10.0,-54.0,13.0,2.0,-19.0,2.0,1.0,-1.0,-357.016,120.0553,99.80903,514.4551,-149.0394,-850.3708,0.2145452,0.8763637,-0.4000002,-0.3220789,0.30256,-0.08295995,,
2023,6.0,12.0,115345.0,0.0,129.0,2562.0,20.0,-141.0,59.0,22.0,31.0,-9.0,-54.0,10.0,-5.0,-15.0,3.0,-1.0,-1.0,-359.323,120.2329,97.08655,514.4551,-133.0067,-850.3708,-0.05818194,0.24,-0.03636384,0.1659211,-0.67344,-0.08295995,,
2023,6.0,12.0,115345.0,0.0,130.0,2582.0,20.0,-140.0,56.0,22.0,31.0,-9.0,-54.0,14.0,-8.0,-15.0,2.0,1.0,0.0,-356.712,114.0247,98.85418,514.4551,-133.0067,-850.3708,0.3054544,-0.03272724,-0.03636384,-0.3220789,0.30256,0.4050401,,
2023,6.0,12.0,115345.0,0.0,131.0,2602.0,20.0,-140.0,57.0,24.0,31.0,-9.0,-53.0,5.0,-8.0,-3.0,4.0,1.0,-1.0,-356.864,115.9625,101.1468,514.4551,-133.0067,-834.3382,-0.5127274,-0.03272724,1.054545,0.6539211,0.30256,-0.08295995,,
== yy1 ==============,,,,,,,,,,,,,,,,,,,,,,,,,,,,,,,,,
2023,6.0,12.0,115345.0,1.0,1.0,6482.0,0.0,-96.0,-95.0,-14.0,-252.0,-21.0,-415.0,-33.0,-12.0,-85.0,1457.0,1770.0,-464.0,-239.016,-196.0671,136.0329,-4022.78,-325.3983,-6638.151,-3.967273,-0.3963636,-6.4,709.7179,863.5746,-226.027,,
2023,6.0,12.0,115345.0,1.0,2.0,6484.0,2.0,-100.0,-91.0,-15.0,-233.0,-25.0,-427.0,-37.0,-9.0,-78.0,1489.0,1807.0,-477.0,-248.814,-187.5508,132.8326,-3718.16,-389.5288,-6830.543,-4.330909,-0.1236363,-5.763637,725.3339,881.6306,-232.371,,
2023,6.0,12.0,115345.0,1.0,3.0,6486.0,2.0,-98.0,-91.0,-16.0,-228.0,-10.0,-416.0,-34.0,-3.0,-74.0,1482.0,1797.0,-479.0,-244.01,-187.6348,130.8739,-3637.997,-149.0394,-6654.184,-4.058182,0.4218182,-5.4,721.9179,876.7506,-233.347,,
2023,6.0,12.0,115345.0,1.0,4.0,6488.0,2.0,-102.0,-92.0,-17.0,-223.0,-10.0,-417.0,-26.0,-3.0,-74.0,1465.0,1802.0,-500.0,-253.428,-189.3504,131.0179,-3557.833,-149.0394,-6670.216,-3.330909,0.4218182,-5.4,713.6219,879.1906,-243.595,,
2023,6.0,12.0,115345.0,1.0,5.0,6490.0,2.0,-103.0,-92.0,-19.0,-216.0,-12.0,-418.0,-19.0,-6.0,-65.0,1460.0,1816.0,-527.0,-255.735,-189.1728,128.2954,-3445.605,-181.1046,-6686.249,-2.694546,0.1490909,-4.581819,711.1819,886.0226,-256.771,,
2023,6.0,12.0,115345.0,1.0,6.0,6492.0,2.0,-102.0,-89.0,-22.0,-209.0,-10.0,-413.0,-23.0,-15.0,-75.0,1466.0,1831.0,-556.0,-253.466,-182.9398,121.6077,-3333.377,-149.0394,-6606.086,-3.058182,-0.6690909,-5.49091,714.1099,893.3426,-270.923,,
2023,6.0,12.0,115345.0,1.0,7.0,6494.0,2.0,-104.0,-90.0,-22.0,-202.0,-10.0,-414.0,-26.0,-6.0,-81.0,1471.0,1847.0,-590.0,-258.156,-184.848,122.7545,-3221.148,-149.0394,-6622.119,-3.330909,0.1490909,-6.036364,716.5499,901.1506,-287.515,,
2023,6.0,12.0,115345.0,1.0,8.0,6496.0,2.0,-103.0,-91.0,-24.0,-197.0,-8.0,-421.0,-30.0,-4.0,-81.0,1474.0,1859.0,-618.0,-255.621,-186.8549,120.2229,-3140.985,-116.9741,-6734.347,-3.694546,0.3309091,-6.036364,718.0139,907.0066,-301.179,,
2023,6.0,12.0,115345.0,1.0,9.0,6498.0,2.0,-104.0,-89.0,-27.0,-193.0,-3.0,-425.0,-36.0,-4.0,-80.0,1469.0,1871.0,-646.0,-258.042,-182.5301,114.682,-3076.854,-36.81092,-6798.478,-4.24,0.3309091,-5.945455,715.5739,912.8626,-314.843,,
2023,6.0,12.0,115345.0,1.0,10.0,6500.0,2.0,-105.0,-88.0,-30.0,-191.0,2.0,-432.0,-29.0,-4.0,-71.0,1457.0,1887.0,-674.0,-260.387,-180.2517,109.81,-3044.789,43.35224,-6910.706,-3.603637,0.3309091,-5.127273,709.7179,920.6706,-328.507,,
2023,6.0,12.0,115345.0,1.0,11.0,6502.0,2.0,-108.0,-91.0,-32.0,-188.0,7.0,-439.0,-28.0,2.0,-81.0,1445.0,1906.0,-699.0,-267.232,-186.075,109.572,-2996.691,123.5154,-7022.934,-3.512727,0.8763637,-6.036364,703.8619,929.9426,-340.707,,
2023,6.0,12.0,115345.0,1.0,12.0,6504.0,2.0,-108.0,-91.0,-34.0,-184.0,12.0,-442.0,-28.0,-2.0,-78.0,1430.0,1927.0,-722.0,-267.156,-185.9664,106.6105,-2932.561,203.6786,-7071.032,-3.512727,0.5127273,-5.763637,696.5419,940.1906,-351.931,,
2023,6.0,12.0,115345.0,1.0,13.0,6506.0,2.0,-108.0,-91.0,-39.0,-179.0,17.0,-444.0,-25.0,-2.0,-85.0,1408.0,1953.0,-740.0,-266.966,-185.695,99.20695,-2852.398,283.8417,-7103.098,-3.24,0.5127273,-6.4,685.8059,952.8786,-360.715,,
2023,6.0,12.0,115345.0,1.0,14.0,6508.0,2.0,-108.0,-91.0,-41.0,-168.0,25.0,-449.0,-21.0,-1.0,-85.0,1340.0,2012.0,-766.0,-266.89,-185.5864,96.24553,-2676.039,412.1028,-7183.261,-2.876364,0.6036364,-6.4,652.6219,981.6706,-373.403,,
2023,6.0,12.0,115345.0,1.0,15.0,6510.0,2.0,-111.0,-94.0,-44.0,-168.0,25.0,-449.0,-21.0,7.0,-79.0,1340.0,2012.0,-766.0,-273.697,-191.3554,94.52681,-2676.039,412.1028,-7183.261,-2.876364,1.330909,-5.854546,652.6219,981.6706,-373.403,,
2023,6.0,12.0,115345.0,1.0,16.0,6512.0,2.0,-108.0,-94.0,-49.0,-162.0,31.0,-451.0,-24.0,-3.0,-78.0,1301.0,2045.0,-772.0,-266.358,-191.2912,86.40639,-2579.843,508.2986,-7215.326,-3.149091,0.4218182,-5.763637,633.5899,997.7746,-376.331,,
2023,6.0,12.0,115345.0,1.0,17.0,6514.0,2.0,-109.0,-96.0,-54.0,-149.0,41.0,-456.0,-16.0,2.0,-87.0,1221.0,2124.0,-773.0,-268.399,-195.0434,80.57949,-2371.419,668.6249,-7295.489,-2.421818,0.8763637,-6.581819,594.5499,1036.327,-376.819,,
2023,6.0,12.0,115345.0,1.0,18.0,6516.0,2.0,-111.0,-94.0,-57.0,-145.0,45.0,-458.0,-19.0,3.0,-75.0,1180.0,2170.0,-767.0,-273.203,-190.6496,75.27752,-2307.288,732.7554,-7327.554,-2.694546,0.9672728,-5.49091,574.5419,1058.775,-373.891,,
2023,6.0,12.0,115345.0,1.0,19.0,6518.0,2.0,-111.0,-96.0,-62.0,-141.0,48.0,-463.0,-17.0,-1.0,-81.0,1140.0,2221.0,-752.0,-272.861,-194.4709,69.21166,-2243.158,780.8533,-7407.717,-2.512727,0.6036364,-6.036364,555.0219,1083.663,-366.571,,
2023,6.0,12.0,115345.0,1.0,20.0,6520.0,2.0,-110.0,-96.0,-65.0,-136.0,51.0,-469.0,-21.0,8.0,-88.0,1103.0,2280.0,-724.0,-270.364,-194.3771,64.53057,-2162.995,828.9512,-7503.913,-2.876364,1.421818,-6.672728,536.9659,1112.455,-352.907,,
2023,6.0,12.0,115345.0,1.0,21.0,6522.0,2.0,-109.0,-97.0,-73.0,-133.0,53.0,-477.0,-10.0,8.0,-83.0,1068.0,2347.0,-688.0,-267.601,-196.0582,53.11477,-2114.897,861.0165,-7632.174,-1.876364,1.421818,-6.218182,519.8859,1145.151,-335.339,,
2023,6.0,12.0,115345.0,1.0,22.0,6524.0,2.0,-111.0,-98.0,-77.0,-132.0,52.0,-486.0,-24.0,0.0,-84.0,1039.0,2422.0,-642.0,-272.139,-197.7493,48.33867,-2098.864,844.9839,-7776.468,-3.149091,0.6945455,-6.309091,505.7339,1181.751,-312.891,,
2023,6.0,12.0,115345.0,1.0,23.0,6526.0,2.0,-112.0,-101.0,-80.0,-134.0,50.0,-499.0,-21.0,-3.0,-90.0,1019.0,2503.0,-588.0,-274.18,-203.6565,46.14204,-2130.929,812.9186,-7984.892,-2.876364,0.4218182,-6.854546,495.9739,1221.279,-286.539,,
2023,6.0,12.0,115345.0,1.0,24.0,6528.0,2.0,-112.0,-100.0,-88.0,-142.0,45.0,-514.0,-13.0,6.0,-103.0,1013.0,2588.0,-528.0,-273.952,-201.1757,33.62749,-2259.19,732.7554,-8225.382,-2.149091,1.24,-8.036364,493.0459,1262.759,-257.259,,
2023,6.0,12.0,115345.0,1.0,25.0,6530.0,2.0,-113.0,-99.0,-95.0,-155.0,39.0,-533.0,-26.0,8.0,-101.0,1024.0,2674.0,-461.0,-276.145,-198.6802,22.83255,-2467.615,636.5596,-8530.002,-3.330909,1.421818,-7.854546,498.4139,1304.727,-224.563,,
2023,6.0,12.0,115345.0,1.0,26.0,6532.0,2.0,-107.0,-100.0,-99.0,-174.0,31.0,-553.0,-30.0,1.0,-103.0,1052.0,2760.0,-390.0,-261.619,-200.924,16.14487,-2772.235,508.2986,-8850.654,-3.694546,0.7854546,-8.036364,512.0779,1346.695,-189.915,,
2023,6.0,12.0,115345.0,1.0,27.0,6534.0,2.0,-110.0,-102.0,-106.0,-196.0,23.0,-575.0,-34.0,-5.0,-112.0,1104.0,2846.0,-312.0,-268.35,-204.4294,7.834442,-3124.952,380.0375,-9203.372,-4.058182,0.24,-8.854546,537.4539,1388.663,-151.851,,
2023,6.0,12.0,115345.0,1.0,28.0,6536.0,2.0,-113.0,-102.0,-111.0,-223.0,13.0,-599.0,-41.0,0.0,-109.0,1179.0,2930.0,-231.0,-275.309,-203.9506,1.14769,-3557.833,219.7112,-9588.155,-4.694546,0.6945455,-8.581819,574.0539,1429.655,-112.323,,
2023,6.0,12.0,115345.0,1.0,29.0,6538.0,2.0,-111.0,-103.0,-120.0,-256.0,4.0,-624.0,-46.0,-3.0,-125.0,1277.0,3009.0,-147.0,-270.125,-205.6466,-11.98778,-4086.91,75.4175,-9988.972,-5.149091,0.4218182,-10.03636,621.8779,1468.207,-71.33096,,
2023,6.0,12.0,115345.0,1.0,30.0,6540.0,2.0,-111.0,-103.0,-125.0,-293.0,-3.0,-651.0,-53.0,-6.0,-128.0,1397.0,3082.0,-64.0,-269.935,-205.3751,-19.39134,-4680.118,-36.81092,-10421.85,-5.785455,0.1490909,-10.30909,680.4379,1503.831,-30.82696,,
2023,6.0,12.0,115345.0,1.0,31.0,6542.0,2.0,-111.0,-102.0,-131.0,-334.0,-7.0,-678.0,-56.0,-4.0,-124.0,1540.0,3143.0,15.0,-269.783,-203.003,-28.9445,-5337.456,-100.9415,-10854.73,-6.058182,0.3309091,-9.945455,750.2219,1533.599,7.72504,,
2023,6.0,12.0,115345.0,1.0,32.0,6544.0,2.0,-113.0,-104.0,-136.0,-378.0,-6.0,-704.0,-69.0,-3.0,-128.0,1704.0,3189.0,92.0,-274.207,-206.6861,-34.53246,-6042.892,-84.90882,-11271.58,-7.24,0.4218182,-10.30909,830.2539,1556.047,45.30104,,
2023,6.0,12.0,115345.0,1.0,33.0,6546.0,2.0,-111.0,-105.0,-142.0,-422.0,1.0,-728.0,-70.0,1.0,-142.0,1893.0,3220.0,166.0,-269.137,-208.5449,-43.22577,-6748.327,27.3196,-11656.37,-7.330909,0.7854546,-11.58182,922.4859,1571.175,81.41304,,
2023,6.0,12.0,115345.0,1.0,34.0,6548.0,2.0,-110.0,-103.0,-144.0,-464.0,14.0,-749.0,-79.0,8.0,-135.0,2097.0,3240.0,243.0,-266.83,-204.4126,-47.76387,-7421.698,235.7438,-11993.05,-8.149091,1.421818,-10.94545,1022.038,1580.935,118.989,,
2023,6.0,12.0,115345.0,1.0,35.0,6550.0,2.0,-107.0,-104.0,-149.0,-506.0,31.0,-766.0,-89.0,1.0,-141.0,2313.0,3249.0,319.0,-259.415,-206.3949,-55.21541,-8095.068,508.2986,-12265.61,-9.058182,0.7854546,-11.49091,1127.446,1585.327,156.077,,
2023,6.0,12.0,115345.0,1.0,36.0,6552.0,2.0,-109.0,-105.0,-151.0,-544.0,54.0,-782.0,-94.0,11.0,-131.0,2535.0,3236.0,396.0,-264.029,-208.1945,-57.03011,-8704.309,877.0491,-12522.13,-9.512728,1.694546,-10.58182,1235.782,1578.983,193.653,,
2023,6.0,12.0,115345.0,1.0,37.0,6554.0,2.0,-108.0,-105.0,-153.0,-581.0,88.0,-781.0,-109.0,18.0,-137.0,2741.0,3206.0,469.0,-261.57,-208.155,-60.2305,-9297.516,1422.159,-12506.09,-10.87636,2.330909,-11.12727,1336.31,1564.343,229.2771,,
2023,6.0,12.0,115345.0,1.0,38.0,6556.0,2.0,-109.0,-105.0,-157.0,-620.0,112.0,-806.0,-108.0,19.0,-140.0,2953.0,3184.0,528.0,-263.801,-207.8687,-65.9144,-9922.789,1806.942,-12906.91,-10.78545,2.421818,-11.4,1439.766,1553.607,258.069,,
2023,6.0,12.0,115345.0,1.0,39.0,6560.0,4.0,-106.0,-104.0,-160.0,-665.0,207.0,-843.0,-112.0,51.0,-148.0,3380.0,3116.0,631.0,-256.614,-205.8667,-71.74222,-10644.26,3330.042,-13500.12,-11.14909,5.330909,-12.12727,1648.142,1520.423,308.333,,
2023,6.0,12.0,115345.0,1.0,40.0,6562.0,2.0,-106.0,-104.0,-158.0,-681.0,256.0,-853.0,-118.0,56.0,-144.0,3561.0,3076.0,656.0,-256.69,-205.9753,-68.78081,-10900.78,4115.641,-13660.44,-11.69455,5.785455,-11.76364,1736.47,1500.903,320.533,,
2023,6.0,12.0,115345.0,1.0,41.0,6564.0,2.0,-107.0,-105.0,-157.0,-692.0,307.0,-858.0,-116.0,59.0,-149.0,3724.0,3034.0,668.0,-259.035,-208.0069,-66.39229,-11077.14,4933.305,-13740.61,-11.51273,6.058182,-12.21818,1816.014,1480.407,326.389,,
2023,6.0,12.0,115345.0,1.0,42.0,6566.0,2.0,-104.0,-105.0,-156.0,-698.0,360.0,-865.0,-118.0,76.0,-142.0,3864.0,2994.0,669.0,-251.924,-208.2685,-65.6284,-11173.33,5783.035,-13852.84,-11.69455,7.603637,-11.58182,1884.334,1460.887,326.877,,
2023,6.0,12.0,115345.0,1.0,43.0,6568.0,2.0,-105.0,-107.0,-154.0,-702.0,416.0,-869.0,-115.0,80.0,-146.0,3981.0,2957.0,660.0,-254.231,-212.4008,-61.0903,-11237.46,6680.862,-13916.97,-11.42182,7.967273,-11.94545,1941.43,1442.831,322.485,,
2023,6.0,12.0,115345.0,1.0,44.0,6570.0,2.0,-102.0,-106.0,-154.0,-701.0,470.0,-870.0,-110.0,87.0,-152.0,4069.0,2921.0,644.0,-247.158,-210.5617,-62.47601,-11221.43,7546.624,-13933.0,-10.96727,8.603637,-12.49091,1984.374,1425.263,314.677,,
2023,6.0,12.0,115345.0,1.0,45.0,6572.0,2.0,-105.0,-109.0,-151.0,-698.0,523.0,-864.0,-117.0,86.0,-140.0,4129.0,2889.0,618.0,-254.193,-216.6565,-55.31044,-11173.33,8396.354,-13836.8,-11.60364,8.512728,-11.4,2013.654,1409.647,301.989,,
2023,6.0,12.0,115345.0,1.0,46.0,6574.0,2.0,-104.0,-108.0,-148.0,-692.0,571.0,-857.0,-114.0,108.0,-146.0,4162.0,2861.0,589.0,-252.0,-214.8421,-51.77609,-11077.14,9165.92,-13724.57,-11.33091,10.51273,-11.94545,2029.758,1395.983,287.837,,
2023,6.0,12.0,115345.0,1.0,47.0,6576.0,2.0,-106.0,-109.0,-144.0,-685.0,615.0,-846.0,-114.0,113.0,-144.0,4167.0,2839.0,554.0,-256.842,-216.9674,-44.7065,-10964.91,9871.355,-13548.22,-11.33091,10.96727,-11.76364,2032.198,1385.247,270.757,,
2023,6.0,12.0,115345.0,1.0,48.0,6578.0,2.0,-107.0,-108.0,-142.0,-678.0,654.0,-836.0,-112.0,117.0,-137.0,4148.0,2820.0,513.0,-259.377,-214.9605,-42.17497,-10852.68,10496.63,-13387.89,-11.14909,11.33091,-11.12727,2022.926,1375.975,250.7491,,
2023,6.0,12.0,115345.0,1.0,49.0,6580.0,2.0,-105.0,-107.0,-139.0,-672.0,689.0,-826.0,-120.0,120.0,-140.0,4108.0,2808.0,467.0,-254.801,-213.2152,-38.87959,-10756.49,11057.77,-13227.56,-11.87636,11.60364,-11.4,2003.406,1370.119,228.301,,
2023,6.0,12.0,115345.0,1.0,50.0,6582.0,2.0,-105.0,-107.0,-137.0,-668.0,718.0,-817.0,-110.0,116.0,-147.0,4048.0,2805.0,412.0,-254.877,-213.3238,-35.91814,-10692.35,11522.72,-13083.27,-10.96727,11.24,-12.03636,1974.126,1368.655,201.461,,
2023,6.0,12.0,115345.0,1.0,51.0,6584.0,2.0,-105.0,-109.0,-134.0,-666.0,741.0,-808.0,-107.0,130.0,-139.0,3971.0,2809.0,350.0,-254.839,-217.5795,-30.13831,-10660.29,11891.47,-12938.98,-10.69455,12.51273,-11.30909,1936.55,1370.607,171.205,,
2023,6.0,12.0,115345.0,1.0,52.0,6586.0,2.0,-106.0,-109.0,-133.0,-667.0,757.0,-800.0,-111.0,122.0,-137.0,3880.0,2819.0,286.0,-257.26,-217.5647,-28.41861,-10676.32,12147.99,-12810.71,-11.05818,11.78545,-11.12727,1892.142,1375.487,139.9731,,
2023,6.0,12.0,115345.0,1.0,53.0,6588.0,2.0,-106.0,-108.0,-130.0,-672.0,767.0,-793.0,-116.0,128.0,-135.0,3780.0,2832.0,221.0,-257.45,-215.6812,-24.64532,-10756.49,12308.32,-12698.49,-11.51273,12.33091,-10.94545,1843.342,1381.831,108.253,,
2023,6.0,12.0,115345.0,1.0,54.0,6590.0,2.0,-105.0,-109.0,-130.0,-683.0,774.0,-790.0,-121.0,122.0,-132.0,3675.0,2847.0,152.0,-254.991,-217.7966,-24.21541,-10932.84,12420.54,-12650.39,-11.96727,11.78545,-10.67273,1792.102,1389.151,74.58104,,
2023,6.0,12.0,115345.0,1.0,55.0,6592.0,2.0,-104.0,-109.0,-128.0,-695.0,778.0,-789.0,-117.0,120.0,-138.0,3566.0,2870.0,81.0,-252.684,-217.9743,-21.49295,-11125.24,12484.67,-12634.36,-11.60364,11.60364,-11.21818,1738.91,1400.375,39.93304,,
2023,6.0,12.0,115345.0,1.0,56.0,6594.0,2.0,-102.0,-107.0,-128.0,-713.0,781.0,-790.0,-134.0,128.0,-135.0,3453.0,2898.0,0.0,-248.07,-214.0198,-23.30856,-11413.82,12532.77,-12650.39,-13.14909,12.33091,-10.94545,1683.766,1414.039,0.4050401,,
2023,6.0,12.0,115345.0,1.0,57.0,6596.0,2.0,-104.0,-109.0,-127.0,-734.0,783.0,-786.0,-125.0,131.0,-132.0,3346.0,2911.0,-84.0,-252.722,-218.0286,-20.01222,-11750.51,12564.84,-12586.26,-12.33091,12.60364,-10.67273,1631.55,1420.383,-40.58696,,
2023,6.0,12.0,115345.0,1.0,58.0,6598.0,2.0,-104.0,-109.0,-128.0,-756.0,790.0,-797.0,-139.0,123.0,-138.0,3250.0,2939.0,-148.0,-252.684,-217.9743,-21.49295,-12103.23,12677.07,-12762.62,-13.60364,11.87636,-11.21818,1584.702,1434.047,-71.81896,,
2023,6.0,12.0,115345.0,1.0,59.0,6600.0,2.0,-104.0,-111.0,-128.0,-784.0,796.0,-809.0,-137.0,137.0,-147.0,3158.0,2975.0,-198.0,-252.532,-222.0671,-20.15524,-12552.14,12773.26,-12955.01,-13.42182,13.14909,-12.03636,1539.806,1451.615,-96.21896,,
2023,6.0,12.0,115345.0,1.0,60.0,6602.0,2.0,-102.0,-113.0,-128.0,-815.0,804.0,-825.0,-138.0,130.0,-145.0,3077.0,3018.0,-231.0,-247.614,-226.2981,-19.29539,-13049.15,12901.52,-13211.53,-13.51273,12.51273,-11.85455,1500.278,1472.599,-112.323,,
2023,6.0,12.0,115345.0,1.0,61.0,6604.0,2.0,-102.0,-110.0,-129.0,-850.0,819.0,-850.0,-151.0,144.0,-154.0,3007.0,3069.0,-251.0,-247.804,-220.1046,-22.7827,-13610.29,13142.01,-13612.35,-14.69455,13.78545,-12.67273,1466.118,1497.487,-122.083,,
2023,6.0,12.0,115345.0,1.0,62.0,6606.0,2.0,-102.0,-114.0,-129.0,-891.0,838.0,-886.0,-157.0,140.0,-157.0,2952.0,3132.0,-260.0,-247.5,-228.2902,-20.10724,-14267.63,13446.63,-14189.52,-15.24,13.42182,-12.94545,1439.278,1528.231,-126.475,,
2023,6.0,12.0,115345.0,1.0,63.0,6608.0,2.0,-100.0,-113.0,-130.0,-934.0,859.0,-927.0,-171.0,139.0,-163.0,2914.0,3207.0,-267.0,-242.772,-226.3277,-22.7347,-14957.04,13783.32,-14846.86,-16.51273,13.33091,-13.49091,1420.734,1564.831,-129.891,,
2023,6.0,12.0,115345.0,1.0,64.0,6610.0,2.0,-99.0,-112.0,-131.0,-981.0,890.0,-964.0,-168.0,151.0,-181.0,2884.0,3286.0,-267.0,-240.427,-224.2961,-25.12323,-15710.57,14280.33,-15440.07,-16.24,14.42182,-15.12727,1406.094,1603.383,-129.891,,
2023,6.0,12.0,115345.0,1.0,65.0,6612.0,2.0,-99.0,-116.0,-131.0,-1035.0,923.0,-1005.0,-183.0,156.0,-186.0,2860.0,3368.0,-258.0,-240.123,-232.4817,-22.44778,-16576.33,14809.41,-16097.4,-17.60364,14.87636,-15.58182,1394.382,1643.399,-125.499,,
2023,6.0,12.0,115345.0,1.0,66.0,6614.0,2.0,-97.0,-115.0,-134.0,-1096.0,963.0,-1049.0,-200.0,160.0,-200.0,2845.0,3456.0,-234.0,-235.319,-230.4107,-28.03668,-17554.32,15450.71,-16802.84,-19.14909,15.24,-16.85455,1387.062,1686.343,-113.787,,
2023,6.0,12.0,115345.0,1.0,67.0,6616.0,2.0,-98.0,-118.0,-136.0,-1160.0,1011.0,-1093.0,-200.0,172.0,-198.0,2836.0,3543.0,-191.0,-237.398,-236.3722,-28.75258,-18580.41,16220.28,-17508.28,-19.14909,16.33091,-16.67273,1382.67,1728.799,-92.80296,,
2023,6.0,12.0,115345.0,1.0,68.0,6618.0,2.0,-97.0,-119.0,-139.0,-1233.0,1062.0,-1138.0,-223.0,186.0,-208.0,2831.0,3631.0,-135.0,-234.825,-238.3248,-32.76482,-19750.79,17037.94,-18229.74,-21.24,17.60364,-17.58182,1380.23,1771.743,-65.47496,,
2023,6.0,12.0,115345.0,1.0,69.0,6620.0,2.0,-98.0,-118.0,-140.0,-1312.0,1120.0,-1189.0,-234.0,200.0,-223.0,2834.0,3716.0,-68.0,-237.246,-236.155,-34.67545,-21017.37,17967.84,-19047.41,-22.24,18.87636,-18.94546,1381.694,1813.223,-32.77896,,
2023,6.0,12.0,115345.0,1.0,70.0,6622.0,2.0,-98.0,-116.0,-141.0,-1396.0,1185.0,-1242.0,-247.0,206.0,-228.0,2853.0,3804.0,9.0,-237.36,-232.0079,-37.4939,-22364.11,19009.96,-19897.14,-23.42182,19.42182,-19.4,1390.966,1856.167,4.79704,,
2023,6.0,12.0,115345.0,1.0,71.0,6624.0,2.0,-94.0,-120.0,-143.0,-1479.0,1256.0,-1298.0,-261.0,219.0,-236.0,2882.0,3896.0,91.0,-227.448,-240.3613,-38.73566,-23694.82,20148.27,-20794.96,-24.69455,20.60364,-20.12727,1405.118,1901.063,44.81304,,
2023,6.0,12.0,115345.0,1.0,72.0,6626.0,2.0,-94.0,-122.0,-148.0,-1566.0,1332.0,-1354.0,-278.0,234.0,-236.0,2919.0,3993.0,177.0,-227.106,-244.1826,-44.8015,-25089.66,21366.75,-21692.79,-26.24,21.96727,-20.12727,1423.174,1948.399,86.78104,,
2023,6.0,12.0,115345.0,1.0,73.0,6628.0,2.0,-93.0,-119.0,-146.0,-1653.0,1418.0,-1405.0,-293.0,250.0,-247.0,2968.0,4091.0,266.0,-225.027,-238.2211,-44.0856,-26484.5,22745.56,-22510.46,-27.60364,23.42182,-21.12727,1447.086,1996.223,130.213,,
2023,6.0,12.0,115345.0,1.0,74.0,6630.0,2.0,-91.0,-121.0,-148.0,-1741.0,1515.0,-1454.0,-314.0,267.0,-253.0,3026.0,4193.0,357.0,-220.033,-242.3435,-46.18721,-27895.37,24300.72,-23296.06,-29.51273,24.96727,-21.67273,1475.39,2045.999,174.621,,
2023,6.0,12.0,115345.0,1.0,75.0,6632.0,2.0,-92.0,-121.0,-151.0,-1832.0,1620.0,-1499.0,-321.0,284.0,-267.0,3077.0,4296.0,460.0,-222.302,-242.1115,-50.39041,-29354.34,25984.15,-24017.53,-30.14909,26.51273,-22.94546,1500.278,2096.262,224.885,,
2023,6.0,12.0,115345.0,1.0,76.0,6638.0,6.0,-93.0,-121.0,-158.0,-2048.0,1948.0,-1625.0,-388.0,339.0,-277.0,3145.0,4573.0,858.0,-224.419,-241.6624,-60.51646,-32817.39,31242.86,-26037.64,-36.24,31.51273,-23.85455,1533.462,2231.438,419.109,,
2023,6.0,12.0,115345.0,1.0,77.0,6640.0,2.0,-94.0,-119.0,-161.0,-2048.0,-2048.0,-1658.0,-404.0,360.0,-284.0,3131.0,4622.0,996.0,-226.84,-237.3376,-66.05739,-32817.39,-32823.54,-26566.71,-37.69455,33.42182,-24.49091,1526.63,2255.351,486.453,,
2023,6.0,12.0,115345.0,1.0,78.0,6644.0,4.0,-93.0,-122.0,-166.0,-2048.0,-2048.0,-1687.0,-436.0,396.0,-288.0,3074.0,4614.0,1203.0,-224.039,-243.2744,-71.69331,-32817.39,-32823.54,-27031.66,-40.60364,36.69455,-24.85455,1498.814,2251.447,587.4691,,
2023,6.0,12.0,115345.0,1.0,79.0,6646.0,2.0,-93.0,-116.0,-169.0,-2048.0,-2048.0,-1676.0,-431.0,414.0,-274.0,2971.0,4584.0,1248.0,-224.381,-230.8332,-80.14867,-32817.39,-32823.54,-26855.3,-40.14909,38.33091,-23.58182,1448.55,2236.806,609.429,,
2023,6.0,12.0,115345.0,1.0,80.0,6648.0,2.0,-93.0,-121.0,-171.0,-2048.0,-2048.0,-1647.0,-440.0,431.0,-261.0,2785.0,4546.0,1279.0,-223.925,-240.9566,-79.76573,-32817.39,-32823.54,-26390.35,-40.96727,39.87637,-22.4,1357.782,2218.262,624.557,,
2023,6.0,12.0,115345.0,1.0,81.0,6650.0,2.0,-92.0,-117.0,-177.0,-2048.0,-2048.0,-1612.0,-433.0,461.0,-259.0,2473.0,4513.0,1307.0,-221.618,-232.5143,-91.56445,-32817.39,-32823.54,-25829.21,-40.33091,42.60364,-22.21818,1205.526,2202.158,638.221,,
2023,6.0,12.0,115345.0,1.0,82.0,6652.0,2.0,-93.0,-117.0,-181.0,-2048.0,-2048.0,-1592.0,-440.0,476.0,-259.0,2040.0,4494.0,1331.0,-223.849,-232.228,-97.24838,-32817.39,-32823.54,-25508.56,-40.96727,43.96727,-22.21818,994.2219,2192.886,649.933,,
2023,6.0,12.0,115345.0,1.0,83.0,6654.0,2.0,-91.0,-115.0,-187.0,-2048.0,-2048.0,-1590.0,-449.0,491.0,-265.0,1493.0,4507.0,1352.0,-219.007,-227.9477,-107.9483,-32817.39,-32823.54,-25476.49,-41.78545,45.33091,-22.76364,727.2859,2199.23,660.181,,
2023,6.0,12.0,115345.0,1.0,84.0,6656.0,2.0,-91.0,-114.0,-197.0,-2048.0,-2048.0,-1594.0,-440.0,500.0,-265.0,821.0,4570.0,1377.0,-218.703,-225.3583,-123.4243,-32817.39,-32823.54,-25540.63,-40.96727,46.14909,-22.76364,399.3499,2229.974,672.381,,
2023,6.0,12.0,115345.0,1.0,85.0,6658.0,2.0,-88.0,-112.0,-211.0,-2048.0,-2048.0,-1610.0,-443.0,504.0,-267.0,38.0,4706.0,1418.0,-211.174,-220.7127,-146.2088,-32817.39,-32823.54,-25797.15,-41.24,46.51273,-22.94546,17.24592,2296.343,692.389,,
2023,6.0,12.0,115345.0,1.0,86.0,6660.0,2.0,-88.0,-106.0,-219.0,-2048.0,-2048.0,-1653.0,-458.0,505.0,-298.0,-844.0,4906.0,1489.0,-211.326,-208.0,-162.0677,-32817.39,-32823.54,-26486.55,-42.60364,46.60364,-25.76364,-413.1701,2393.942,727.037,,
2023,6.0,12.0,115345.0,1.0,87.0,6662.0,2.0,-85.0,-100.0,-234.0,-2048.0,-2048.0,-1741.0,-472.0,509.0,-324.0,-1809.0,5177.0,1605.0,-204.063,-195.1145,-189.0085,-32817.39,-32823.54,-27897.42,-43.87637,46.96727,-28.12727,-884.0901,2526.19,783.645,,
2023,6.0,12.0,115345.0,1.0,88.0,6664.0,2.0,-78.0,-93.0,-249.0,-2048.0,-2048.0,-1889.0,-491.0,519.0,-361.0,-2833.0,5505.0,1771.0,-187.344,-180.459,-217.5739,-32817.39,-32823.54,-30270.25,-45.60364,47.87637,-31.49091,-1383.802,2686.254,864.653,,
2023,6.0,12.0,115345.0,1.0,89.0,6666.0,2.0,-72.0,-82.0,-266.0,-2048.0,-2048.0,-2048.0,-531.0,525.0,-400.0,-3901.0,5865.0,1996.0,-173.236,-157.4403,-251.5372,-32817.39,-32823.54,-32819.44,-49.24,48.42182,-35.03636,-1904.986,2861.935,974.4531,,
2023,6.0,12.0,115345.0,1.0,90.0,6668.0,2.0,-60.0,-70.0,-277.0,-2048.0,-2048.0,-2048.0,-572.0,534.0,-470.0,-5030.0,6246.0,2278.0,-145.134,-133.1155,-278.7187,-32817.39,-32823.54,-32819.44,-52.96727,49.24,-41.4,-2455.938,3047.863,1112.069,,
2023,6.0,12.0,115345.0,1.0,91.0,6670.0,2.0,-51.0,-49.0,-285.0,-2048.0,-2048.0,-2048.0,-613.0,559.0,-559.0,-6227.0,6616.0,2593.0,-124.979,-90.32873,-306.761,-32817.39,-32823.54,-32819.44,-56.69455,51.51273,-49.49091,-3040.074,3228.423,1265.789,,
2023,6.0,12.0,115345.0,1.0,92.0,6672.0,2.0,-33.0,-25.0,-287.0,-2048.0,-2048.0,-2048.0,-697.0,604.0,-654.0,-7578.0,6971.0,2939.0,-83.83299,-42.35043,-330.0762,-32817.39,-32823.54,-32819.44,-64.33091,55.60364,-58.12727,-3699.362,3401.663,1434.637,,
2023,6.0,12.0,115345.0,1.0,93.0,6674.0,2.0,-19.0,4.0,-279.0,-2048.0,-2048.0,-2048.0,-751.0,603.0,-685.0,-8192.0,7486.0,3587.0,-52.979,15.59329,-340.9727,-32817.39,-32823.54,-32819.44,-69.24,55.51273,-60.94545,-3998.994,3652.982,1750.861,,
2023,6.0,12.0,115345.0,1.0,94.0,6676.0,2.0,12.0,37.0,-255.0,-2048.0,-2048.0,-2048.0,-708.0,673.0,-653.0,-8192.0,-8192.0,5088.0,17.474,79.67917,-334.9153,-32817.39,-32823.54,-32819.44,-65.33091,61.87637,-58.03636,-3998.994,-3997.882,2483.349,,
2023,6.0,12.0,115345.0,1.0,95.0,6678.0,2.0,45.0,61.0,-219.0,-2048.0,-2048.0,-2048.0,-612.0,660.0,-622.0,-8192.0,-8192.0,7388.0,92.921,124.5578,-305.5475,-32817.39,-32823.54,-32819.44,-56.60364,60.69455,-55.21818,-3998.994,-3997.882,3605.749,,
2023,6.0,12.0,115345.0,1.0,96.0,6680.0,2.0,87.0,69.0,-171.0,-2048.0,-2048.0,-2048.0,-483.0,609.0,-662.0,-8192.0,-8192.0,-8192.0,190.575,135.4205,-249.8598,-32817.39,-32823.54,-32819.44,-44.87637,56.05818,-58.85455,-3998.994,-3997.882,-3997.291,,
2023,6.0,12.0,115345.0,1.0,97.0,6682.0,2.0,127.0,54.0,-108.0,-2048.0,-2048.0,-2048.0,-434.0,574.0,-501.0,-7678.0,-8192.0,-8192.0,284.641,98.53998,-156.0997,-32817.39,-32823.54,-32819.44,-40.42182,52.87637,-44.21818,-3748.162,-3997.882,-3997.291,,
2023,6.0,12.0,115345.0,1.0,98.0,6684.0,2.0,151.0,15.0,-41.0,-2048.0,-2048.0,-2048.0,-282.0,241.0,-163.0,-8021.0,-8192.0,-8192.0,342.251,13.43436,-36.54092,-32817.39,-32823.54,-32819.44,-26.60364,22.60364,-13.49091,-3915.546,-3997.882,-3997.291,,
2023,6.0,12.0,115345.0,1.0,99.0,6686.0,2.0,139.0,-43.0,11.0,-915.0,1352.0,-930.0,-259.0,59.0,-160.0,-7975.0,-8192.0,-8192.0,316.087,-107.2507,82.11759,-14652.42,21687.41,-14894.96,-24.51273,6.058182,-13.21818,-3893.098,-3997.882,-3997.291,,
2023,6.0,12.0,115345.0,1.0,100.0,6688.0,2.0,91.0,-95.0,27.0,10.0,-156.0,88.0,-258.0,56.0,-164.0,-7957.0,-8192.0,-8192.0,205.047,-211.2152,152.0593,177.7698,-2489.804,1426.263,-24.42182,5.785455,-13.58182,-3884.314,-3997.882,-3997.291,,
2023,6.0,12.0,115345.0,1.0,101.0,6690.0,2.0,32.0,-131.0,8.0,48.0,-182.0,103.0,-245.0,52.0,-164.0,-7936.0,-8192.0,-8192.0,67.908,-279.7769,162.1025,787.0099,-2906.652,1666.752,-23.24,5.421818,-13.58182,-3874.066,-3997.882,-3997.291,,
2023,6.0,12.0,115345.0,1.0,102.0,6692.0,2.0,-41.0,-140.0,-42.0,67.0,-189.0,113.0,-238.0,51.0,-164.0,-7915.0,-8192.0,-8192.0,-103.467,-290.4354,111.5296,1091.63,-3018.881,1827.079,-22.60364,5.330909,-13.58182,-3863.818,-3997.882,-3997.291,,
2023,6.0,12.0,115345.0,1.0,103.0,6694.0,2.0,-92.0,-123.0,-108.0,74.0,-202.0,124.0,-247.0,54.0,-161.0,-7895.0,-8192.0,-8192.0,-223.784,-248.539,14.61806,1203.858,-3227.305,2003.438,-23.42182,5.603637,-13.30909,-3854.058,-3997.882,-3997.291,,
2023,6.0,12.0,115345.0,1.0,104.0,6696.0,2.0,-116.0,-85.0,-175.0,73.0,-210.0,133.0,-247.0,50.0,-153.0,-7872.0,-8192.0,-8192.0,-281.318,-165.4798,-104.2719,1187.826,-3355.566,2147.731,-23.42182,5.24,-12.58182,-3842.834,-3997.882,-3997.291,,
2023,6.0,12.0,115345.0,1.0,105.0,6698.0,2.0,-108.0,-32.0,-225.0,70.0,-220.0,142.0,-246.0,51.0,-157.0,-7846.0,-8192.0,-8192.0,-264.382,-54.85883,-215.6689,1139.728,-3515.892,2292.025,-23.33091,5.330909,-12.94545,-3830.146,-3997.882,-3997.291,,
2023,6.0,12.0,115345.0,1.0,106.0,6700.0,2.0,-65.0,26.0,-246.0,59.0,-231.0,151.0,-250.0,55.0,-154.0,-7823.0,-8192.0,-8192.0,-165.523,62.00099,-295.8326,963.3688,-3692.251,2436.319,-23.69455,5.694546,-12.67273,-3818.922,-3997.882,-3997.291,,
2023,6.0,12.0,115345.0,1.0,107.0,6702.0,2.0,-1.0,61.0,-230.0,43.0,-239.0,153.0,-252.0,57.0,-159.0,-7799.0,-8192.0,-8192.0,-16.279,128.3336,-310.8438,706.8467,-3820.512,2468.384,-23.87636,5.876364,-13.12727,-3807.21,-3997.882,-3997.291,,
2023,6.0,12.0,115345.0,1.0,108.0,6704.0,2.0,66.0,76.0,-184.0,30.0,-241.0,146.0,-263.0,50.0,-159.0,-7775.0,-8192.0,-8192.0,140.494,151.9023,-268.7733,498.4225,-3852.577,2356.156,-24.87636,5.24,-13.12727,-3795.498,-3997.882,-3997.291,,
2023,6.0,12.0,115345.0,1.0,109.0,6706.0,2.0,120.0,60.0,-120.0,20.0,-232.0,133.0,-250.0,59.0,-166.0,-7750.0,-8192.0,-8192.0,267.96,111.9536,-176.2089,338.0962,-3708.284,2147.731,-23.69455,6.058182,-13.76364,-3783.298,-3997.882,-3997.291,,
2023,6.0,12.0,115345.0,1.0,110.0,6708.0,2.0,147.0,24.0,-53.0,16.0,-221.0,119.0,-254.0,58.0,-166.0,-7726.0,-8192.0,-8192.0,332.491,32.77986,-59.37347,273.9656,-3531.925,1923.275,-24.05818,5.967273,-13.76364,-3771.586,-3997.882,-3997.291,,
2023,6.0,12.0,115345.0,1.0,111.0,6710.0,2.0,142.0,-32.0,-2.0,26.0,-209.0,108.0,-253.0,58.0,-161.0,-7700.0,-8192.0,-8192.0,322.894,-84.24186,54.79397,434.292,-3339.533,1746.916,-23.96727,5.967273,-13.30909,-3758.898,-3997.882,-3997.291,,
2023,6.0,12.0,115345.0,1.0,112.0,6712.0,2.0,103.0,-86.0,24.0,46.0,-202.0,105.0,-254.0,69.0,-160.0,-7674.0,-8192.0,-8192.0,233.073,-193.464,138.73,754.9446,-3227.305,1698.818,-24.05818,6.967273,-13.21818,-3746.21,-3997.882,-3997.291,,
2023,6.0,12.0,115345.0,1.0,113.0,6714.0,2.0,43.0,-125.0,16.0,64.0,-199.0,106.0,-250.0,57.0,-167.0,-7647.0,-8192.0,-8192.0,93.361,-268.693,167.3067,1043.532,-3179.207,1714.85,-23.69455,5.876364,-13.85455,-3733.034,-3997.882,-3997.291,,
2023,6.0,12.0,115345.0,1.0,114.0,6716.0,2.0,-24.0,-141.0,-29.0,79.0,-199.0,115.0,-251.0,55.0,-158.0,-7618.0,-8192.0,-8192.0,-63.37399,-294.3623,127.3857,1284.021,-3179.207,1859.144,-23.78546,5.694546,-13.03636,-3718.882,-3997.882,-3997.291,,
2023,6.0,12.0,115345.0,1.0,115.0,6718.0,2.0,-85.0,-128.0,-95.0,83.0,-208.0,125.0,-252.0,64.0,-150.0,-7592.0,-8192.0,-8192.0,-207.217,-259.9605,35.53906,1348.152,-3323.5,2019.47,-23.87636,6.512728,-12.30909,-3706.194,-3997.882,-3997.291,,
2023,6.0,12.0,115345.0,1.0,116.0,6720.0,2.0,-116.0,-88.0,-161.0,81.0,-214.0,133.0,-249.0,58.0,-158.0,-7562.0,-8192.0,-8192.0,-281.622,-172.3791,-81.53531,1316.087,-3419.696,2147.731,-23.60364,5.967273,-13.03636,-3691.554,-3997.882,-3997.291,,
2023,6.0,12.0,115345.0,1.0,117.0,6722.0,2.0,-116.0,-36.0,-213.0,81.0,-221.0,144.0,-249.0,49.0,-157.0,-7535.0,-8192.0,-8192.0,-283.598,-63.14314,-193.3133,1316.087,-3531.925,2324.09,-23.60364,5.149091,-12.94545,-3678.378,-3997.882,-3997.291,,
2023,6.0,12.0,115345.0,1.0,118.0,6724.0,2.0,-76.0,22.0,-240.0,72.0,-236.0,156.0,-268.0,60.0,-160.0,-7507.0,-8192.0,-8192.0,-191.66,54.24976,-281.6444,1171.793,-3772.414,2516.482,-25.33091,6.149091,-13.21818,-3664.714,-3997.882,-3997.291,,
2023,6.0,12.0,115345.0,1.0,119.0,6726.0,2.0,-15.0,64.0,-232.0,56.0,-247.0,161.0,-259.0,56.0,-154.0,-7483.0,-8192.0,-8192.0,-49.793,135.5489,-312.4666,915.2709,-3948.773,2596.645,-24.51273,5.785455,-12.67273,-3653.002,-3997.882,-3997.291,,
2023,6.0,12.0,115345.0,1.0,120.0,6728.0,2.0,54.0,81.0,-190.0,40.0,-249.0,158.0,-256.0,65.0,-153.0,-7455.0,-8192.0,-8192.0,111.746,163.2892,-278.1345,658.7488,-3980.839,2548.547,-24.24,6.603637,-12.58182,-3639.338,-3997.882,-3997.291,,
2023,6.0,12.0,115345.0,1.0,121.0,6734.0,6.0,146.0,-22.0,-10.0,33.0,-220.0,118.0,-260.0,69.0,-160.0,-7372.0,-8192.0,-8192.0,331.97,-63.61994,35.30386,546.5204,-3515.892,1907.242,-24.60364,6.967273,-13.21818,-3598.834,-3997.882,-3997.291,,
2023,6.0,12.0,115345.0,1.0,122.0,6736.0,2.0,114.0,-77.0,23.0,46.0,-212.0,112.0,-251.0,62.0,-163.0,-7342.0,-8192.0,-8192.0,258.64,-175.7522,128.6011,754.9446,-3387.631,1811.046,-23.78546,6.330909,-13.49091,-3584.194,-3997.882,-3997.291,,
2023,6.0,12.0,115345.0,1.0,123.0,6740.0,4.0,-14.0,-142.0,-22.0,78.0,-211.0,122.0,-259.0,72.0,-161.0,-7283.0,-8192.0,-8192.0,-39.73399,-297.4798,136.0301,1267.989,-3371.598,1971.372,-24.51273,7.24,-13.30909,-3555.402,-3997.882,-3997.291,,
2023,6.0,12.0,115345.0,1.0,124.0,6742.0,2.0,-78.0,-132.0,-81.0,85.0,-217.0,130.0,-250.0,59.0,-151.0,-7252.0,-8192.0,-8192.0,-190.764,-269.39,57.27187,1380.217,-3467.794,2099.634,-23.69455,6.058182,-12.4,-3540.274,-3997.882,-3997.291,,
2023,6.0,12.0,115345.0,1.0,125.0,6744.0,2.0,-114.0,-96.0,-146.0,88.0,-234.0,144.0,-260.0,67.0,-143.0,-7193.0,-8192.0,-8192.0,-276.818,-189.7029,-54.45157,1428.315,-3740.349,2324.09,-24.60364,6.785455,-11.67273,-3511.482,-3997.882,-3997.291,,
2023,6.0,12.0,115345.0,1.0,126.0,6746.0,2.0,-118.0,-45.0,-202.0,82.0,-246.0,154.0,-259.0,61.0,-151.0,-7163.0,-8192.0,-8192.0,-288.098,-82.01974,-170.5277,1332.119,-3932.741,2484.417,-24.51273,6.24,-12.4,-3496.842,-3997.882,-3997.291,,
2023,6.0,12.0,115345.0,1.0,127.0,6748.0,2.0,-89.0,16.0,-234.0,67.0,-257.0,161.0,-261.0,62.0,-154.0,-7132.0,-8192.0,-8192.0,-222.411,42.54393,-265.6406,1091.63,-4109.1,2596.645,-24.69455,6.330909,-12.67273,-3481.714,-3997.882,-3997.291,,
2023,6.0,12.0,115345.0,1.0,128.0,6750.0,2.0,-31.0,61.0,-232.0,54.0,-256.0,160.0,-259.0,64.0,-151.0,-7104.0,-8192.0,-8192.0,-87.69299,130.5153,-306.6369,883.2056,-4093.067,2580.613,-24.51273,6.512728,-12.4,-3468.05,-3997.882,-3997.291,,
2023,6.0,12.0,115345.0,1.0,129.0,6752.0,2.0,41.0,83.0,-196.0,46.0,-250.0,155.0,-263.0,63.0,-163.0,-7078.0,-8192.0,-8192.0,80.843,168.6061,-285.2502,754.9446,-3996.871,2500.449,-24.87636,6.421818,-13.49091,-3455.362,-3997.882,-3997.291,,
2023,6.0,12.0,115345.0,1.0,130.0,6754.0,2.0,103.0,78.0,-142.0,35.0,-243.0,147.0,-268.0,74.0,-155.0,-7048.0,-8192.0,-8192.0,226.917,151.158,-216.762,578.5856,-3884.643,2372.188,-25.33091,7.421818,-12.76364,-3440.722,-3997.882,-3997.291,,
2023,6.0,12.0,115345.0,1.0,131.0,6756.0,2.0,143.0,44.0,-73.0,30.0,-230.0,132.0,-271.0,70.0,-161.0,-7016.0,-8192.0,-8192.0,322.199,75.07008,-101.4092,498.4225,-3676.219,2131.699,-25.60364,7.058182,-13.30909,-3425.106,-3997.882,-3997.291,,
2023,6.0,12.0,115345.0,1.0,132.0,6758.0,2.0,150.0,-9.0,-18.0,43.0,-217.0,119.0,-269.0,73.0,-162.0,-6985.0,-8192.0,-8192.0,340.818,-36.85884,13.80716,706.8467,-3467.794,1923.275,-25.42182,7.330909,-13.4,-3409.978,-3997.882,-3997.291,,
2023,6.0,12.0,115345.0,1.0,133.0,6760.0,2.0,123.0,-68.0,19.0,65.0,-214.0,117.0,-263.0,71.0,-155.0,-6954.0,-8192.0,-8192.0,279.555,-157.7394,114.508,1059.565,-3419.696,1891.209,-24.87636,7.149091,-12.76364,-3394.85,-3997.882,-3997.291,,
2023,6.0,12.0,115345.0,1.0,134.0,6762.0,2.0,70.0,-115.0,21.0,83.0,-215.0,123.0,-250.0,71.0,-149.0,-6921.0,-8192.0,-8192.0,156.752,-250.3662,161.5701,1348.152,-3435.729,1987.405,-23.69455,7.149091,-12.21818,-3378.746,-3997.882,-3997.291,,
2023,6.0,12.0,115345.0,1.0,135.0,6764.0,2.0,-1.0,-138.0,-11.0,96.0,-219.0,131.0,-251.0,82.0,-154.0,-6890.0,-8192.0,-8192.0,-9.476997,-290.7897,146.5362,1556.576,-3499.86,2115.666,-23.78546,8.149091,-12.67273,-3363.618,-3997.882,-3997.291,,
2023,6.0,12.0,115345.0,1.0,136.0,6766.0,2.0,-69.0,-136.0,-65.0,98.0,-230.0,140.0,-259.0,66.0,-169.0,-6858.0,-8192.0,-8192.0,-169.621,-279.0662,81.48824,1588.641,-3676.219,2259.96,-24.51273,6.694546,-14.03636,-3348.002,-3997.882,-3997.291,,
2023,6.0,12.0,115345.0,1.0,137.0,6770.0,4.0,-123.0,-53.0,-191.0,96.0,-242.0,159.0,-261.0,72.0,-151.0,-6793.0,-8192.0,-8192.0,-299.823,-98.64265,-147.6943,1556.576,-3868.61,2564.58,-24.69455,7.24,-12.4,-3316.282,-3997.882,-3997.291,,
2023,6.0,12.0,115345.0,1.0,138.0,6772.0,2.0,-102.0,5.0,-229.0,88.0,-252.0,168.0,-265.0,67.0,-150.0,-6762.0,-8192.0,-8192.0,-252.744,20.66042,-247.7733,1428.315,-4028.937,2708.874,-25.05818,6.785455,-12.30909,-3301.154,-3997.882,-3997.291,,
2023,6.0,12.0,115345.0,1.0,139.0,6774.0,2.0,-51.0,57.0,-233.0,70.0,-260.0,173.0,-273.0,71.0,-146.0,-6731.0,-8192.0,-8192.0,-135.011,123.7661,-300.6632,1139.728,-4157.197,2789.037,-25.78546,7.149091,-11.94545,-3286.026,-3997.882,-3997.291,,
2023,6.0,12.0,115345.0,1.0,140.0,6776.0,2.0,23.0,87.0,-208.0,57.0,-260.0,165.0,-267.0,75.0,-151.0,-6700.0,-8192.0,-8192.0,38.101,178.6871,-301.3932,931.3035,-4157.197,2660.776,-25.24,7.512728,-12.4,-3270.898,-3997.882,-3997.291,,
2023,6.0,12.0,115345.0,1.0,141.0,6778.0,2.0,91.0,85.0,-154.0,52.0,-255.0,153.0,-267.0,80.0,-149.0,-6669.0,-8192.0,-8192.0,198.245,166.9635,-236.3452,851.1404,-4077.034,2468.384,-25.24,7.967273,-12.21818,-3255.77,-3997.882,-3997.291,,
2023,6.0,12.0,115345.0,1.0,142.0,6780.0,2.0,138.0,57.0,-88.0,47.0,-245.0,143.0,-265.0,74.0,-155.0,-6636.0,-8192.0,-8192.0,309.866,102.8332,-131.1204,770.9772,-3916.708,2308.058,-25.05818,7.421818,-12.76364,-3239.666,-3997.882,-3997.291,,
2023,6.0,12.0,115345.0,1.0,143.0,6782.0,2.0,157.0,3.0,-29.0,53.0,-232.0,131.0,-262.0,83.0,-153.0,-6602.0,-8192.0,-8192.0,357.005,-12.18855,-12.17969,867.173,-3708.284,2115.666,-24.78546,8.24,-12.58182,-3223.074,-3997.882,-3997.291,,
2023,6.0,12.0,115345.0,1.0,144.0,6784.0,2.0,134.0,-55.0,11.0,69.0,-225.0,122.0,-263.0,79.0,-160.0,-6569.0,-8192.0,-8192.0,305.084,-131.462,91.33865,1123.695,-3596.055,1971.372,-24.87636,7.876364,-13.21818,-3206.97,-3997.882,-3997.291,,
2023,6.0,12.0,115345.0,1.0,145.0,6786.0,2.0,84.0,-108.0,24.0,90.0,-222.0,124.0,-265.0,74.0,-150.0,-6534.0,-8192.0,-8192.0,189.468,-237.1718,157.985,1460.38,-3547.958,2003.438,-25.05818,7.421818,-12.30909,-3189.89,-3997.882,-3997.291,,
2023,6.0,12.0,115345.0,1.0,146.0,6788.0,2.0,15.0,-138.0,1.0,106.0,-225.0,132.0,-262.0,82.0,-162.0,-6500.0,-8192.0,-8192.0,28.195,-292.5469,160.4817,1716.903,-3596.055,2131.699,-24.78546,8.149091,-13.4,-3173.298,-3997.882,-3997.291,,
2023,6.0,12.0,115345.0,1.0,147.0,6790.0,2.0,-56.0,-142.0,-49.0,108.0,-236.0,142.0,-261.0,74.0,-142.0,-6468.0,-8192.0,-8192.0,-138.794,-293.1115,106.0865,1748.968,-3772.414,2292.025,-24.69455,7.421818,-11.58182,-3157.682,-3997.882,-3997.291,,
2023,6.0,12.0,115345.0,1.0,148.0,6792.0,2.0,-107.0,-113.0,-114.0,106.0,-246.0,148.0,-263.0,75.0,-151.0,-6432.0,-8192.0,-8192.0,-260.061,-226.7127,2.629333,1716.903,-3932.741,2388.221,-24.87636,7.512728,-12.4,-3140.114,-3997.882,-3997.291,,
2023,6.0,12.0,115345.0,1.0,149.0,6794.0,2.0,-128.0,-65.0,-174.0,102.0,-252.0,157.0,-262.0,73.0,-149.0,-6398.0,-8192.0,-8192.0,-311.472,-123.7769,-113.301,1652.772,-4028.937,2532.515,-24.78546,7.330909,-12.21818,-3123.522,-3997.882,-3997.291,,
2023,6.0,12.0,115345.0,1.0,150.0,6796.0,2.0,-112.0,-6.0,-218.0,94.0,-261.0,163.0,-267.0,72.0,-146.0,-6365.0,-8192.0,-8192.0,-276.156,-1.756165,-221.7385,1524.511,-4173.23,2628.71,-25.24,7.24,-11.94545,-3107.418,-3997.882,-3997.291,,
2023,6.0,12.0,115345.0,1.0,151.0,6798.0,2.0,-66.0,52.0,-231.0,84.0,-269.0,167.0,-273.0,78.0,-146.0,-6330.0,-8192.0,-8192.0,-170.452,114.462,-290.7733,1364.185,-4301.491,2692.841,-25.78546,7.785455,-11.94545,-3090.338,-3997.882,-3997.291,,
2023,6.0,12.0,115345.0,1.0,152.0,6800.0,2.0,4.0,86.0,-212.0,70.0,-270.0,165.0,-272.0,78.0,-153.0,-6299.0,-8192.0,-8192.0,-6.947998,178.1708,-302.1072,1139.728,-4317.524,2660.776,-25.69455,7.785455,-12.58182,-3075.21,-3997.882,-3997.291,,
2023,6.0,12.0,115345.0,1.0,153.0,6802.0,2.0,76.0,92.0,-163.0,60.0,-265.0,159.0,-269.0,71.0,-141.0,-6265.0,-8192.0,-8192.0,162.31,182.8134,-250.7695,979.4014,-4237.361,2564.58,-25.42182,7.149091,-11.49091,-3058.618,-3997.882,-3997.291,,
2023,6.0,12.0,115345.0,1.0,154.0,6804.0,2.0,131.0,68.0,-103.0,52.0,-256.0,149.0,-272.0,78.0,-147.0,-6231.0,-8192.0,-8192.0,292.919,126.6417,-159.016,851.1404,-4093.067,2404.254,-25.69455,7.785455,-12.03636,-3042.026,-3997.882,-3997.291,,
2023,6.0,12.0,115345.0,1.0,155.0,6805.97,1.969697,154.0,17.0,-42.0,53.0,-243.0,137.0,-277.0,79.0,-160.0,-6197.0,-8192.0,-8192.0,349.286,17.37413,-40.0762,867.173,-3884.643,2211.862,-26.14909,7.876364,-13.21818,-3025.434,-3997.882,-3997.291,,
2023,6.0,12.0,115345.0,1.0,156.0,6808.0,2.030303,141.0,-43.0,4.0,69.0,-234.0,130.0,-270.0,87.0,-150.0,-6161.0,-8192.0,-8192.0,321.119,-107.0089,71.2747,1123.695,-3740.349,2099.634,-25.51273,8.603637,-12.30909,-3007.866,-3997.882,-3997.291,,
2023,6.0,12.0,115345.0,1.0,157.0,6810.0,2.0,96.0,-96.0,22.0,88.0,-231.0,130.0,-265.0,78.0,-154.0,-6125.0,-8192.0,-8192.0,217.228,-213.3356,144.1298,1428.315,-3692.251,2099.634,-25.05818,7.785455,-12.67273,-2990.298,-3997.882,-3997.291,,
2023,6.0,12.0,115345.0,1.0,158.0,6812.0,2.0,33.0,-136.0,7.0,105.0,-230.0,137.0,-265.0,81.0,-147.0,-6089.0,-8192.0,-8192.0,70.709,-290.0237,163.7272,1700.87,-3676.219,2211.862,-25.05818,8.058182,-12.03636,-2972.73,-3997.882,-3997.291,,
2023,6.0,12.0,115345.0,1.0,159.0,6814.0,2.0,-44.0,-142.0,-36.0,112.0,-239.0,146.0,-265.0,88.0,-148.0,-6053.0,-8192.0,-8192.0,-110.692,-294.6466,122.4685,1813.098,-3820.512,2356.156,-25.05818,8.694546,-12.12727,-2955.162,-3997.882,-3997.291,,
2023,6.0,12.0,115345.0,1.0,160.0,6816.0,2.0,-101.0,-121.0,-97.0,111.0,-250.0,153.0,-261.0,79.0,-144.0,-6018.0,-8192.0,-8192.0,-245.801,-244.4215,31.71872,1797.066,-3996.871,2468.384,-24.69455,7.876364,-11.76364,-2938.082,-3997.882,-3997.291,,
2023,6.0,12.0,115345.0,1.0,161.0,6818.0,2.0,-130.0,-75.0,-158.0,110.0,-257.0,160.0,-270.0,85.0,-144.0,-5981.0,-8192.0,-8192.0,-316.086,-144.9714,-82.44308,1781.033,-4109.1,2580.613,-25.51273,8.421818,-11.76364,-2920.026,-3997.882,-3997.291,,
2023,6.0,12.0,115345.0,1.0,162.0,6820.0,2.0,-122.0,-14.0,-203.0,108.0,-265.0,166.0,-267.0,77.0,-144.0,-5943.0,-8192.0,-8192.0,-299.948,-18.25075,-191.7874,1748.968,-4237.361,2676.808,-25.24,7.694546,-11.76364,-2901.482,-3997.882,-3997.291,,
2023,6.0,12.0,115345.0,1.0,163.0,6822.0,2.0,-79.0,47.0,-226.0,99.0,-274.0,171.0,-265.0,86.0,-142.0,-5910.0,-8192.0,-8192.0,-201.241,104.8569,-276.9191,1604.674,-4381.654,2756.971,-25.05818,8.512728,-11.58182,-2885.378,-3997.882,-3997.291,,
2023,6.0,12.0,115345.0,1.0,164.0,6824.0,2.0,-15.0,84.0,-215.0,86.0,-276.0,172.0,-272.0,83.0,-144.0,-5874.0,-8192.0,-8192.0,-51.959,175.5538,-300.6717,1396.25,-4413.72,2773.004,-25.69455,8.24,-11.76364,-2867.81,-3997.882,-3997.291,,
2023,6.0,12.0,115345.0,1.0,165.0,6826.0,2.0,58.0,98.0,-173.0,75.0,-274.0,168.0,-276.0,84.0,-153.0,-5840.0,-8192.0,-8192.0,119.34,196.8786,-265.2888,1219.891,-4381.654,2708.874,-26.05818,8.330909,-12.58182,-2851.218,-3997.882,-3997.291,,
2023,6.0,12.0,115345.0,1.0,166.0,6828.0,2.0,119.0,77.0,-117.0,64.0,-267.0,162.0,-276.0,82.0,-151.0,-5803.0,-8192.0,-8192.0,264.171,146.6486,-182.8984,1043.532,-4269.426,2612.678,-26.05818,8.149091,-12.4,-2833.162,-3997.882,-3997.291,,
2023,6.0,12.0,115345.0,1.0,167.0,6830.0,2.0,154.0,34.0,-54.0,59.0,-254.0,149.0,-276.0,87.0,-146.0,-5766.0,-8192.0,-8192.0,348.45,52.81441,-69.21544,963.3688,-4061.002,2404.254,-26.05818,8.603637,-11.94545,-2815.106,-3997.882,-3997.291,,
2023,6.0,12.0,115345.0,1.0,168.0,6832.0,2.0,149.0,-30.0,-5.0,70.0,-244.0,137.0,-273.0,90.0,-148.0,-5729.0,-8192.0,-8192.0,339.537,-80.46989,47.34148,1139.728,-3900.675,2211.862,-25.78546,8.876364,-12.12727,-2797.05,-3997.882,-3997.291,,
2023,6.0,12.0,115345.0,1.0,169.0,6834.0,2.0,111.0,-87.0,23.0,90.0,-242.0,135.0,-273.0,88.0,-155.0,-5692.0,-8192.0,-8192.0,252.251,-196.0089,136.0066,1460.38,-3868.61,2179.797,-25.78546,8.694546,-12.76364,-2778.994,-3997.882,-3997.291,,
2023,6.0,12.0,115345.0,1.0,170.0,6836.061,2.060606,44.0,-131.0,15.0,108.0,-242.0,140.0,-279.0,91.0,-147.0,-5654.0,-8192.0,-8192.0,96.238,-280.9862,169.6002,1748.968,-3868.61,2259.96,-26.33091,8.967273,-12.03636,-2760.45,-3997.882,-3997.291,,
2023,6.0,12.0,115345.0,1.0,171.0,6838.0,1.939394,-27.0,-145.0,-22.0,119.0,-247.0,148.0,-267.0,95.0,-144.0,-5615.0,-8192.0,-8192.0,-70.485,-302.7206,141.143,1925.327,-3948.773,2388.221,-25.24,9.33091,-11.76364,-2741.418,-3997.882,-3997.291,,
2023,6.0,12.0,115345.0,1.0,172.0,6840.0,2.0,-93.0,-127.0,-79.0,121.0,-259.0,155.0,-263.0,83.0,-144.0,-5577.0,-8192.0,-8192.0,-226.965,-258.23,60.47319,1957.392,-4141.165,2500.449,-24.87636,8.24,-11.76364,-2722.874,-3997.882,-3997.291,,
2023,6.0,12.0,115345.0,1.0,173.0,6842.0,2.0,-129.0,-83.0,-138.0,119.0,-267.0,162.0,-267.0,88.0,-143.0,-5540.0,-8192.0,-8192.0,-313.855,-162.4975,-47.71686,1925.327,-4269.426,2612.678,-25.24,8.694546,-11.67273,-2704.818,-3997.882,-3997.291,,
[2023/06/12 11:56:22],,,,,,,,,,,,,,,,,,,,,,,,,,,,,,,,,
== yy0 ==============,,,,,,,,,,,,,,,,,,,,,,,,,,,,,,,,,
2023,6.0,12.0,115622.0,0.0,32.0,622.0,20.0,-139.0,60.0,26.0,31.0,-9.0,-54.0,11.0,-3.0,-15.0,2.0,0.0,0.0,-354.785,121.924,101.8627,514.4551,-133.0067,-850.3708,0.03272712,0.4218182,-0.03636384,-0.3220789,-0.18544,0.4050401,,
2023,6.0,12.0,115622.0,0.0,33.0,642.0,20.0,-141.0,59.0,22.0,31.0,-9.0,-53.0,14.0,-1.0,-18.0,2.0,0.0,-1.0,-359.323,120.2329,97.08655,514.4551,-133.0067,-834.3382,0.3054544,0.6036364,-0.3090911,-0.3220789,-0.18544,-0.08295995,,
2023,6.0,12.0,115622.0,0.0,34.0,662.0,20.0,-141.0,61.0,23.0,31.0,-9.0,-54.0,16.0,-6.0,-12.0,3.0,0.0,-1.0,-359.513,124.2715,97.22955,514.4551,-133.0067,-850.3708,0.4872726,0.1490909,0.2363634,0.1659211,-0.18544,-0.08295995,,
2023,6.0,12.0,115622.0,0.0,35.0,682.0,20.0,-139.0,59.0,26.0,31.0,-9.0,-53.0,11.0,-6.0,-16.0,3.0,1.0,0.0,-354.709,119.8776,102.5315,514.4551,-133.0067,-834.3382,0.03272712,0.1490909,-0.127273,0.1659211,0.30256,0.4050401,,
2023,6.0,12.0,115622.0,0.0,36.0,702.0,20.0,-139.0,62.0,23.0,31.0,-9.0,-54.0,10.0,-6.0,-12.0,3.0,0.0,-1.0,-354.823,126.1797,96.08278,514.4551,-133.0067,-850.3708,-0.05818194,0.1490909,0.2363634,0.1659211,-0.18544,-0.08295995,,
2023,6.0,12.0,115622.0,0.0,37.0,722.0,20.0,-140.0,61.0,24.0,31.0,-9.0,-53.0,7.0,-3.0,-11.0,2.0,0.0,0.0,-357.168,124.148,98.47131,514.4551,-133.0067,-834.3382,-0.3309093,0.4218182,0.3272725,-0.3220789,-0.18544,0.4050401,,
2023,6.0,12.0,115622.0,0.0,38.0,742.0,20.0,-138.0,60.0,26.0,31.0,-9.0,-54.0,11.0,-4.0,-9.0,3.0,1.0,0.0,-352.402,121.8549,101.6237,514.4551,-133.0067,-850.3708,0.03272712,0.3309091,0.5090907,0.1659211,0.30256,0.4050401,,
2023,6.0,12.0,115622.0,0.0,39.0,762.0,20.0,-142.0,59.0,25.0,31.0,-9.0,-54.0,9.0,0.0,-18.0,1.0,0.0,-1.0,-361.82,120.1392,101.7676,514.4551,-133.0067,-850.3708,-0.1490911,0.6945455,-0.3090911,-0.8100789,-0.18544,-0.08295995,,
2023,6.0,12.0,115622.0,0.0,40.0,782.0,20.0,-141.0,59.0,23.0,31.0,-10.0,-53.0,11.0,-2.0,-19.0,3.0,0.0,-2.0,-359.361,120.1787,98.56726,514.4551,-149.0394,-834.3382,0.03272712,0.5127273,-0.4000002,0.1659211,-0.18544,-0.5709599,,
2023,6.0,12.0,115622.0,0.0,41.0,802.0,20.0,-141.0,58.0,23.0,31.0,-9.0,-54.0,8.0,-7.0,-14.0,2.0,1.0,-2.0,-359.285,118.1323,99.23612,514.4551,-133.0067,-850.3708,-0.2400001,0.05818188,0.05454528,-0.3220789,0.30256,-0.5709599,,
2023,6.0,12.0,115622.0,0.0,42.0,822.0,20.0,-142.0,59.0,26.0,31.0,-9.0,-54.0,12.0,-12.0,-11.0,2.0,1.0,-2.0,-361.858,120.0849,103.2484,514.4551,-133.0067,-850.3708,0.1236362,-0.3963636,0.3272725,-0.3220789,0.30256,-0.5709599,,
2023,6.0,12.0,115622.0,0.0,43.0,842.0,20.0,-138.0,59.0,24.0,31.0,-9.0,-54.0,11.0,-3.0,-19.0,3.0,0.0,-1.0,-352.25,119.9171,99.33114,514.4551,-133.0067,-850.3708,0.03272712,0.4218182,-0.4000002,0.1659211,-0.18544,-0.08295995,,
2023,6.0,12.0,115622.0,0.0,44.0,862.0,20.0,-140.0,58.0,23.0,31.0,-9.0,-53.0,10.0,-11.0,-12.0,3.0,1.0,-1.0,-356.902,118.0631,98.99718,514.4551,-133.0067,-834.3382,-0.05818194,-0.3054545,0.2363634,0.1659211,0.30256,-0.08295995,,
2023,6.0,12.0,115622.0,0.0,45.0,882.0,20.0,-141.0,58.0,23.0,31.0,-9.0,-53.0,11.0,-11.0,-16.0,3.0,0.0,-1.0,-359.285,118.1323,99.23612,514.4551,-133.0067,-834.3382,0.03272712,-0.3054545,-0.127273,0.1659211,-0.18544,-0.08295995,,
2023,6.0,12.0,115622.0,0.0,46.0,902.0,20.0,-140.0,61.0,23.0,31.0,-9.0,-53.0,10.0,-6.0,-13.0,2.0,0.0,-1.0,-357.13,124.2024,96.9906,514.4551,-133.0067,-834.3382,-0.05818194,0.1490909,0.1454544,-0.3220789,-0.18544,-0.08295995,,
2023,6.0,12.0,115622.0,0.0,47.0,922.0,20.0,-139.0,58.0,22.0,31.0,-9.0,-53.0,2.0,-9.0,-15.0,2.0,1.0,-1.0,-354.481,118.0484,97.27752,514.4551,-133.0067,-834.3382,-0.7854547,-0.1236363,-0.03636384,-0.3220789,0.30256,-0.08295995,,
2023,6.0,12.0,115622.0,0.0,48.0,942.0,20.0,-139.0,57.0,25.0,31.0,-9.0,-54.0,8.0,-10.0,-14.0,3.0,0.0,-1.0,-354.519,115.8391,102.3885,514.4551,-133.0067,-850.3708,-0.2400001,-0.2145454,0.05454528,0.1659211,-0.18544,-0.08295995,,
2023,6.0,12.0,115622.0,0.0,49.0,962.0,20.0,-140.0,59.0,24.0,31.0,-9.0,-54.0,13.0,-7.0,-13.0,2.0,1.0,-1.0,-357.016,120.0553,99.80903,514.4551,-133.0067,-850.3708,0.2145452,0.05818188,0.1454544,-0.3220789,0.30256,-0.08295995,,
2023,6.0,12.0,115622.0,0.0,50.0,982.0,20.0,-140.0,59.0,24.0,31.0,-9.0,-54.0,2.0,-8.0,-12.0,3.0,0.0,0.0,-357.016,120.0553,99.80903,514.4551,-133.0067,-850.3708,-0.7854547,-0.03272724,0.2363634,0.1659211,-0.18544,0.4050401,,
2023,6.0,12.0,115622.0,0.0,51.0,1002.0,20.0,-142.0,58.0,24.0,31.0,-9.0,-54.0,10.0,-10.0,-9.0,2.0,0.0,-1.0,-361.706,118.1471,100.9558,514.4551,-133.0067,-850.3708,-0.05818194,-0.2145454,0.5090907,-0.3220789,-0.18544,-0.08295995,,
2023,6.0,12.0,115622.0,0.0,52.0,1022.0,20.0,-140.0,59.0,22.0,31.0,-9.0,-54.0,10.0,4.0,-16.0,2.0,1.0,-1.0,-356.94,120.1638,96.8476,514.4551,-133.0067,-850.3708,-0.05818194,1.058182,-0.127273,-0.3220789,0.30256,-0.08295995,,
2023,6.0,12.0,115622.0,0.0,53.0,1042.0,20.0,-139.0,59.0,24.0,31.0,-9.0,-54.0,12.0,-9.0,-8.0,3.0,1.0,-1.0,-354.633,119.9861,99.57008,514.4551,-133.0067,-850.3708,0.1236362,-0.1236363,0.5999998,0.1659211,0.30256,-0.08295995,,
2023,6.0,12.0,115622.0,0.0,54.0,1062.0,20.0,-139.0,58.0,23.0,31.0,-9.0,-53.0,14.0,-11.0,-10.0,3.0,1.0,0.0,-354.519,117.9941,98.75824,514.4551,-133.0067,-834.3382,0.3054544,-0.3054545,0.4181816,0.1659211,0.30256,0.4050401,,
2023,6.0,12.0,115622.0,0.0,55.0,1082.0,20.0,-142.0,59.0,22.0,31.0,-9.0,-54.0,9.0,-5.0,-11.0,3.0,0.0,0.0,-361.706,120.3021,97.32549,514.4551,-133.0067,-850.3708,-0.1490911,0.24,0.3272725,0.1659211,-0.18544,0.4050401,,
2023,6.0,12.0,115622.0,0.0,56.0,1102.0,20.0,-142.0,60.0,23.0,31.0,-9.0,-54.0,10.0,-8.0,-5.0,3.0,0.0,-1.0,-361.82,122.2942,98.13734,514.4551,-133.0067,-850.3708,-0.05818194,-0.03272724,0.872727,0.1659211,-0.18544,-0.08295995,,
2023,6.0,12.0,115622.0,0.0,57.0,1122.0,20.0,-138.0,59.0,23.0,31.0,-9.0,-54.0,12.0,-17.0,-7.0,3.0,0.0,-1.0,-352.212,119.9714,97.85042,514.4551,-133.0067,-850.3708,0.1236362,-0.850909,0.6909089,0.1659211,-0.18544,-0.08295995,,
2023,6.0,12.0,115622.0,0.0,58.0,1142.0,20.0,-141.0,60.0,24.0,31.0,-9.0,-54.0,6.0,-12.0,-12.0,3.0,1.0,-1.0,-359.475,122.1708,99.37911,514.4551,-133.0067,-850.3708,-0.4218183,-0.3963636,0.2363634,0.1659211,0.30256,-0.08295995,,
2023,6.0,12.0,115622.0,0.0,59.0,1162.0,20.0,-142.0,60.0,25.0,31.0,-9.0,-53.0,9.0,-5.0,-6.0,3.0,0.0,-1.0,-361.896,122.1855,101.0988,514.4551,-133.0067,-834.3382,-0.1490911,0.24,0.781818,0.1659211,-0.18544,-0.08295995,,
2023,6.0,12.0,115622.0,0.0,60.0,1182.0,20.0,-139.0,59.0,24.0,31.0,-9.0,-54.0,11.0,-12.0,-16.0,2.0,0.0,-1.0,-354.633,119.9861,99.57008,514.4551,-133.0067,-850.3708,0.03272712,-0.3963636,-0.127273,-0.3220789,-0.18544,-0.08295995,,
2023,6.0,12.0,115622.0,0.0,61.0,1202.0,20.0,-139.0,60.0,22.0,31.0,-9.0,-54.0,9.0,-11.0,-20.0,3.0,-1.0,-1.0,-354.633,122.1412,95.9398,514.4551,-133.0067,-850.3708,-0.1490911,-0.3054545,-0.4909093,0.1659211,-0.67344,-0.08295995,,
2023,6.0,12.0,115622.0,0.0,62.0,1222.0,20.0,-140.0,59.0,23.0,31.0,-9.0,-53.0,10.0,-9.0,-13.0,3.0,0.0,-1.0,-356.978,120.1096,98.32832,514.4551,-133.0067,-834.3382,-0.05818194,-0.1236363,0.1454544,0.1659211,-0.18544,-0.08295995,,
2023,6.0,12.0,115622.0,0.0,63.0,1242.0,20.0,-140.0,61.0,25.0,31.0,-9.0,-54.0,17.0,-9.0,-14.0,2.0,0.0,-1.0,-357.206,124.0938,99.95203,514.4551,-133.0067,-850.3708,0.5781816,-0.1236363,0.05454528,-0.3220789,-0.18544,-0.08295995,,
2023,6.0,12.0,115622.0,0.0,64.0,1262.0,20.0,-139.0,60.0,24.0,31.0,-10.0,-54.0,15.0,-8.0,-13.0,3.0,0.0,-1.0,-354.709,122.0325,98.90122,514.4551,-149.0394,-850.3708,0.3963635,-0.03272724,0.1454544,0.1659211,-0.18544,-0.08295995,,
2023,6.0,12.0,115622.0,0.0,65.0,1282.0,20.0,-139.0,57.0,25.0,31.0,-9.0,-54.0,8.0,-1.0,-19.0,2.0,1.0,-1.0,-354.519,115.8391,102.3885,514.4551,-133.0067,-850.3708,-0.2400001,0.6036364,-0.4000002,-0.3220789,0.30256,-0.08295995,,
2023,6.0,12.0,115622.0,0.0,66.0,1302.0,20.0,-140.0,60.0,23.0,31.0,-9.0,-54.0,13.0,-12.0,-17.0,3.0,1.0,-1.0,-357.054,122.1559,97.65946,514.4551,-133.0067,-850.3708,0.2145452,-0.3963636,-0.218182,0.1659211,0.30256,-0.08295995,,
2023,6.0,12.0,115622.0,0.0,67.0,1322.0,20.0,-140.0,60.0,24.0,32.0,-9.0,-54.0,13.0,-6.0,-23.0,3.0,0.0,-1.0,-357.092,122.1017,99.14017,530.4877,-133.0067,-850.3708,0.2145452,0.1490909,-0.7636365,0.1659211,-0.18544,-0.08295995,,
2023,6.0,12.0,115622.0,0.0,68.0,1342.0,20.0,-140.0,59.0,25.0,31.0,-9.0,-53.0,15.0,-14.0,-20.0,3.0,1.0,-1.0,-357.054,120.001,101.2897,514.4551,-133.0067,-834.3382,0.3963635,-0.5781817,-0.4909093,0.1659211,0.30256,-0.08295995,,
2023,6.0,12.0,115622.0,0.0,69.0,1362.0,20.0,-139.0,61.0,23.0,31.0,-9.0,-54.0,6.0,-5.0,-18.0,2.0,1.0,-1.0,-354.747,124.1333,96.75165,514.4551,-133.0067,-850.3708,-0.4218183,0.24,-0.3090911,-0.3220789,0.30256,-0.08295995,,
2023,6.0,12.0,115622.0,0.0,70.0,1382.0,20.0,-142.0,58.0,23.0,31.0,-9.0,-54.0,3.0,-5.0,-13.0,3.0,0.0,0.0,-361.668,118.2014,99.47507,514.4551,-133.0067,-850.3708,-0.6945456,0.24,0.1454544,0.1659211,-0.18544,0.4050401,,
2023,6.0,12.0,115622.0,0.0,71.0,1402.0,20.0,-141.0,56.0,22.0,31.0,-9.0,-53.0,14.0,-12.0,-17.0,3.0,0.0,-1.0,-359.095,114.0938,99.09312,514.4551,-133.0067,-834.3382,0.3054544,-0.3963636,-0.218182,0.1659211,-0.18544,-0.08295995,,
2023,6.0,12.0,115622.0,0.0,72.0,1422.0,20.0,-139.0,60.0,25.0,31.0,-9.0,-54.0,12.0,-16.0,-23.0,2.0,1.0,0.0,-354.747,121.9783,100.3819,514.4551,-133.0067,-850.3708,0.1236362,-0.76,-0.7636365,-0.3220789,0.30256,0.4050401,,
2023,6.0,12.0,115622.0,0.0,73.0,1442.0,20.0,-141.0,57.0,24.0,31.0,-9.0,-53.0,13.0,-10.0,-9.0,3.0,0.0,-1.0,-359.247,116.0316,101.3857,514.4551,-133.0067,-834.3382,0.2145452,-0.2145454,0.5090907,0.1659211,-0.18544,-0.08295995,,
2023,6.0,12.0,115622.0,0.0,74.0,1462.0,20.0,-139.0,59.0,22.0,31.0,-9.0,-53.0,14.0,-8.0,-13.0,3.0,0.0,-1.0,-354.557,120.0948,96.60866,514.4551,-133.0067,-834.3382,0.3054544,-0.03272724,0.1454544,0.1659211,-0.18544,-0.08295995,,
2023,6.0,12.0,115622.0,0.0,75.0,1482.0,20.0,-139.0,59.0,24.0,31.0,-9.0,-54.0,6.0,-10.0,-25.0,3.0,1.0,-1.0,-354.633,119.9861,99.57008,514.4551,-133.0067,-850.3708,-0.4218183,-0.2145454,-0.9454547,0.1659211,0.30256,-0.08295995,,
2023,6.0,12.0,115622.0,0.0,76.0,1502.0,20.0,-140.0,59.0,24.0,31.0,-9.0,-53.0,12.0,-6.0,-17.0,2.0,0.0,-1.0,-357.016,120.0553,99.80903,514.4551,-133.0067,-834.3382,0.1236362,0.1490909,-0.218182,-0.3220789,-0.18544,-0.08295995,,
2023,6.0,12.0,115622.0,0.0,77.0,1522.0,20.0,-142.0,60.0,26.0,31.0,-9.0,-54.0,8.0,-9.0,-14.0,3.0,0.0,-1.0,-361.934,122.1313,102.5795,514.4551,-133.0067,-850.3708,-0.2400001,-0.1236363,0.05454528,0.1659211,-0.18544,-0.08295995,,
2023,6.0,12.0,115622.0,0.0,78.0,1542.0,20.0,-140.0,60.0,23.0,31.0,-9.0,-54.0,10.0,-17.0,-12.0,3.0,0.0,-1.0,-357.054,122.1559,97.65946,514.4551,-133.0067,-850.3708,-0.05818194,-0.850909,0.2363634,0.1659211,-0.18544,-0.08295995,,
2023,6.0,12.0,115622.0,0.0,79.0,1562.0,20.0,-141.0,59.0,24.0,31.0,-9.0,-54.0,10.0,-4.0,-12.0,3.0,1.0,-1.0,-359.399,120.1244,100.048,514.4551,-133.0067,-850.3708,-0.05818194,0.3309091,0.2363634,0.1659211,0.30256,-0.08295995,,
2023,6.0,12.0,115622.0,0.0,80.0,1582.0,20.0,-139.0,60.0,22.0,31.0,-9.0,-54.0,14.0,-15.0,-20.0,3.0,0.0,-1.0,-354.633,122.1412,95.9398,514.4551,-133.0067,-850.3708,0.3054544,-0.6690909,-0.4909093,0.1659211,-0.18544,-0.08295995,,
2023,6.0,12.0,115622.0,0.0,81.0,1602.0,20.0,-142.0,59.0,23.0,31.0,-9.0,-54.0,14.0,-2.0,-13.0,3.0,1.0,-1.0,-361.744,120.2478,98.80621,514.4551,-133.0067,-850.3708,0.3054544,0.5127273,0.1454544,0.1659211,0.30256,-0.08295995,,
2023,6.0,12.0,115622.0,0.0,82.0,1622.0,20.0,-142.0,60.0,24.0,31.0,-9.0,-54.0,14.0,-5.0,-16.0,3.0,0.0,-1.0,-361.858,122.2399,99.61807,514.4551,-133.0067,-850.3708,0.3054544,0.24,-0.127273,0.1659211,-0.18544,-0.08295995,,
2023,6.0,12.0,115622.0,0.0,83.0,1642.0,20.0,-140.0,60.0,23.0,31.0,-9.0,-54.0,17.0,-10.0,-24.0,2.0,0.0,-1.0,-357.054,122.1559,97.65946,514.4551,-133.0067,-850.3708,0.5781816,-0.2145454,-0.8545457,-0.3220789,-0.18544,-0.08295995,,
2023,6.0,12.0,115622.0,0.0,84.0,1662.0,20.0,-141.0,60.0,24.0,31.0,-9.0,-54.0,8.0,-11.0,-6.0,3.0,0.0,0.0,-359.475,122.1708,99.37911,514.4551,-133.0067,-850.3708,-0.2400001,-0.3054545,0.781818,0.1659211,-0.18544,0.4050401,,
2023,6.0,12.0,115622.0,0.0,85.0,1682.0,20.0,-141.0,60.0,23.0,31.0,-9.0,-54.0,13.0,-6.0,-16.0,3.0,1.0,-1.0,-359.437,122.2251,97.8984,514.4551,-133.0067,-850.3708,0.2145452,0.1490909,-0.127273,0.1659211,0.30256,-0.08295995,,
2023,6.0,12.0,115622.0,0.0,86.0,1702.0,20.0,-138.0,61.0,23.0,31.0,-9.0,-54.0,13.0,-6.0,-20.0,3.0,1.0,0.0,-352.364,124.0642,96.5127,514.4551,-133.0067,-850.3708,0.2145452,0.1490909,-0.4909093,0.1659211,0.30256,0.4050401,,
2023,6.0,12.0,115622.0,0.0,87.0,1722.0,20.0,-139.0,58.0,24.0,31.0,-9.0,-54.0,7.0,-10.0,-13.0,3.0,1.0,0.0,-354.557,117.9398,100.2389,514.4551,-133.0067,-850.3708,-0.3309093,-0.2145454,0.1454544,0.1659211,0.30256,0.4050401,,
2023,6.0,12.0,115622.0,0.0,88.0,1742.0,20.0,-140.0,60.0,23.0,31.0,-9.0,-54.0,10.0,-5.0,-24.0,3.0,0.0,-1.0,-357.054,122.1559,97.65946,514.4551,-133.0067,-850.3708,-0.05818194,0.24,-0.8545457,0.1659211,-0.18544,-0.08295995,,
2023,6.0,12.0,115622.0,0.0,89.0,1762.0,20.0,-139.0,59.0,22.0,31.0,-9.0,-54.0,12.0,-6.0,-9.0,3.0,0.0,-1.0,-354.557,120.0948,96.60866,514.4551,-133.0067,-850.3708,0.1236362,0.1490909,0.5090907,0.1659211,-0.18544,-0.08295995,,
2023,6.0,12.0,115622.0,0.0,90.0,1782.0,20.0,-140.0,60.0,24.0,31.0,-9.0,-54.0,13.0,-7.0,-16.0,3.0,1.0,-1.0,-357.092,122.1017,99.14017,514.4551,-133.0067,-850.3708,0.2145452,0.05818188,-0.127273,0.1659211,0.30256,-0.08295995,,
2023,6.0,12.0,115622.0,0.0,91.0,1802.0,20.0,-140.0,59.0,25.0,32.0,-9.0,-54.0,13.0,-1.0,-19.0,2.0,1.0,-1.0,-357.054,120.001,101.2897,530.4877,-133.0067,-850.3708,0.2145452,0.6036364,-0.4000002,-0.3220789,0.30256,-0.08295995,,
2023,6.0,12.0,115622.0,0.0,92.0,1822.0,20.0,-140.0,57.0,24.0,31.0,-9.0,-54.0,8.0,-1.0,-11.0,3.0,0.0,0.0,-356.864,115.9625,101.1468,514.4551,-133.0067,-850.3708,-0.2400001,0.6036364,0.3272725,0.1659211,-0.18544,0.4050401,,
2023,6.0,12.0,115622.0,0.0,93.0,1842.0,20.0,-138.0,60.0,24.0,31.0,-9.0,-54.0,14.0,-7.0,-18.0,3.0,0.0,-1.0,-352.326,121.9634,98.66228,514.4551,-133.0067,-850.3708,0.3054544,0.05818188,-0.3090911,0.1659211,-0.18544,-0.08295995,,
2023,6.0,12.0,115622.0,0.0,94.0,1862.0,20.0,-140.0,58.0,23.0,31.0,-9.0,-54.0,15.0,-15.0,-12.0,3.0,1.0,-1.0,-356.902,118.0631,98.99718,514.4551,-133.0067,-850.3708,0.3963635,-0.6690909,0.2363634,0.1659211,0.30256,-0.08295995,,
2023,6.0,12.0,115622.0,0.0,95.0,1882.0,20.0,-141.0,58.0,24.0,31.0,-9.0,-54.0,10.0,-11.0,-18.0,3.0,1.0,-1.0,-359.323,118.078,100.7169,514.4551,-133.0067,-850.3708,-0.05818194,-0.3054545,-0.3090911,0.1659211,0.30256,-0.08295995,,
2023,6.0,12.0,115622.0,0.0,96.0,1902.0,20.0,-139.0,58.0,25.0,31.0,-9.0,-54.0,12.0,-10.0,-14.0,3.0,0.0,-1.0,-354.595,117.8855,101.7197,514.4551,-133.0067,-850.3708,0.1236362,-0.2145454,0.05454528,0.1659211,-0.18544,-0.08295995,,
2023,6.0,12.0,115622.0,0.0,97.0,1922.0,20.0,-139.0,58.0,21.0,31.0,-9.0,-54.0,11.0,-4.0,-20.0,3.0,0.0,-1.0,-354.443,118.1027,95.7968,514.4551,-133.0067,-850.3708,0.03272712,0.3309091,-0.4909093,0.1659211,-0.18544,-0.08295995,,
2023,6.0,12.0,115622.0,0.0,98.0,1942.0,20.0,-142.0,60.0,20.0,31.0,-10.0,-53.0,12.0,-2.0,-16.0,3.0,1.0,0.0,-361.706,122.457,93.69521,514.4551,-149.0394,-834.3382,0.1236362,0.5127273,-0.127273,0.1659211,0.30256,0.4050401,,
2023,6.0,12.0,115622.0,0.0,99.0,1962.0,20.0,-140.0,59.0,23.0,31.0,-9.0,-54.0,12.0,-11.0,-6.0,3.0,0.0,-1.0,-356.978,120.1096,98.32832,514.4551,-133.0067,-850.3708,0.1236362,-0.3054545,0.781818,0.1659211,-0.18544,-0.08295995,,
2023,6.0,12.0,115622.0,0.0,100.0,1982.0,20.0,-142.0,56.0,24.0,31.0,-9.0,-54.0,6.0,-9.0,-14.0,3.0,1.0,-1.0,-361.554,114.0543,102.2935,514.4551,-133.0067,-850.3708,-0.4218183,-0.1236363,0.05454528,0.1659211,0.30256,-0.08295995,,
2023,6.0,12.0,115622.0,0.0,101.0,2002.0,20.0,-141.0,59.0,24.0,31.0,-9.0,-54.0,17.0,-17.0,-18.0,2.0,0.0,0.0,-359.399,120.1244,100.048,514.4551,-133.0067,-850.3708,0.5781816,-0.850909,-0.3090911,-0.3220789,-0.18544,0.4050401,,
2023,6.0,12.0,115622.0,0.0,102.0,2022.0,20.0,-138.0,57.0,24.0,31.0,-9.0,-53.0,9.0,-9.0,-16.0,2.0,1.0,-1.0,-352.098,115.8243,100.6689,514.4551,-133.0067,-834.3382,-0.1490911,-0.1236363,-0.127273,-0.3220789,0.30256,-0.08295995,,
2023,6.0,12.0,115622.0,0.0,103.0,2042.0,20.0,-140.0,58.0,24.0,31.0,-9.0,-54.0,8.0,-9.0,-22.0,2.0,0.0,-1.0,-356.94,118.0089,100.4779,514.4551,-133.0067,-850.3708,-0.2400001,-0.1236363,-0.6727275,-0.3220789,-0.18544,-0.08295995,,
2023,6.0,12.0,115622.0,0.0,104.0,2062.0,20.0,-140.0,57.0,23.0,31.0,-9.0,-54.0,11.0,-5.0,-9.0,3.0,1.0,-1.0,-356.826,116.0168,99.66604,514.4551,-133.0067,-850.3708,0.03272712,0.24,0.5090907,0.1659211,0.30256,-0.08295995,,
2023,6.0,12.0,115622.0,0.0,105.0,2082.0,20.0,-140.0,58.0,20.0,31.0,-9.0,-54.0,19.0,-12.0,-23.0,3.0,0.0,0.0,-356.788,118.2261,94.55503,514.4551,-133.0067,-850.3708,0.7599999,-0.3963636,-0.7636365,0.1659211,-0.18544,0.4050401,,
2023,6.0,12.0,115622.0,0.0,106.0,2102.0,20.0,-139.0,61.0,23.0,31.0,-9.0,-54.0,10.0,-10.0,-14.0,3.0,1.0,-2.0,-354.747,124.1333,96.75165,514.4551,-133.0067,-850.3708,-0.05818194,-0.2145454,0.05454528,0.1659211,0.30256,-0.5709599,,
2023,6.0,12.0,115622.0,0.0,107.0,2122.0,20.0,-141.0,60.0,21.0,31.0,-9.0,-54.0,14.0,-10.0,-24.0,2.0,0.0,-1.0,-359.361,122.3336,94.93697,514.4551,-133.0067,-850.3708,0.3054544,-0.2145454,-0.8545457,-0.3220789,-0.18544,-0.08295995,,
2023,6.0,12.0,115622.0,0.0,108.0,2142.0,20.0,-143.0,58.0,23.0,31.0,-9.0,-54.0,5.0,-6.0,-16.0,2.0,1.0,-1.0,-364.051,118.2705,99.71401,514.4551,-133.0067,-850.3708,-0.5127274,0.1490909,-0.127273,-0.3220789,0.30256,-0.08295995,,
2023,6.0,12.0,115622.0,0.0,109.0,2162.0,20.0,-141.0,58.0,25.0,31.0,-9.0,-54.0,8.0,-4.0,-14.0,2.0,0.0,-1.0,-359.361,118.0237,102.1975,514.4551,-133.0067,-850.3708,-0.2400001,0.3309091,0.05454528,-0.3220789,-0.18544,-0.08295995,,
2023,6.0,12.0,115622.0,0.0,110.0,2182.0,20.0,-141.0,58.0,24.0,31.0,-9.0,-54.0,11.0,-6.0,-16.0,2.0,1.0,-1.0,-359.323,118.078,100.7169,514.4551,-133.0067,-850.3708,0.03272712,0.1490909,-0.127273,-0.3220789,0.30256,-0.08295995,,
2023,6.0,12.0,115622.0,0.0,111.0,2202.0,20.0,-143.0,60.0,22.0,31.0,-9.0,-54.0,6.0,-2.0,-8.0,3.0,0.0,0.0,-364.165,122.4176,96.89557,514.4551,-133.0067,-850.3708,-0.4218183,0.5127273,0.5999998,0.1659211,-0.18544,0.4050401,,
2023,6.0,12.0,115622.0,0.0,112.0,2222.0,20.0,-141.0,59.0,23.0,31.0,-9.0,-54.0,11.0,-9.0,-7.0,2.0,1.0,-1.0,-359.361,120.1787,98.56726,514.4551,-133.0067,-850.3708,0.03272712,-0.1236363,0.6909089,-0.3220789,0.30256,-0.08295995,,
2023,6.0,12.0,115622.0,0.0,113.0,2241.97,19.9697,-139.0,61.0,24.0,31.0,-9.0,-54.0,13.0,-12.0,-16.0,3.0,0.0,-1.0,-354.785,124.0789,98.23236,514.4551,-133.0067,-850.3708,0.2145452,-0.3963636,-0.127273,0.1659211,-0.18544,-0.08295995,,
2023,6.0,12.0,115622.0,0.0,114.0,2262.0,20.0303,-140.0,59.0,22.0,31.0,-9.0,-54.0,17.0,-1.0,-16.0,3.0,1.0,-1.0,-356.94,120.1638,96.8476,514.4551,-133.0067,-850.3708,0.5781816,0.6036364,-0.127273,0.1659211,0.30256,-0.08295995,,
2023,6.0,12.0,115622.0,0.0,115.0,2282.0,20.0,-141.0,56.0,24.0,31.0,-9.0,-54.0,4.0,-10.0,-18.0,3.0,0.0,-1.0,-359.171,113.9852,102.0546,514.4551,-133.0067,-850.3708,-0.6036365,-0.2145454,-0.3090911,0.1659211,-0.18544,-0.08295995,,
2023,6.0,12.0,115622.0,0.0,116.0,2301.97,19.9697,-141.0,57.0,23.0,31.0,-9.0,-54.0,2.0,-5.0,-12.0,3.0,0.0,0.0,-359.209,116.0859,99.90498,514.4551,-133.0067,-850.3708,-0.7854547,0.24,0.2363634,0.1659211,-0.18544,0.4050401,,
2023,6.0,12.0,115622.0,0.0,117.0,2322.0,20.0303,-141.0,59.0,22.0,31.0,-9.0,-54.0,10.0,-2.0,-9.0,2.0,1.0,-1.0,-359.323,120.2329,97.08655,514.4551,-133.0067,-850.3708,-0.05818194,0.5127273,0.5090907,-0.3220789,0.30256,-0.08295995,,
2023,6.0,12.0,115622.0,0.0,118.0,2342.0,20.0,-141.0,58.0,23.0,31.0,-9.0,-54.0,9.0,-16.0,-11.0,3.0,1.0,-1.0,-359.285,118.1323,99.23612,514.4551,-133.0067,-850.3708,-0.1490911,-0.76,0.3272725,0.1659211,0.30256,-0.08295995,,
2023,6.0,12.0,115622.0,0.0,119.0,2362.0,20.0,-143.0,58.0,22.0,31.0,-9.0,-54.0,11.0,-4.0,-8.0,3.0,0.0,0.0,-364.013,118.3248,98.2333,514.4551,-133.0067,-850.3708,0.03272712,0.3309091,0.5999998,0.1659211,-0.18544,0.4050401,,
2023,6.0,12.0,115622.0,0.0,120.0,2382.0,20.0,-142.0,58.0,21.0,31.0,-9.0,-53.0,14.0,-15.0,-12.0,2.0,0.0,-1.0,-361.592,118.3099,96.51364,514.4551,-133.0067,-834.3382,0.3054544,-0.6690909,0.2363634,-0.3220789,-0.18544,-0.08295995,,
2023,6.0,12.0,115622.0,0.0,121.0,2402.0,20.0,-139.0,58.0,23.0,31.0,-9.0,-53.0,19.0,-5.0,-18.0,3.0,0.0,-1.0,-354.519,117.9941,98.75824,514.4551,-133.0067,-834.3382,0.7599999,0.24,-0.3090911,0.1659211,-0.18544,-0.08295995,,
2023,6.0,12.0,115622.0,0.0,122.0,2422.0,20.0,-140.0,60.0,22.0,31.0,-9.0,-54.0,6.0,-9.0,-16.0,2.0,0.0,-1.0,-357.016,122.2102,96.17874,514.4551,-133.0067,-850.3708,-0.4218183,-0.1236363,-0.127273,-0.3220789,-0.18544,-0.08295995,,
2023,6.0,12.0,115622.0,0.0,123.0,2442.0,20.0,-142.0,58.0,25.0,31.0,-9.0,-54.0,10.0,-2.0,-16.0,3.0,0.0,-1.0,-361.744,118.0928,102.4365,514.4551,-133.0067,-850.3708,-0.05818194,0.5127273,-0.127273,0.1659211,-0.18544,-0.08295995,,
2023,6.0,12.0,115622.0,0.0,124.0,2462.0,20.0,-140.0,60.0,23.0,31.0,-9.0,-54.0,7.0,-10.0,-8.0,3.0,0.0,0.0,-357.054,122.1559,97.65946,514.4551,-133.0067,-850.3708,-0.3309093,-0.2145454,0.5999998,0.1659211,-0.18544,0.4050401,,
2023,6.0,12.0,115622.0,0.0,125.0,2482.0,20.0,-138.0,59.0,23.0,31.0,-9.0,-53.0,6.0,-6.0,-17.0,2.0,0.0,-1.0,-352.212,119.9714,97.85042,514.4551,-133.0067,-834.3382,-0.4218183,0.1490909,-0.218182,-0.3220789,-0.18544,-0.08295995,,
2023,6.0,12.0,115622.0,0.0,126.0,2502.0,20.0,-141.0,60.0,22.0,31.0,-9.0,-54.0,10.0,-12.0,-22.0,3.0,0.0,-1.0,-359.399,122.2793,96.41769,514.4551,-133.0067,-850.3708,-0.05818194,-0.3963636,-0.6727275,0.1659211,-0.18544,-0.08295995,,
2023,6.0,12.0,115622.0,0.0,127.0,2522.0,20.0,-139.0,59.0,24.0,31.0,-9.0,-54.0,9.0,-11.0,-16.0,2.0,0.0,-1.0,-354.633,119.9861,99.57008,514.4551,-133.0067,-850.3708,-0.1490911,-0.3054545,-0.127273,-0.3220789,-0.18544,-0.08295995,,
2023,6.0,12.0,115622.0,0.0,128.0,2542.0,20.0,-140.0,59.0,24.0,31.0,-10.0,-54.0,13.0,2.0,-19.0,2.0,1.0,-1.0,-357.016,120.0553,99.80903,514.4551,-149.0394,-850.3708,0.2145452,0.8763637,-0.4000002,-0.3220789,0.30256,-0.08295995,,
2023,6.0,12.0,115622.0,0.0,129.0,2562.0,20.0,-141.0,59.0,22.0,31.0,-9.0,-54.0,10.0,-5.0,-15.0,3.0,-1.0,-1.0,-359.323,120.2329,97.08655,514.4551,-133.0067,-850.3708,-0.05818194,0.24,-0.03636384,0.1659211,-0.67344,-0.08295995,,
2023,6.0,12.0,115622.0,0.0,130.0,2582.0,20.0,-140.0,56.0,22.0,31.0,-9.0,-54.0,14.0,-8.0,-15.0,2.0,1.0,0.0,-356.712,114.0247,98.85418,514.4551,-133.0067,-850.3708,0.3054544,-0.03272724,-0.03636384,-0.3220789,0.30256,0.4050401,,
2023,6.0,12.0,115622.0,0.0,131.0,2602.0,20.0,-140.0,57.0,24.0,31.0,-9.0,-53.0,5.0,-8.0,-3.0,4.0,1.0,-1.0,-356.864,115.9625,101.1468,514.4551,-133.0067,-834.3382,-0.5127274,-0.03272724,1.054545,0.6539211,0.30256,-0.08295995,,
== yy1 ==============,,,,,,,,,,,,,,,,,,,,,,,,,,,,,,,,,
2023,6.0,12.0,115622.0,1.0,1.0,7922.0,0.0,120.0,58.0,134.0,156.0,164.0,-473.0,27.0,24.0,-89.0,-1369.0,-1393.0,-1256.0,258.46,94.0701,201.2305,2518.534,2640.639,-7568.044,1.487273,2.876364,-6.763637,-669.3701,-679.9694,-612.5229,,
2023,6.0,12.0,115622.0,1.0,2.0,7924.0,2.0,122.0,60.0,133.0,161.0,168.0,-476.0,30.0,23.0,-87.0,-1377.0,-1424.0,-1248.0,263.112,98.07898,197.9341,2598.697,2704.769,-7616.142,1.76,2.785455,-6.581819,-673.2741,-695.0974,-608.619,,
2023,6.0,12.0,115622.0,1.0,3.0,7926.0,2.0,121.0,60.0,131.0,164.0,171.0,-479.0,33.0,28.0,-85.0,-1390.0,-1451.0,-1234.0,260.805,98.25665,195.2117,2646.795,2752.867,-7664.24,2.032727,3.24,-6.4,-679.6181,-708.2734,-601.787,,
2023,6.0,12.0,115622.0,1.0,4.0,7928.0,2.0,121.0,62.0,128.0,166.0,175.0,-481.0,29.0,30.0,-80.0,-1408.0,-1472.0,-1213.0,260.767,102.5123,189.4318,2678.861,2816.998,-7696.305,1.669091,3.421818,-5.945455,-688.4021,-718.5214,-591.539,,
2023,6.0,12.0,115622.0,1.0,5.0,7930.0,2.0,124.0,61.0,127.0,167.0,182.0,-488.0,35.0,30.0,-76.0,-1465.0,-1525.0,-1163.0,268.03,100.3129,187.9031,2694.893,2929.226,-7808.533,2.214545,3.421818,-5.581819,-716.2181,-744.3854,-567.139,,
2023,6.0,12.0,115622.0,1.0,6.0,7934.0,4.0,125.0,61.0,121.0,167.0,186.0,-491.0,18.0,29.0,-83.0,-1505.0,-1550.0,-1143.0,270.641,100.5696,178.7799,2694.893,2993.357,-7856.631,0.6690907,3.330909,-6.218182,-735.7381,-756.5854,-557.379,,
2023,6.0,12.0,115622.0,1.0,7.0,7936.0,2.0,126.0,62.0,120.0,106.0,235.0,-483.0,37.0,17.0,-90.0,-1571.0,-1638.0,-1146.0,272.986,102.6012,176.3914,1716.903,3778.956,-7728.37,2.396363,2.24,-6.854546,-767.9461,-799.5294,-558.843,,
2023,6.0,12.0,115622.0,1.0,8.0,7940.0,4.0,130.0,66.0,112.0,212.0,135.0,-498.0,34.0,24.0,-92.0,-1570.0,-1597.0,-1054.0,282.518,110.9447,160.9144,3416.362,2175.692,-7968.86,2.123636,2.876364,-7.036364,-767.4581,-779.5214,-513.947,,
2023,6.0,12.0,115622.0,1.0,9.0,7942.0,2.0,131.0,64.0,110.0,189.0,196.0,-499.0,24.0,32.0,-96.0,-1647.0,-1604.0,-1078.0,285.129,106.8914,159.0517,3047.611,3153.683,-7984.892,1.214545,3.603637,-7.400001,-805.0341,-782.9374,-525.659,,
2023,6.0,12.0,115622.0,1.0,10.0,7944.0,2.0,130.0,65.0,107.0,146.0,197.0,-513.0,35.0,26.0,-86.0,-1734.0,-1694.0,-973.0,282.784,109.1698,154.1797,2358.208,3169.716,-8209.349,2.214545,3.058182,-6.49091,-847.4901,-826.8574,-474.419,,
2023,6.0,12.0,115622.0,1.0,11.0,7946.0,2.0,133.0,65.0,103.0,143.0,174.0,-519.0,24.0,26.0,-98.0,-1746.0,-1726.0,-919.0,290.085,109.1797,147.54,2310.11,2800.965,-8305.545,1.214545,3.058182,-7.581819,-853.3461,-842.4734,-448.067,,
2023,6.0,12.0,115622.0,1.0,12.0,7948.0,2.0,134.0,65.0,99.0,140.0,173.0,-533.0,35.0,25.0,-99.0,-1775.0,-1753.0,-891.0,292.62,109.3277,141.3782,2262.012,2784.932,-8530.002,2.214545,2.967273,-7.672728,-867.4981,-855.6494,-434.403,,
2023,6.0,12.0,115622.0,1.0,13.0,7950.0,2.0,135.0,66.0,96.0,140.0,175.0,-539.0,35.0,26.0,-94.0,-1815.0,-1780.0,-870.0,295.041,111.4679,136.0282,2262.012,2816.998,-8626.197,2.214545,3.058182,-7.218183,-887.0181,-868.8254,-424.155,,
2023,6.0,12.0,115622.0,1.0,14.0,7952.0,2.0,138.0,65.0,94.0,143.0,172.0,-538.0,28.0,32.0,-98.0,-1859.0,-1810.0,-851.0,302.342,109.3228,133.0188,2310.11,2768.9,-8610.165,1.578182,3.603637,-7.581819,-908.4901,-883.4655,-414.883,,
2023,6.0,12.0,115622.0,1.0,15.0,7954.0,2.0,138.0,67.0,90.0,143.0,169.0,-540.0,24.0,25.0,-94.0,-1898.0,-1845.0,-835.0,302.342,113.6328,125.7582,2310.11,2720.802,-8642.23,1.214545,2.967273,-7.218183,-927.5221,-900.5454,-407.075,,
2023,6.0,12.0,115622.0,1.0,16.0,7956.0,2.0,138.0,67.0,85.0,138.0,166.0,-549.0,18.0,16.0,-96.0,-1929.0,-1879.0,-823.0,302.532,113.9042,118.3547,2229.947,2672.704,-8786.523,0.6690907,2.149091,-7.400001,-942.6501,-917.1375,-401.219,,
2023,6.0,12.0,115622.0,1.0,17.0,7958.0,2.0,138.0,66.0,83.0,136.0,159.0,-556.0,22.0,25.0,-92.0,-1952.0,-1913.0,-819.0,302.684,111.9664,116.0621,2197.882,2560.476,-8898.752,1.032727,2.967273,-7.036364,-953.8741,-933.7294,-399.267,,
2023,6.0,12.0,115622.0,1.0,18.0,7959.97,1.969697,139.0,66.0,79.0,138.0,153.0,-560.0,21.0,22.0,-94.0,-1973.0,-1948.0,-824.0,305.219,112.1145,109.9003,2229.947,2464.28,-8962.883,0.941818,2.694546,-7.218183,-964.1221,-950.8094,-401.707,,
2023,6.0,12.0,115622.0,1.0,19.0,7962.0,2.030303,139.0,68.0,75.0,141.0,152.0,-563.0,22.0,19.0,-96.0,-1994.0,-1989.0,-836.0,305.219,116.4245,102.6397,2278.045,2448.247,-9010.98,1.032727,2.421818,-7.400001,-974.3701,-970.8174,-407.563,,
2023,6.0,12.0,115622.0,1.0,20.0,7964.0,2.0,139.0,67.0,71.0,145.0,150.0,-567.0,31.0,22.0,-102.0,-2017.0,-2035.0,-848.0,305.447,114.5953,97.3857,2342.175,2416.182,-9075.111,1.850909,2.694546,-7.945455,-985.5941,-993.2654,-413.419,,
2023,6.0,12.0,115622.0,1.0,21.0,7966.0,2.0,142.0,69.0,68.0,151.0,149.0,-574.0,31.0,17.0,-103.0,-2039.0,-2083.0,-863.0,312.558,118.6436,90.88899,2438.371,2400.149,-9187.34,1.850909,2.24,-8.036364,-996.3301,-1016.689,-420.739,,
2023,6.0,12.0,115622.0,1.0,22.0,7968.0,2.0,142.0,71.0,63.0,157.0,148.0,-585.0,29.0,17.0,-101.0,-2065.0,-2136.0,-875.0,312.596,123.0079,82.14771,2534.567,2384.116,-9363.698,1.669091,2.24,-7.854546,-1009.018,-1042.553,-426.595,,
2023,6.0,12.0,115622.0,1.0,23.0,7970.0,2.0,142.0,72.0,59.0,167.0,148.0,-598.0,29.0,12.0,-112.0,-2098.0,-2192.0,-886.0,312.672,125.2715,75.55597,2694.893,2384.116,-9572.123,1.669091,1.785455,-8.854546,-1025.122,-1069.881,-431.963,,
2023,6.0,12.0,115622.0,1.0,24.0,7972.0,2.0,143.0,73.0,53.0,181.0,149.0,-610.0,32.0,25.0,-104.0,-2140.0,-2249.0,-891.0,315.207,127.5745,65.76388,2919.35,2400.149,-9764.515,1.941818,2.967273,-8.127273,-1045.618,-1097.697,-434.403,,
2023,6.0,12.0,115622.0,1.0,25.0,7974.0,2.0,142.0,74.0,49.0,198.0,151.0,-624.0,33.0,17.0,-108.0,-2194.0,-2308.0,-888.0,312.9,129.9072,59.4111,3191.905,2432.214,-9988.972,2.032727,2.24,-8.49091,-1071.97,-1126.489,-432.939,,
2023,6.0,12.0,115622.0,1.0,26.0,7976.0,2.0,142.0,75.0,46.0,216.0,152.0,-640.0,37.0,21.0,-122.0,-2259.0,-2368.0,-875.0,312.938,132.1165,54.30009,3480.492,2448.247,-10245.49,2.396363,2.603636,-9.763637,-1103.69,-1155.769,-426.595,,
2023,6.0,12.0,115622.0,1.0,27.0,7978.0,2.0,141.0,77.0,40.0,237.0,152.0,-657.0,43.0,22.0,-110.0,-2339.0,-2428.0,-854.0,310.631,136.6042,44.31701,3817.177,2448.247,-10518.05,2.941818,2.694546,-8.672728,-1142.73,-1185.049,-416.347,,
2023,6.0,12.0,115622.0,1.0,28.0,7980.0,2.0,142.0,80.0,35.0,260.0,152.0,-676.0,47.0,20.0,-113.0,-2430.0,-2484.0,-822.0,312.976,142.9457,34.66792,4185.928,2448.247,-10822.67,3.305455,2.512727,-8.945455,-1187.138,-1212.377,-400.731,,
2023,6.0,12.0,115622.0,1.0,29.0,7982.0,2.0,140.0,81.0,30.0,287.0,151.0,-698.0,47.0,22.0,-130.0,-2537.0,-2533.0,-781.0,308.324,145.4018,27.07338,4618.809,2432.214,-11175.39,3.305455,2.694546,-10.49091,-1239.354,-1236.289,-380.723,,
2023,6.0,12.0,115622.0,1.0,30.0,7984.0,2.0,140.0,81.0,27.0,316.0,148.0,-722.0,56.0,24.0,-129.0,-2656.0,-2572.0,-730.0,308.438,145.5647,22.63123,5083.755,2384.116,-11560.17,4.123636,2.876364,-10.4,-1297.426,-1255.321,-355.835,,
2023,6.0,12.0,115622.0,1.0,31.0,7986.0,2.0,141.0,83.0,24.0,346.0,140.0,-746.0,59.0,27.0,-130.0,-2786.0,-2593.0,-669.0,310.783,149.7513,16.61241,5564.734,2255.855,-11944.95,4.396364,3.149091,-10.49091,-1360.866,-1265.569,-326.067,,
2023,6.0,12.0,115622.0,1.0,32.0,7988.0,2.0,140.0,83.0,20.0,379.0,125.0,-763.0,67.0,21.0,-135.0,-2917.0,-2591.0,-600.0,308.552,150.0375,10.9285,6093.811,2015.366,-12217.51,5.123636,2.603636,-10.94545,-1424.794,-1264.593,-292.395,,
2023,6.0,12.0,115622.0,1.0,33.0,7990.061,2.060606,140.0,85.0,16.0,417.0,126.0,-793.0,75.0,18.0,-139.0,-3067.0,-2585.0,-531.0,308.552,154.3475,3.667923,6703.051,2031.399,-12698.49,5.850909,2.330909,-11.30909,-1497.994,-1261.665,-258.723,,
2023,6.0,12.0,115622.0,1.0,34.0,7992.0,1.939394,138.0,86.0,14.0,448.0,112.0,-830.0,80.0,18.0,-146.0,-3234.0,-2574.0,-451.0,303.786,156.6407,0.5155182,7200.063,1806.942,-13291.69,6.305455,2.330909,-11.94545,-1579.49,-1256.297,-219.683,,
2023,6.0,12.0,115622.0,1.0,35.0,7994.0,2.0,136.0,90.0,11.0,465.0,86.0,-863.0,76.0,10.0,-151.0,-3405.0,-2549.0,-365.0,298.83,165.1273,-6.124176,7472.618,1390.093,-13820.77,5.941818,1.603637,-12.4,-1662.938,-1244.097,-177.715,,
2023,6.0,12.0,115622.0,1.0,36.0,8000.0,6.0,134.0,93.0,7.0,499.0,18.0,-955.0,83.0,2.0,-168.0,-3886.0,-2429.0,-156.0,293.988,171.6219,-13.57571,8017.727,299.8744,-15295.77,6.578182,0.8763637,-13.94545,-1897.666,-1185.537,-75.72296,,
2023,6.0,12.0,115622.0,1.0,37.0,8002.0,2.0,134.0,92.0,7.0,500.0,-14.0,-991.0,77.0,-4.0,-181.0,-4037.0,-2387.0,-111.0,294.064,169.5755,-12.90686,8033.76,-213.1699,-15872.95,6.032727,0.3309091,-15.12727,-1971.354,-1165.041,-53.76296,,
2023,6.0,12.0,115622.0,1.0,38.0,8006.0,4.0,134.0,95.0,11.0,499.0,-91.0,-1063.0,84.0,-16.0,-195.0,-4291.0,-2294.0,-67.0,293.684,175.4975,-8.990585,8017.727,-1447.683,-17027.3,6.669091,-0.76,-16.4,-2095.306,-1119.657,-32.29096,,
2023,6.0,12.0,115622.0,1.0,39.0,8008.0,2.0,134.0,97.0,11.0,498.0,-133.0,-1096.0,81.0,-25.0,-197.0,-4384.0,-2251.0,-61.0,293.532,179.5903,-10.32832,8001.694,-2121.053,-17556.37,6.396364,-1.578182,-16.58182,-2140.69,-1098.673,-29.36296,,
2023,6.0,12.0,115622.0,1.0,40.0,8010.0,2.0,130.0,98.0,12.0,493.0,-180.0,-1122.0,81.0,-37.0,-192.0,-4451.0,-2211.0,-65.0,283.886,181.8588,-8.560684,7921.531,-2874.587,-17973.22,6.396364,-2.669091,-16.12727,-2173.386,-1079.153,-31.31496,,
2023,6.0,12.0,115622.0,1.0,41.0,8012.0,2.0,131.0,98.0,15.0,484.0,-228.0,-1140.0,78.0,-36.0,-199.0,-4488.0,-2173.0,-78.0,286.155,181.6269,-4.357483,7777.238,-3644.153,-18261.81,6.123636,-2.578182,-16.76364,-2191.442,-1060.609,-37.65896,,
2023,6.0,12.0,115622.0,1.0,42.0,8014.0,2.0,130.0,101.0,19.0,472.0,-275.0,-1149.0,76.0,-45.0,-205.0,-4491.0,-2136.0,-95.0,283.392,187.618,-0.20224,7584.846,-4397.687,-18406.1,5.941818,-3.396363,-17.30909,-2192.906,-1042.553,-45.95496,,
2023,6.0,12.0,115622.0,1.0,43.0,8016.0,2.0,131.0,96.0,20.0,461.0,-320.0,-1151.0,77.0,-58.0,-198.0,-4465.0,-2106.0,-118.0,286.117,177.2625,4.38382,7408.487,-5119.155,-18438.17,6.032727,-4.578182,-16.67273,-2180.218,-1027.913,-57.17896,,
2023,6.0,12.0,115622.0,1.0,44.0,8018.0,2.0,132.0,100.0,22.0,452.0,-362.0,-1152.0,72.0,-66.0,-199.0,-4416.0,-2083.0,-146.0,288.12,185.2704,4.430862,7264.193,-5792.526,-18454.2,5.578182,-5.305454,-16.76364,-2156.306,-1016.689,-70.84296,,
2023,6.0,12.0,115622.0,1.0,45.0,8020.0,2.0,131.0,101.0,25.0,440.0,-402.0,-1150.0,68.0,-66.0,-203.0,-4349.0,-2065.0,-178.0,285.547,187.2231,8.4431,7071.802,-6433.831,-18422.14,5.214545,-5.305454,-17.12727,-2123.61,-1007.905,-86.45896,,
2023,6.0,12.0,115622.0,1.0,46.0,8022.0,2.0,130.0,99.0,28.0,428.0,-435.0,-1146.0,67.0,-73.0,-200.0,-4262.0,-2055.0,-214.0,283.202,183.0365,14.4619,6879.41,-6962.908,-18358.01,5.123636,-5.941818,-16.85455,-2081.154,-1003.025,-104.027,,
2023,6.0,12.0,115622.0,1.0,47.0,8024.0,2.0,130.0,101.0,29.0,417.0,-460.0,-1138.0,61.0,-77.0,-201.0,-4161.0,-2056.0,-264.0,283.012,187.075,14.60489,6703.051,-7363.724,-18229.74,4.578182,-6.305454,-16.94546,-2031.866,-1003.513,-128.427,,
2023,6.0,12.0,115622.0,1.0,48.0,8026.0,2.0,129.0,105.0,33.0,408.0,-477.0,-1127.0,64.0,-70.0,-204.0,-4046.0,-2067.0,-325.0,280.173,195.1125,18.09125,6558.757,-7636.279,-18053.38,4.850909,-5.669091,-17.21818,-1975.746,-1008.881,-158.195,,
2023,6.0,12.0,115622.0,1.0,49.0,8028.0,2.0,127.0,103.0,34.0,404.0,-485.0,-1120.0,72.0,-82.0,-182.0,-3927.0,-2089.0,-398.0,275.521,191.1036,21.38759,6494.627,-7764.54,-17941.16,5.578182,-6.76,-15.21818,-1917.674,-1019.617,-193.819,,
2023,6.0,12.0,115622.0,1.0,50.0,8030.0,2.0,127.0,103.0,37.0,408.0,-488.0,-1113.0,69.0,-85.0,-188.0,-3808.0,-2119.0,-481.0,275.407,190.9408,25.82974,6558.757,-7812.638,-17828.93,5.305455,-7.032727,-15.76364,-1859.602,-1034.257,-234.323,,
2023,6.0,12.0,115622.0,1.0,51.0,8032.0,2.0,131.0,107.0,38.0,422.0,-483.0,-1112.0,78.0,-73.0,-189.0,-3695.0,-2152.0,-567.0,284.597,198.7957,23.67921,6783.214,-7732.475,-17812.9,6.123636,-5.941818,-15.85455,-1804.458,-1050.361,-276.291,,
2023,6.0,12.0,115622.0,1.0,52.0,8034.0,2.0,130.0,106.0,38.0,440.0,-473.0,-1117.0,80.0,-73.0,-190.0,-3587.0,-2190.0,-650.0,282.29,196.8184,24.58702,7071.802,-7572.148,-17893.06,6.305455,-5.941818,-15.94546,-1751.754,-1068.905,-316.795,,
2023,6.0,12.0,115622.0,1.0,53.0,8036.0,2.0,125.0,107.0,42.0,469.0,-468.0,-1121.0,83.0,-74.0,-196.0,-3491.0,-2217.0,-733.0,270.147,198.9931,31.03575,7536.748,-7491.985,-17957.19,6.578182,-6.032727,-16.49091,-1704.906,-1082.081,-357.299,,
2023,6.0,12.0,115622.0,1.0,54.0,8038.0,2.0,125.0,106.0,42.0,498.0,-460.0,-1132.0,82.0,-84.0,-186.0,-3410.0,-2238.0,-800.0,270.223,196.9467,31.70461,8001.694,-7363.724,-18133.55,6.487273,-6.941818,-15.58182,-1665.378,-1092.329,-389.995,,
2023,6.0,12.0,115622.0,1.0,55.0,8040.0,2.0,123.0,110.0,44.0,524.0,-459.0,-1154.0,89.0,-76.0,-198.0,-3344.0,-2275.0,-847.0,265.077,205.1619,32.46849,8418.543,-7347.691,-18486.27,7.123636,-6.214545,-16.67273,-1633.17,-1110.385,-412.931,,
2023,6.0,12.0,115622.0,1.0,56.0,8042.0,2.0,124.0,112.0,45.0,551.0,-459.0,-1180.0,94.0,-80.0,-212.0,-3297.0,-2324.0,-879.0,267.27,209.1313,32.37253,8851.424,-7347.691,-18903.12,7.578182,-6.578182,-17.94546,-1610.234,-1134.297,-428.547,,
2023,6.0,12.0,115622.0,1.0,57.0,8044.0,2.0,122.0,114.0,45.0,578.0,-464.0,-1215.0,101.0,-71.0,-221.0,-3263.0,-2383.0,-899.0,262.352,213.3623,31.5127,9284.305,-7427.854,-19464.26,8.214545,-5.76,-18.76364,-1593.642,-1163.089,-438.307,,
2023,6.0,12.0,115622.0,1.0,58.0,8046.0,2.0,123.0,115.0,45.0,607.0,-472.0,-1263.0,109.0,-82.0,-218.0,-3245.0,-2453.0,-909.0,264.659,215.3396,30.60489,9749.251,-7556.116,-20233.82,8.941818,-6.76,-18.49091,-1584.858,-1197.249,-443.187,,
2023,6.0,12.0,115622.0,1.0,59.0,8048.0,2.0,122.0,115.0,46.0,634.0,-483.0,-1316.0,112.0,-76.0,-232.0,-3243.0,-2532.0,-917.0,262.238,215.3544,32.32455,10182.13,-7732.475,-21083.55,9.214545,-6.214545,-19.76364,-1583.882,-1235.801,-447.091,,
2023,6.0,12.0,115622.0,1.0,60.0,8050.0,2.0,118.0,118.0,47.0,663.0,-504.0,-1373.0,111.0,-85.0,-252.0,-3250.0,-2619.0,-923.0,252.44,221.7157,32.75447,10647.08,-8069.16,-21997.41,9.123636,-7.032727,-21.58182,-1587.298,-1278.257,-450.019,,
2023,6.0,12.0,115622.0,1.0,61.0,8054.0,4.0,116.0,120.0,46.0,738.0,-554.0,-1512.0,140.0,-90.0,-271.0,-3277.0,-2839.0,-926.0,247.56,226.001,30.41393,11849.53,-8870.791,-24225.95,11.76,-7.487272,-23.30909,-1600.474,-1385.617,-451.483,,
2023,6.0,12.0,115622.0,1.0,62.0,8056.0,2.0,113.0,118.0,48.0,785.0,-588.0,-1594.0,140.0,-100.0,-279.0,-3297.0,-2965.0,-913.0,240.487,222.0069,35.42992,12603.06,-9415.901,-25540.63,11.76,-8.396363,-24.03636,-1610.234,-1447.105,-445.139,,
2023,6.0,12.0,115622.0,1.0,63.0,8058.0,2.0,116.0,121.0,48.0,841.0,-629.0,-1682.0,146.0,-106.0,-296.0,-3323.0,-3093.0,-885.0,247.408,227.9388,32.7065,13500.89,-10073.24,-26951.5,12.30545,-8.941818,-25.58182,-1622.922,-1509.569,-431.475,,
2023,6.0,12.0,115622.0,1.0,64.0,8060.0,2.0,113.0,121.0,48.0,909.0,-674.0,-1775.0,163.0,-112.0,-318.0,-3354.0,-3224.0,-843.0,240.259,228.1461,33.42332,14591.11,-10794.71,-28442.53,13.85091,-9.487272,-27.58182,-1638.05,-1573.497,-410.979,,
2023,6.0,12.0,115622.0,1.0,65.0,8062.0,2.0,114.0,123.0,48.0,981.0,-726.0,-1873.0,168.0,-119.0,-346.0,-3394.0,-3352.0,-783.0,242.49,232.1698,31.84666,15745.46,-11628.4,-30013.73,14.30545,-10.12364,-30.12727,-1657.57,-1635.961,-381.699,,
2023,6.0,12.0,115622.0,1.0,66.0,8064.0,2.0,113.0,124.0,47.0,1052.0,-784.0,-1970.0,184.0,-136.0,-357.0,-3445.0,-3480.0,-707.0,240.069,234.3396,29.93604,16883.77,-12558.3,-31568.89,15.76,-11.66909,-31.12727,-1682.458,-1698.425,-344.611,,
2023,6.0,12.0,115622.0,1.0,67.0,8066.0,2.0,111.0,126.0,47.0,1123.0,-847.0,-2048.0,191.0,-149.0,-372.0,-3509.0,-3607.0,-619.0,235.151,238.5706,29.0762,18022.09,-13568.35,-32819.44,16.39636,-12.85091,-32.49091,-1713.69,-1760.401,-301.667,,
2023,6.0,12.0,115622.0,1.0,68.0,8068.0,2.0,112.0,128.0,44.0,1189.0,-922.0,-2048.0,206.0,-158.0,-376.0,-3576.0,-3730.0,-527.0,237.496,242.7572,23.05737,19080.24,-14770.8,-32819.44,17.76,-13.66909,-32.85455,-1746.386,-1820.425,-256.771,,
2023,6.0,12.0,115622.0,1.0,69.0,8070.0,2.0,113.0,128.0,47.0,1256.0,-1007.0,-2048.0,219.0,-186.0,-389.0,-3642.0,-3858.0,-444.0,239.765,242.5252,27.26057,20154.43,-16133.57,-32819.44,18.94182,-16.21454,-34.03636,-1778.594,-1882.889,-216.267,,
2023,6.0,12.0,115622.0,1.0,70.0,8072.0,2.0,111.0,127.0,45.0,1327.0,-1101.0,-2048.0,228.0,-194.0,-416.0,-3677.0,-3986.0,-370.0,235.151,240.7256,25.44591,21292.75,-17640.64,-32819.44,19.76,-16.94182,-36.49091,-1795.674,-1945.353,-180.155,,
2023,6.0,12.0,115622.0,1.0,71.0,8074.0,2.0,113.0,128.0,44.0,1410.0,-1204.0,-2048.0,251.0,-208.0,-430.0,-3674.0,-4120.0,-316.0,239.879,242.688,22.81842,22623.46,-19292.0,-32819.44,21.85091,-18.21454,-37.76363,-1794.21,-2010.745,-153.803,,
2023,6.0,12.0,115622.0,1.0,72.0,8076.0,2.0,112.0,131.0,44.0,1504.0,-1309.0,-2048.0,264.0,-237.0,-445.0,-3636.0,-4255.0,-287.0,237.268,248.8963,21.0508,24130.52,-20975.43,-32819.44,23.03273,-20.85091,-39.12727,-1775.666,-2076.625,-139.651,,
2023,6.0,12.0,115622.0,1.0,73.0,8078.0,2.0,111.0,127.0,40.0,1605.0,-1421.0,-2048.0,275.0,-248.0,-456.0,-3554.0,-4369.0,-283.0,235.341,240.997,18.04233,25749.82,-22771.08,-32819.44,24.03273,-21.85091,-40.12727,-1735.65,-2132.258,-137.699,,
2023,6.0,12.0,115622.0,1.0,74.0,8080.0,2.0,111.0,131.0,39.0,1711.0,-1528.0,-2048.0,299.0,-264.0,-464.0,-3444.0,-4445.0,-295.0,235.075,249.2369,13.88617,27449.28,-24486.58,-32819.44,26.21454,-23.30545,-40.85455,-1681.97,-2169.345,-143.555,,
2023,6.0,12.0,115622.0,1.0,75.0,8084.0,4.0,111.0,131.0,33.0,1908.0,-1739.0,-2048.0,314.0,-308.0,-471.0,-3113.0,-4479.0,-364.0,235.303,249.5627,5.001877,30607.71,-27869.46,-32819.44,27.57818,-27.30545,-41.49091,-1520.442,-2185.938,-177.227,,
2023,6.0,12.0,115622.0,1.0,76.0,8086.0,2.0,107.0,132.0,29.0,1980.0,-1850.0,-2048.0,331.0,-327.0,-484.0,-2888.0,-4454.0,-414.0,225.847,252.1027,-0.6340485,31762.06,-29649.08,-32819.44,29.12364,-29.03273,-42.67273,-1410.642,-2173.738,-201.627,,
2023,6.0,12.0,115622.0,1.0,77.0,8088.0,2.0,104.0,136.0,25.0,2022.0,-1960.0,-2048.0,330.0,-335.0,-485.0,-2609.0,-4423.0,-465.0,218.546,260.7127,-8.515518,32435.43,-31412.67,-32819.44,29.03273,-29.76,-42.76363,-1274.49,-2158.61,-226.515,,
2023,6.0,12.0,115622.0,1.0,78.0,8090.0,2.0,106.0,135.0,22.0,2034.0,-2048.0,-2048.0,324.0,-355.0,-473.0,-2258.0,-4409.0,-515.0,223.502,258.691,-12.76669,32627.82,-32823.54,-32819.44,28.48727,-31.57818,-41.67273,-1103.202,-2151.778,-250.915,,
2023,6.0,12.0,115622.0,1.0,79.0,8092.0,2.0,105.0,135.0,14.0,2023.0,-2048.0,-2048.0,329.0,-381.0,-480.0,-1813.0,-4410.0,-519.0,221.423,259.1945,-24.37347,32451.46,-32823.54,-32819.44,28.94182,-33.94182,-42.30909,-886.0421,-2152.266,-252.867,,
2023,6.0,12.0,115622.0,1.0,80.0,8094.0,2.0,99.0,139.0,6.0,2005.0,-2048.0,-2048.0,327.0,-388.0,-505.0,-1265.0,-4468.0,-530.0,207.125,268.2291,-37.46095,32162.87,-32823.54,-32819.44,28.76,-34.57818,-44.58182,-618.6181,-2180.57,-258.235,,
2023,6.0,12.0,115622.0,1.0,81.0,8096.0,2.0,98.0,137.0,-6.0,1996.0,-2048.0,-2048.0,322.0,-409.0,-501.0,-633.0,-4576.0,-524.0,205.35,264.8569,-53.65286,32018.58,-32823.54,-32819.44,28.30545,-36.48727,-44.21818,-310.2021,-2233.274,-255.307,,
2023,6.0,12.0,115622.0,1.0,82.0,8098.0,2.0,95.0,138.0,-20.0,1985.0,-2048.0,-2048.0,333.0,-413.0,-535.0,75.0,-4748.0,-513.0,198.657,267.8707,-74.3349,31842.22,-32823.54,-32819.44,29.30545,-36.85091,-47.30909,35.30192,-2317.209,-249.939,,
2023,6.0,12.0,115622.0,1.0,83.0,8100.0,2.0,90.0,139.0,-32.0,1984.0,-2048.0,-2048.0,333.0,-418.0,-562.0,860.0,-4991.0,-504.0,187.122,270.9142,-91.57761,31826.19,-32823.54,-32819.44,29.30545,-37.30545,-49.76363,418.3819,-2435.793,-245.547,,
2023,6.0,12.0,115622.0,1.0,84.0,8102.0,2.0,82.0,140.0,-52.0,2014.0,-2048.0,-2048.0,349.0,-412.0,-592.0,1721.0,-5304.0,-503.0,168.742,274.5992,-119.9492,32307.17,-32823.54,-32819.44,30.76,-36.76,-52.49091,838.5499,-2588.538,-245.059,,
2023,6.0,12.0,115622.0,1.0,85.0,8104.0,2.0,76.0,134.0,-76.0,2047.0,-2048.0,-2048.0,377.0,-409.0,-643.0,2630.0,-5670.0,-499.0,155.812,264.0385,-150.0395,32836.24,-32823.54,-32819.44,33.30545,-36.48727,-57.12727,1282.142,-2767.146,-243.107,,
2023,6.0,12.0,115622.0,1.0,86.0,8106.0,2.0,68.0,129.0,-102.0,2047.0,-2048.0,-2048.0,410.0,-403.0,-692.0,3580.0,-6068.0,-480.0,138.116,255.7709,-183.2822,32836.24,-32823.54,-32819.44,36.30545,-35.94182,-61.58182,1745.742,-2961.37,-233.835,,
2023,6.0,12.0,115622.0,1.0,87.0,8108.0,2.0,56.0,123.0,-133.0,2047.0,-2048.0,-2048.0,456.0,-380.0,-769.0,4591.0,-6498.0,-440.0,111.154,246.0049,-222.3038,32836.24,-32823.54,-32819.44,40.48727,-33.85091,-68.58182,2239.11,-3171.209,-214.315,,
2023,6.0,12.0,115622.0,1.0,88.0,8110.0,2.0,43.0,108.0,-164.0,2047.0,-2048.0,-2048.0,490.0,-382.0,-860.0,5716.0,-6997.0,-374.0,82.493,217.8904,-255.0668,32836.24,-32823.54,-32819.44,43.57818,-34.03273,-76.85455,2788.11,-3414.722,-182.107,,
2023,6.0,12.0,115622.0,1.0,89.0,8112.0,2.0,28.0,94.0,-196.0,2047.0,-2048.0,-2048.0,534.0,-394.0,-902.0,6866.0,-7436.0,-355.0,49.028,192.0148,-289.5014,32836.24,-32823.54,-32819.44,47.57818,-35.12363,-80.67273,3349.31,-3628.954,-172.835,,
2023,6.0,12.0,115622.0,1.0,90.0,8114.0,2.0,7.0,70.0,-228.0,2047.0,-2048.0,-2048.0,604.0,-388.0,-1028.0,8054.0,-7885.0,-388.0,2.025002,146.0898,-315.8138,32836.24,-32823.54,-32819.44,53.94182,-34.57818,-92.12727,3929.054,-3848.066,-188.939,,
2023,6.0,12.0,115622.0,1.0,91.0,8116.0,2.0,-18.0,43.0,-255.0,2047.0,-2048.0,-2048.0,651.0,-407.0,-1047.0,8191.0,-8192.0,-279.0,-54.472,94.03061,-331.7601,32836.24,-32823.54,-32819.44,58.21455,-36.30545,-93.85455,3995.91,-3997.882,-135.747,,
2023,6.0,12.0,115622.0,1.0,92.0,8118.0,2.0,-48.0,16.0,-266.0,2047.0,-2048.0,-2048.0,566.0,-429.0,-934.0,8191.0,-8192.0,116.0,-123.492,41.44818,-322.8203,32836.24,-32823.54,-32819.44,50.48727,-38.30545,-83.58182,3995.91,-3997.882,57.01304,,
2023,6.0,12.0,115622.0,1.0,93.0,8120.0,2.0,-84.0,-8.0,-251.0,2047.0,-2048.0,-2048.0,392.0,-408.0,-729.0,8191.0,-8192.0,1314.0,-208.026,-5.992096,-275.9549,32836.24,-32823.54,-32819.44,34.66909,-36.39636,-64.94546,3995.91,-3997.882,641.637,,
2023,6.0,12.0,115622.0,1.0,94.0,8122.0,2.0,-121.0,-15.0,-196.0,2047.0,-2048.0,-2048.0,130.0,-348.0,-626.0,8181.0,-8192.0,2945.0,-297.755,-20.74629,-180.9925,32836.24,-32823.54,-32819.44,10.85091,-30.94182,-55.58182,3991.03,-3997.882,1437.565,,
2023,6.0,12.0,115622.0,1.0,95.0,8124.0,2.0,-141.0,-8.0,-88.0,2047.0,-2048.0,-2048.0,-153.0,-299.0,-410.0,7899.0,-8192.0,5504.0,-350.051,-10.90326,-20.97836,32836.24,-32823.54,-32819.44,-14.87636,-26.48727,-35.94545,3853.414,-3997.882,2686.357,,
2023,6.0,12.0,115622.0,1.0,96.0,8126.0,2.0,-125.0,23.0,45.0,1035.0,-2048.0,-2048.0,-258.0,-83.0,4.0,8191.0,-8192.0,-8192.0,-319.333,44.20831,151.3989,16611.22,-32823.54,-32819.44,-24.42182,-6.850909,1.690909,3995.91,-3997.882,-3997.291,,
2023,6.0,12.0,115622.0,1.0,97.0,8128.0,2.0,-71.0,56.0,151.0,244.0,-886.0,-1320.0,-264.0,-75.0,25.0,8191.0,-8192.0,-8192.0,-197.187,102.2527,273.3791,3929.406,-14193.63,-21147.68,-24.96727,-6.123636,3.6,3995.91,-3997.882,-3997.291,,
2023,6.0,12.0,115622.0,1.0,98.0,8130.0,2.0,0.0,86.0,198.0,105.0,-109.0,-403.0,-273.0,-76.0,30.0,8191.0,-8192.0,-8192.0,-32.06,156.1866,305.9417,1700.87,-1736.27,-6445.76,-25.78546,-6.214545,4.054545,3995.91,-3997.882,-3997.291,,
2023,6.0,12.0,115622.0,1.0,99.0,8132.0,2.0,73.0,101.0,174.0,83.0,-123.0,-400.0,-266.0,-78.0,29.0,8191.0,-8192.0,-8192.0,141.671,183.1412,242.9285,1348.152,-1960.727,-6397.662,-25.14909,-6.396363,3.963636,3995.91,-3997.882,-3997.291,,
2023,6.0,12.0,115622.0,1.0,100.0,8134.0,2.0,122.0,102.0,86.0,72.0,-118.0,-381.0,-266.0,-71.0,31.0,8137.0,-8192.0,-8192.0,261.706,186.5795,100.2484,1171.793,-1880.564,-6093.042,-25.14909,-5.76,4.145454,3969.558,-3997.882,-3997.291,,
2023,6.0,12.0,115622.0,1.0,101.0,8136.0,2.0,134.0,82.0,-41.0,75.0,-109.0,-368.0,-268.0,-79.0,34.0,8069.0,-8192.0,-8192.0,296.648,151.7177,-77.29257,1219.891,-1736.27,-5884.617,-25.33091,-6.487272,4.418181,3936.374,-3997.882,-3997.291,,
2023,6.0,12.0,115622.0,1.0,102.0,8138.0,2.0,105.0,53.0,-166.0,83.0,-105.0,-357.0,-262.0,-75.0,35.0,7998.0,-8192.0,-8192.0,234.495,101.1629,-236.0555,1348.152,-1672.139,-5708.258,-24.78546,-6.123636,4.509091,3901.726,-3997.882,-3997.291,,
2023,6.0,12.0,115622.0,1.0,103.0,8140.0,2.0,43.0,17.0,-256.0,98.0,-99.0,-346.0,-265.0,-72.0,25.0,7929.0,-8192.0,-8192.0,92.905,36.66338,-330.4261,1588.641,-1575.944,-5531.899,-25.05818,-5.850909,3.6,3868.054,-3997.882,-3997.291,,
2023,6.0,12.0,115622.0,1.0,104.0,8142.0,2.0,-33.0,-10.0,-280.0,119.0,-93.0,-345.0,-273.0,-74.0,30.0,7861.0,-8192.0,-8192.0,-85.239,-12.03455,-329.7441,1925.327,-1479.748,-5515.867,-25.78546,-6.032727,4.054545,3834.87,-3997.882,-3997.291,,
2023,6.0,12.0,115622.0,1.0,105.0,8144.0,2.0,-99.0,-20.0,-233.0,133.0,-94.0,-358.0,-262.0,-69.0,28.0,7793.0,-8192.0,-8192.0,-243.543,-30.48964,-237.6914,2149.784,-1495.781,-5724.291,-24.78546,-5.578182,3.872727,3801.686,-3997.882,-3997.291,,
2023,6.0,12.0,115622.0,1.0,106.0,8146.0,2.0,-138.0,-11.0,-130.0,141.0,-98.0,-380.0,-271.0,-57.0,35.0,7722.0,-8192.0,-8192.0,-341.078,-14.96939,-81.87865,2278.045,-1559.911,-6077.009,-25.60364,-4.487272,4.509091,3767.038,-3997.882,-3997.291,,
2023,6.0,12.0,115622.0,1.0,107.0,8148.0,2.0,-134.0,15.0,-1.0,140.0,-105.0,-396.0,-270.0,-67.0,27.0,7657.0,-8192.0,-8192.0,-338.424,30.95656,90.78739,2262.012,-1672.139,-6333.531,-25.51273,-5.396363,3.781818,3735.318,-3997.882,-3997.291,,
2023,6.0,12.0,115622.0,1.0,108.0,8150.0,2.0,-93.0,48.0,117.0,124.0,-114.0,-407.0,-279.0,-69.0,25.0,7587.0,-8192.0,-8192.0,-247.713,89.2478,233.6425,2005.49,-1816.433,-6509.89,-26.33091,-5.578182,3.6,3701.158,-3997.882,-3997.291,,
2023,6.0,12.0,115622.0,1.0,109.0,8152.0,2.0,-28.0,82.0,187.0,103.0,-118.0,-408.0,-274.0,-68.0,32.0,7517.0,-8192.0,-8192.0,-98.06201,150.5331,299.0198,1668.805,-1880.564,-6525.923,-25.87636,-5.487272,4.236363,3666.998,-3997.882,-3997.291,,
2023,6.0,12.0,115622.0,1.0,110.0,8154.0,2.0,52.0,99.0,187.0,86.0,-120.0,-403.0,-282.0,-66.0,32.0,7446.0,-8192.0,-8192.0,91.286,179.7937,268.5334,1396.25,-1912.629,-6445.76,-26.60364,-5.305454,4.236363,3632.35,-3997.882,-3997.291,,
2023,6.0,12.0,115622.0,1.0,111.0,8156.0,2.0,111.0,103.0,123.0,80.0,-120.0,-392.0,-284.0,-65.0,35.0,7378.0,-8192.0,-8192.0,234.011,187.3771,156.9944,1300.054,-1912.629,-6269.4,-26.78546,-5.214545,4.509091,3599.166,-3997.882,-3997.291,,
2023,6.0,12.0,115622.0,1.0,112.0,8158.0,2.0,137.0,88.0,9.0,86.0,-114.0,-383.0,-285.0,-62.0,47.0,7308.0,-8192.0,-8192.0,301.441,161.074,-7.986832,1396.25,-1816.433,-6125.107,-26.87636,-4.941818,5.6,3565.006,-3997.882,-3997.291,,
2023,6.0,12.0,115622.0,1.0,113.0,8160.0,2.0,122.0,58.0,-126.0,92.0,-113.0,-376.0,-273.0,-57.0,44.0,7237.0,-8192.0,-8192.0,273.106,108.0484,-184.2333,1492.446,-1800.401,-6012.878,-25.78546,-4.487272,5.327272,3530.358,-3997.882,-3997.291,,
2023,6.0,12.0,115622.0,1.0,114.0,8162.0,2.0,72.0,23.0,-230.0,100.0,-110.0,-368.0,-274.0,-54.0,43.0,7167.0,-8192.0,-8192.0,160.568,45.52615,-302.8701,1620.707,-1752.303,-5884.617,-25.87636,-4.214545,5.236363,3496.198,-3997.882,-3997.291,,
2023,6.0,12.0,115622.0,1.0,115.0,8164.0,2.0,-3.0,-8.0,-281.0,117.0,-104.0,-364.0,-273.0,-61.0,34.0,7097.0,-8192.0,-8192.0,-13.863,-9.96051,-339.731,1893.261,-1656.107,-5820.487,-25.78546,-4.850909,4.418181,3462.038,-3997.882,-3997.291,,
2023,6.0,12.0,115622.0,1.0,116.0,8166.0,2.0,-77.0,-23.0,-259.0,134.0,-103.0,-369.0,-279.0,-67.0,35.0,7029.0,-8192.0,-8192.0,-189.901,-36.73741,-279.4402,2165.816,-1640.074,-5900.65,-26.33091,-5.396363,4.509091,3428.854,-3997.882,-3997.291,,
2023,6.0,12.0,115622.0,1.0,117.0,8168.0,2.0,-126.0,-16.0,-174.0,152.0,-118.0,-397.0,-272.0,-63.0,37.0,6889.0,-8192.0,-8192.0,-310.43,-23.64166,-146.5532,2454.404,-1880.564,-6349.564,-25.69455,-5.032727,4.690909,3360.534,-3997.882,-3997.291,,
2023,6.0,12.0,115622.0,1.0,118.0,8170.0,2.0,-137.0,5.0,-50.0,152.0,-118.0,-397.0,-275.0,-55.0,30.0,6889.0,-8192.0,-8192.0,-342.951,13.36032,25.63782,2454.404,-1880.564,-6349.564,-25.96727,-4.305454,4.054545,3360.534,-3997.882,-3997.291,,
2023,6.0,12.0,115622.0,1.0,119.0,8172.0,2.0,-113.0,43.0,79.0,145.0,-127.0,-415.0,-287.0,-58.0,36.0,6820.0,-8192.0,-8192.0,-293.549,82.46101,185.4986,2342.175,-2024.857,-6638.151,-27.05818,-4.578182,4.6,3326.862,-3997.882,-3997.291,,
2023,6.0,12.0,115622.0,1.0,120.0,8174.0,2.0,-50.0,74.0,169.0,125.0,-131.0,-419.0,-289.0,-59.0,42.0,6750.0,-8192.0,-8192.0,-149.196,136.6594,282.9746,2021.523,-2088.988,-6702.282,-27.24,-4.669091,5.145454,3292.702,-3997.882,-3997.291,,
2023,6.0,12.0,115622.0,1.0,121.0,8180.0,6.0,135.0,90.0,55.0,99.0,-123.0,-387.0,-284.0,-53.0,39.0,6469.0,-8192.0,-8192.0,294.775,162.8075,59.26623,1604.674,-1960.727,-6189.237,-26.78546,-4.123636,4.872727,3155.574,-3997.882,-3997.291,,
2023,6.0,12.0,115622.0,1.0,122.0,8182.0,2.0,136.0,65.0,-78.0,107.0,-124.0,-383.0,-291.0,-50.0,42.0,6398.0,-8192.0,-8192.0,304.112,118.7996,-121.1863,1732.935,-1976.759,-6125.107,-27.42182,-3.850909,5.145454,3120.926,-3997.882,-3997.291,,
2023,6.0,12.0,115622.0,1.0,123.0,8186.0,4.0,28.0,-7.0,-275.0,132.0,-119.0,-377.0,-291.0,-51.0,39.0,6258.0,-8192.0,-8192.0,59.70599,-10.38205,-338.9229,2133.751,-1896.596,-6028.911,-27.42182,-3.941818,4.872727,3052.606,-3997.882,-3997.291,,
2023,6.0,12.0,115622.0,1.0,124.0,8188.0,2.0,-51.0,-23.0,-280.0,148.0,-122.0,-381.0,-276.0,-48.0,34.0,6187.0,-8192.0,-8192.0,-127.145,-37.39388,-316.7479,2390.273,-1944.694,-6093.042,-26.05818,-3.669091,4.418181,3017.958,-3997.882,-3997.291,,
2023,6.0,12.0,115622.0,1.0,125.0,8190.0,2.0,-112.0,-24.0,-215.0,162.0,-127.0,-398.0,-282.0,-51.0,27.0,6119.0,-8192.0,-8192.0,-274.902,-38.7542,-205.2568,2614.73,-2024.857,-6365.596,-26.60364,-3.941818,3.781818,2984.774,-3997.882,-3997.291,,
2023,6.0,12.0,115622.0,1.0,126.0,8192.0,2.0,-141.0,-4.0,-101.0,162.0,-137.0,-419.0,-287.0,-48.0,37.0,6048.0,-8192.0,-8192.0,-349.861,-2.011841,-42.90311,2614.73,-2185.184,-6702.282,-27.05818,-3.669091,4.690909,2950.126,-3997.882,-3997.291,,
2023,6.0,12.0,115622.0,1.0,127.0,8194.0,2.0,-130.0,29.0,33.0,147.0,-144.0,-430.0,-290.0,-50.0,44.0,5978.0,-8192.0,-8192.0,-331.248,57.48373,130.8119,2374.24,-2297.412,-6878.641,-27.33091,-3.850909,5.327272,2915.966,-3997.882,-3997.291,,
2023,6.0,12.0,115622.0,1.0,128.0,8196.0,2.0,-77.0,64.0,142.0,128.0,-146.0,-430.0,-303.0,-52.0,43.0,5908.0,-8192.0,-8192.0,-211.751,119.5272,256.1355,2069.62,-2329.477,-6878.641,-28.51273,-4.032727,5.236363,2881.806,-3997.882,-3997.291,,
2023,6.0,12.0,115622.0,1.0,129.0,8198.0,2.0,-5.0,94.0,197.0,112.0,-148.0,-421.0,-295.0,-48.0,40.0,5838.0,-8192.0,-8192.0,-44.545,172.9576,300.3048,1813.098,-2361.543,-6734.347,-27.78546,-3.669091,4.963636,2847.646,-3997.882,-3997.291,,
2023,6.0,12.0,115622.0,1.0,130.0,8200.0,2.0,71.0,103.0,181.0,103.0,-145.0,-410.0,-298.0,-51.0,39.0,5766.0,-8192.0,-8192.0,136.487,186.9921,252.4337,1668.805,-2313.445,-6557.988,-28.05818,-3.941818,4.872727,2812.51,-3997.882,-3997.291,,
2023,6.0,12.0,115622.0,1.0,131.0,8204.0,4.0,144.0,71.0,-27.0,118.0,-135.0,-391.0,-301.0,-40.0,43.0,5624.0,-8192.0,-8192.0,320.782,127.7562,-51.59454,1909.294,-2153.118,-6253.368,-28.33091,-2.941818,5.236363,2743.214,-3997.882,-3997.291,,
2023,6.0,12.0,115622.0,1.0,132.0,8206.0,2.0,117.0,35.0,-158.0,128.0,-131.0,-385.0,-289.0,-44.0,46.0,5551.0,-8192.0,-8192.0,264.155,63.06416,-215.0376,2069.62,-2088.988,-6157.172,-27.24,-3.305454,5.50909,2707.59,-3997.882,-3997.291,,
2023,6.0,12.0,115622.0,1.0,133.0,8208.0,2.0,58.0,1.0,-256.0,142.0,-130.0,-380.0,-291.0,-42.0,44.0,5481.0,-8192.0,-8192.0,129.866,2.884506,-323.3085,2294.077,-2072.955,-6077.009,-27.42182,-3.123636,5.327272,2673.43,-3997.882,-3997.291,,
2023,6.0,12.0,115622.0,1.0,134.0,8210.0,2.0,-18.0,-27.0,-291.0,157.0,-135.0,-382.0,-300.0,-42.0,35.0,5411.0,-8192.0,-8192.0,-47.784,-47.26259,-338.2455,2534.567,-2153.118,-6109.074,-28.24,-3.123636,4.509091,2639.27,-3997.882,-3997.291,,
2023,6.0,12.0,115622.0,1.0,135.0,8212.0,2.0,-92.0,-27.0,-251.0,174.0,-142.0,-391.0,-296.0,-46.0,57.0,5340.0,-8192.0,-8192.0,-225.646,-44.32083,-261.3349,2807.122,-2265.347,-6253.368,-27.87636,-3.487273,6.50909,2604.622,-3997.882,-3997.291,,
2023,6.0,12.0,115622.0,1.0,136.0,8214.0,2.0,-135.0,-15.0,-151.0,186.0,-150.0,-410.0,-300.0,-38.0,44.0,5268.0,-8192.0,-8192.0,-332.827,-22.22211,-111.015,2999.513,-2393.608,-6557.988,-28.24,-2.76,5.327272,2569.486,-3997.882,-3997.291,,
2023,6.0,12.0,115622.0,1.0,137.0,8216.0,2.0,-139.0,18.0,-23.0,177.0,-159.0,-432.0,-297.0,-41.0,27.0,5198.0,-8192.0,-8192.0,-349.731,38.63573,57.39981,2855.219,-2537.902,-6910.706,-27.96727,-3.032727,3.781818,2535.326,-3997.882,-3997.291,,
2023,6.0,12.0,115622.0,1.0,138.0,8218.0,2.0,-103.0,55.0,105.0,153.0,-161.0,-436.0,-311.0,-37.0,31.0,5128.0,-8192.0,-8192.0,-271.619,104.9151,213.5814,2470.436,-2569.967,-6974.836,-29.24,-2.669091,4.145454,2501.166,-3997.882,-3997.291,,
2023,6.0,12.0,115622.0,1.0,139.0,8220.0,2.0,-36.0,84.0,183.0,135.0,-162.0,-434.0,-302.0,-38.0,48.0,5056.0,-8192.0,-8192.0,-117.126,155.3958,293.6707,2181.849,-2586.0,-6942.771,-28.42182,-2.76,5.690909,2466.03,-3997.882,-3997.291,,
2023,6.0,12.0,115622.0,1.0,140.0,8222.0,2.0,44.0,103.0,199.0,122.0,-163.0,-426.0,-314.0,-35.0,40.0,4986.0,-8192.0,-8192.0,71.462,187.8806,285.5381,1973.425,-2602.032,-6814.51,-29.51273,-2.487273,4.963636,2431.87,-3997.882,-3997.291,,
2023,6.0,12.0,115622.0,1.0,141.0,8224.0,2.0,113.0,100.0,139.0,115.0,-156.0,-412.0,-311.0,-34.0,45.0,4916.0,-8192.0,-8192.0,238.397,180.231,182.2145,1861.196,-2489.804,-6590.053,-29.24,-2.396363,5.418181,2397.71,-3997.882,-3997.291,,
2023,6.0,12.0,115622.0,1.0,142.0,8226.0,2.0,145.0,79.0,26.0,123.0,-150.0,-401.0,-311.0,-33.0,43.0,4843.0,-8192.0,-8192.0,320.543,141.1807,21.2935,1989.457,-2393.608,-6413.694,-29.24,-2.305454,5.236363,2362.086,-3997.882,-3997.291,,
2023,6.0,12.0,115622.0,1.0,143.0,8227.97,1.969697,139.0,45.0,-109.0,135.0,-149.0,-396.0,-315.0,-34.0,53.0,4770.0,-8192.0,-8192.0,313.959,79.3475,-154.428,2181.849,-2377.575,-6333.531,-29.60364,-2.396363,6.145454,2326.462,-3997.882,-3997.291,,
2023,6.0,12.0,115622.0,1.0,144.0,8230.0,2.030303,91.0,7.0,-226.0,146.0,-146.0,-389.0,-300.0,-24.0,50.0,4700.0,-8192.0,-8192.0,206.909,11.25371,-290.7855,2358.208,-2329.477,-6221.303,-28.24,-1.487273,5.872727,2292.302,-3997.882,-3997.291,,
2023,6.0,12.0,115622.0,1.0,145.0,8232.0,2.0,14.0,-24.0,-288.0,165.0,-146.0,-389.0,-307.0,-26.0,47.0,4628.0,-8192.0,-8192.0,28.13,-43.49754,-343.4562,2662.828,-2329.477,-6221.303,-28.87636,-1.669091,5.6,2257.166,-3997.882,-3997.291,,
2023,6.0,12.0,115622.0,1.0,146.0,8234.0,2.0,-63.0,-34.0,-280.0,184.0,-150.0,-395.0,-307.0,-33.0,43.0,4557.0,-8192.0,-8192.0,-154.905,-59.07504,-306.523,2967.448,-2393.608,-6317.499,-28.87636,-2.305454,5.236363,2222.518,-3997.882,-3997.291,,
2023,6.0,12.0,115622.0,1.0,147.0,8236.0,2.0,-123.0,-22.0,-199.0,195.0,-158.0,-415.0,-305.0,-28.0,45.0,4487.0,-8192.0,-8192.0,-301.875,-34.76999,-180.2747,3143.807,-2521.869,-6638.151,-28.69455,-1.850909,5.418181,2188.358,-3997.882,-3997.291,,
2023,6.0,12.0,115622.0,1.0,148.0,8240.0,4.0,-123.0,42.0,60.0,173.0,-174.0,-442.0,-308.0,-28.0,40.0,4344.0,-8192.0,-8192.0,-316.581,82.13722,160.4233,2791.089,-2778.391,-7071.032,-28.96727,-1.850909,4.963636,2118.574,-3997.882,-3997.291,,
2023,6.0,12.0,115622.0,1.0,149.0,8242.0,2.0,-66.0,79.0,162.0,156.0,-175.0,-439.0,-327.0,-36.0,51.0,4273.0,-8192.0,-8192.0,-187.438,148.3771,273.0884,2518.534,-2794.424,-7022.934,-30.69455,-2.578182,5.963636,2083.926,-3997.882,-3997.291,,
2023,6.0,12.0,115622.0,1.0,150.0,8244.0,2.0,14.0,98.0,203.0,142.0,-179.0,-436.0,-318.0,-28.0,45.0,4203.0,-8192.0,-8192.0,0.1999969,179.5045,301.9737,2294.077,-2858.554,-6974.836,-29.87636,-1.850909,5.418181,2049.766,-3997.882,-3997.291,,
2023,6.0,12.0,115622.0,1.0,151.0,8246.0,2.0,85.0,102.0,171.0,131.0,-177.0,-428.0,-314.0,-23.0,46.0,4130.0,-8192.0,-8192.0,170.305,184.5212,234.9501,2117.718,-2826.489,-6846.575,-29.51273,-1.396363,5.50909,2014.142,-3997.882,-3997.291,,
2023,6.0,12.0,115622.0,1.0,152.0,8248.0,2.0,141.0,86.0,77.0,132.0,-168.0,-416.0,-316.0,-23.0,47.0,4058.0,-8192.0,-8192.0,308.541,153.0128,93.08372,2133.751,-2682.195,-6654.184,-29.69455,-1.396363,5.6,1979.006,-3997.882,-3997.291,,
2023,6.0,12.0,115622.0,1.0,153.0,8250.0,2.0,147.0,52.0,-58.0,142.0,-162.0,-409.0,-320.0,-24.0,44.0,3987.0,-8192.0,-8192.0,330.553,90.35043,-85.50517,2294.077,-2586.0,-6541.956,-30.05818,-1.487273,5.327272,1944.358,-3997.882,-3997.291,,
2023,6.0,12.0,115622.0,1.0,154.0,8252.0,2.0,112.0,14.0,-183.0,151.0,-161.0,-404.0,-316.0,-18.0,40.0,3915.0,-8192.0,-8192.0,254.786,21.79269,-236.8147,2438.371,-2569.967,-6461.792,-29.69455,-0.9418181,4.963636,1909.222,-3997.882,-3997.291,,
2023,6.0,12.0,115622.0,1.0,155.0,8254.0,2.0,50.0,-20.0,-272.0,162.0,-162.0,-402.0,-312.0,-20.0,48.0,3842.0,-8192.0,-8192.0,113.006,-38.6683,-331.0424,2614.73,-2586.0,-6429.727,-29.33091,-1.123636,5.690909,1873.598,-3997.882,-3997.291,,
2023,6.0,12.0,115622.0,1.0,156.0,8256.0,2.0,-33.0,-34.0,-294.0,180.0,-166.0,-402.0,-323.0,-14.0,44.0,3773.0,-8192.0,-8192.0,-82.883,-60.38796,-334.4214,2903.317,-2650.13,-6429.727,-30.33091,-0.5781817,5.327272,1839.926,-3997.882,-3997.291,,
2023,6.0,12.0,115622.0,1.0,157.0,8257.97,1.969697,-102.0,-33.0,-240.0,200.0,-172.0,-414.0,-312.0,-16.0,51.0,3702.0,-8192.0,-8192.0,-249.438,-56.50543,-238.6444,3223.97,-2746.326,-6622.119,-29.33091,-0.76,5.963636,1805.278,-3997.882,-3997.291,,
2023,6.0,12.0,115622.0,1.0,158.0,8260.0,2.030303,-141.0,-10.0,-131.0,208.0,-181.0,-435.0,-325.0,-21.0,35.0,3630.0,-8192.0,-8192.0,-348.265,-12.66141,-83.31142,3352.231,-2890.619,-6958.804,-30.51273,-1.214545,4.509091,1770.142,-3997.882,-3997.291,,
2023,6.0,12.0,115622.0,1.0,159.0,8262.0,2.0,-138.0,30.0,2.0,195.0,-190.0,-448.0,-325.0,-14.0,46.0,3560.0,-8192.0,-8192.0,-349.21,61.76602,86.15239,3143.807,-3034.913,-7167.228,-30.51273,-0.5781817,5.50909,1735.982,-3997.882,-3997.291,,
2023,6.0,12.0,115622.0,1.0,160.0,8264.0,2.0,-92.0,68.0,125.0,175.0,-192.0,-451.0,-330.0,-21.0,47.0,3488.0,-8192.0,-8192.0,-247.154,129.6723,231.8721,2823.154,-3066.979,-7215.326,-30.96727,-1.214545,5.6,1700.846,-3997.882,-3997.291,,
2023,6.0,12.0,115622.0,1.0,161.0,8266.0,2.0,-22.0,96.0,193.0,159.0,-196.0,-448.0,-328.0,-22.0,42.0,3417.0,-8192.0,-8192.0,-85.056,178.4422,297.1063,2566.632,-3131.109,-7167.228,-30.78546,-1.305454,5.145454,1666.198,-3997.882,-3997.291,,
2023,6.0,12.0,115622.0,1.0,162.0,8268.0,2.0,62.0,105.0,194.0,147.0,-197.0,-442.0,-328.0,-6.0,41.0,3344.0,-8192.0,-8192.0,114.394,191.001,272.4958,2374.24,-3147.142,-7071.032,-30.78546,0.1490909,5.054545,1630.574,-3997.882,-3997.291,,
2023,6.0,12.0,115622.0,1.0,163.0,8270.0,2.0,123.0,92.0,124.0,142.0,-189.0,-430.0,-324.0,-8.0,44.0,3274.0,-8192.0,-8192.0,263.405,163.9832,162.9652,2294.077,-3018.881,-6878.641,-30.42182,-0.03272724,5.327272,1596.414,-3997.882,-3997.291,,
2023,6.0,12.0,115622.0,1.0,164.0,8272.0,2.0,151.0,59.0,3.0,149.0,-181.0,-420.0,-320.0,-2.0,47.0,3201.0,-8192.0,-8192.0,337.235,101.0869,-0.8193817,2406.306,-2890.619,-6718.314,-30.05818,0.5127273,5.6,1560.79,-3997.882,-3997.291,,
2023,6.0,12.0,115622.0,1.0,165.0,8274.0,2.0,133.0,22.0,-135.0,159.0,-181.0,-414.0,-328.0,-4.0,47.0,3130.0,-8192.0,-8192.0,302.397,34.10661,-176.1091,2566.632,-2890.619,-6622.119,-30.78546,0.3309091,5.6,1526.142,-3997.882,-3997.291,,
2023,6.0,12.0,115622.0,1.0,166.0,8276.0,2.0,78.0,-15.0,-244.0,167.0,-181.0,-412.0,-326.0,-10.0,48.0,3058.0,-8192.0,-8192.0,178.286,-31.89142,-299.6171,2694.893,-2890.619,-6590.053,-30.60364,-0.2145454,5.690909,1491.006,-3997.882,-3997.291,,
2023,6.0,12.0,115622.0,1.0,167.0,8278.0,2.0,-1.0,-39.0,-297.0,181.0,-184.0,-408.0,-326.0,-6.0,41.0,2988.0,-8192.0,-8192.0,-6.132996,-72.66831,-343.1656,2919.35,-2938.717,-6525.923,-30.60364,0.1490909,5.054545,1456.846,-3997.882,-3997.291,,
2023,6.0,12.0,115622.0,1.0,168.0,8280.0,2.0,-74.0,-41.0,-274.0,203.0,-188.0,-411.0,-318.0,-9.0,51.0,2915.0,-8192.0,-8192.0,-180.814,-72.96545,-290.3283,3272.068,-3002.848,-6574.021,-29.87636,-0.1236363,5.963636,1421.222,-3997.882,-3997.291,,
2023,6.0,12.0,115622.0,1.0,169.0,8282.0,2.0,-130.0,-20.0,-183.0,217.0,-198.0,-428.0,-332.0,-4.0,37.0,2844.0,-8192.0,-8192.0,-319.316,-31.06219,-156.2484,3496.525,-3163.174,-6846.575,-31.14909,0.3309091,4.690909,1386.574,-3997.882,-3997.291,,
[2023/06/12 11:57:32],,,,,,,,,,,,,,,,,,,,,,,,,,,,,,,,,
== yy0 ==============,,,,,,,,,,,,,,,,,,,,,,,,,,,,,,,,,
2023,6.0,12.0,115732.0,0.0,32.0,622.0,20.0,-139.0,60.0,26.0,31.0,-9.0,-54.0,11.0,-3.0,-15.0,2.0,0.0,0.0,-354.785,121.924,101.8627,514.4551,-133.0067,-850.3708,0.03272712,0.4218182,-0.03636384,-0.3220789,-0.18544,0.4050401,,
2023,6.0,12.0,115732.0,0.0,33.0,642.0,20.0,-141.0,59.0,22.0,31.0,-9.0,-53.0,14.0,-1.0,-18.0,2.0,0.0,-1.0,-359.323,120.2329,97.08655,514.4551,-133.0067,-834.3382,0.3054544,0.6036364,-0.3090911,-0.3220789,-0.18544,-0.08295995,,
2023,6.0,12.0,115732.0,0.0,34.0,662.0,20.0,-141.0,61.0,23.0,31.0,-9.0,-54.0,16.0,-6.0,-12.0,3.0,0.0,-1.0,-359.513,124.2715,97.22955,514.4551,-133.0067,-850.3708,0.4872726,0.1490909,0.2363634,0.1659211,-0.18544,-0.08295995,,
2023,6.0,12.0,115732.0,0.0,35.0,682.0,20.0,-139.0,59.0,26.0,31.0,-9.0,-53.0,11.0,-6.0,-16.0,3.0,1.0,0.0,-354.709,119.8776,102.5315,514.4551,-133.0067,-834.3382,0.03272712,0.1490909,-0.127273,0.1659211,0.30256,0.4050401,,
2023,6.0,12.0,115732.0,0.0,36.0,702.0,20.0,-139.0,62.0,23.0,31.0,-9.0,-54.0,10.0,-6.0,-12.0,3.0,0.0,-1.0,-354.823,126.1797,96.08278,514.4551,-133.0067,-850.3708,-0.05818194,0.1490909,0.2363634,0.1659211,-0.18544,-0.08295995,,
2023,6.0,12.0,115732.0,0.0,37.0,722.0,20.0,-140.0,61.0,24.0,31.0,-9.0,-53.0,7.0,-3.0,-11.0,2.0,0.0,0.0,-357.168,124.148,98.47131,514.4551,-133.0067,-834.3382,-0.3309093,0.4218182,0.3272725,-0.3220789,-0.18544,0.4050401,,
2023,6.0,12.0,115732.0,0.0,38.0,742.0,20.0,-138.0,60.0,26.0,31.0,-9.0,-54.0,11.0,-4.0,-9.0,3.0,1.0,0.0,-352.402,121.8549,101.6237,514.4551,-133.0067,-850.3708,0.03272712,0.3309091,0.5090907,0.1659211,0.30256,0.4050401,,
2023,6.0,12.0,115732.0,0.0,39.0,762.0,20.0,-142.0,59.0,25.0,31.0,-9.0,-54.0,9.0,0.0,-18.0,1.0,0.0,-1.0,-361.82,120.1392,101.7676,514.4551,-133.0067,-850.3708,-0.1490911,0.6945455,-0.3090911,-0.8100789,-0.18544,-0.08295995,,
2023,6.0,12.0,115732.0,0.0,40.0,782.0,20.0,-141.0,59.0,23.0,31.0,-10.0,-53.0,11.0,-2.0,-19.0,3.0,0.0,-2.0,-359.361,120.1787,98.56726,514.4551,-149.0394,-834.3382,0.03272712,0.5127273,-0.4000002,0.1659211,-0.18544,-0.5709599,,
2023,6.0,12.0,115732.0,0.0,41.0,802.0,20.0,-141.0,58.0,23.0,31.0,-9.0,-54.0,8.0,-7.0,-14.0,2.0,1.0,-2.0,-359.285,118.1323,99.23612,514.4551,-133.0067,-850.3708,-0.2400001,0.05818188,0.05454528,-0.3220789,0.30256,-0.5709599,,
2023,6.0,12.0,115732.0,0.0,42.0,822.0,20.0,-142.0,59.0,26.0,31.0,-9.0,-54.0,12.0,-12.0,-11.0,2.0,1.0,-2.0,-361.858,120.0849,103.2484,514.4551,-133.0067,-850.3708,0.1236362,-0.3963636,0.3272725,-0.3220789,0.30256,-0.5709599,,
2023,6.0,12.0,115732.0,0.0,43.0,842.0,20.0,-138.0,59.0,24.0,31.0,-9.0,-54.0,11.0,-3.0,-19.0,3.0,0.0,-1.0,-352.25,119.9171,99.33114,514.4551,-133.0067,-850.3708,0.03272712,0.4218182,-0.4000002,0.1659211,-0.18544,-0.08295995,,
2023,6.0,12.0,115732.0,0.0,44.0,862.0,20.0,-140.0,58.0,23.0,31.0,-9.0,-53.0,10.0,-11.0,-12.0,3.0,1.0,-1.0,-356.902,118.0631,98.99718,514.4551,-133.0067,-834.3382,-0.05818194,-0.3054545,0.2363634,0.1659211,0.30256,-0.08295995,,
2023,6.0,12.0,115732.0,0.0,45.0,882.0,20.0,-141.0,58.0,23.0,31.0,-9.0,-53.0,11.0,-11.0,-16.0,3.0,0.0,-1.0,-359.285,118.1323,99.23612,514.4551,-133.0067,-834.3382,0.03272712,-0.3054545,-0.127273,0.1659211,-0.18544,-0.08295995,,
2023,6.0,12.0,115732.0,0.0,46.0,902.0,20.0,-140.0,61.0,23.0,31.0,-9.0,-53.0,10.0,-6.0,-13.0,2.0,0.0,-1.0,-357.13,124.2024,96.9906,514.4551,-133.0067,-834.3382,-0.05818194,0.1490909,0.1454544,-0.3220789,-0.18544,-0.08295995,,
2023,6.0,12.0,115732.0,0.0,47.0,922.0,20.0,-139.0,58.0,22.0,31.0,-9.0,-53.0,2.0,-9.0,-15.0,2.0,1.0,-1.0,-354.481,118.0484,97.27752,514.4551,-133.0067,-834.3382,-0.7854547,-0.1236363,-0.03636384,-0.3220789,0.30256,-0.08295995,,
2023,6.0,12.0,115732.0,0.0,48.0,942.0,20.0,-139.0,57.0,25.0,31.0,-9.0,-54.0,8.0,-10.0,-14.0,3.0,0.0,-1.0,-354.519,115.8391,102.3885,514.4551,-133.0067,-850.3708,-0.2400001,-0.2145454,0.05454528,0.1659211,-0.18544,-0.08295995,,
2023,6.0,12.0,115732.0,0.0,49.0,962.0,20.0,-140.0,59.0,24.0,31.0,-9.0,-54.0,13.0,-7.0,-13.0,2.0,1.0,-1.0,-357.016,120.0553,99.80903,514.4551,-133.0067,-850.3708,0.2145452,0.05818188,0.1454544,-0.3220789,0.30256,-0.08295995,,
2023,6.0,12.0,115732.0,0.0,50.0,982.0,20.0,-140.0,59.0,24.0,31.0,-9.0,-54.0,2.0,-8.0,-12.0,3.0,0.0,0.0,-357.016,120.0553,99.80903,514.4551,-133.0067,-850.3708,-0.7854547,-0.03272724,0.2363634,0.1659211,-0.18544,0.4050401,,
2023,6.0,12.0,115732.0,0.0,51.0,1002.0,20.0,-142.0,58.0,24.0,31.0,-9.0,-54.0,10.0,-10.0,-9.0,2.0,0.0,-1.0,-361.706,118.1471,100.9558,514.4551,-133.0067,-850.3708,-0.05818194,-0.2145454,0.5090907,-0.3220789,-0.18544,-0.08295995,,
2023,6.0,12.0,115732.0,0.0,52.0,1022.0,20.0,-140.0,59.0,22.0,31.0,-9.0,-54.0,10.0,4.0,-16.0,2.0,1.0,-1.0,-356.94,120.1638,96.8476,514.4551,-133.0067,-850.3708,-0.05818194,1.058182,-0.127273,-0.3220789,0.30256,-0.08295995,,
2023,6.0,12.0,115732.0,0.0,53.0,1042.0,20.0,-139.0,59.0,24.0,31.0,-9.0,-54.0,12.0,-9.0,-8.0,3.0,1.0,-1.0,-354.633,119.9861,99.57008,514.4551,-133.0067,-850.3708,0.1236362,-0.1236363,0.5999998,0.1659211,0.30256,-0.08295995,,
2023,6.0,12.0,115732.0,0.0,54.0,1062.0,20.0,-139.0,58.0,23.0,31.0,-9.0,-53.0,14.0,-11.0,-10.0,3.0,1.0,0.0,-354.519,117.9941,98.75824,514.4551,-133.0067,-834.3382,0.3054544,-0.3054545,0.4181816,0.1659211,0.30256,0.4050401,,
2023,6.0,12.0,115732.0,0.0,55.0,1082.0,20.0,-142.0,59.0,22.0,31.0,-9.0,-54.0,9.0,-5.0,-11.0,3.0,0.0,0.0,-361.706,120.3021,97.32549,514.4551,-133.0067,-850.3708,-0.1490911,0.24,0.3272725,0.1659211,-0.18544,0.4050401,,
2023,6.0,12.0,115732.0,0.0,56.0,1102.0,20.0,-142.0,60.0,23.0,31.0,-9.0,-54.0,10.0,-8.0,-5.0,3.0,0.0,-1.0,-361.82,122.2942,98.13734,514.4551,-133.0067,-850.3708,-0.05818194,-0.03272724,0.872727,0.1659211,-0.18544,-0.08295995,,
2023,6.0,12.0,115732.0,0.0,57.0,1122.0,20.0,-138.0,59.0,23.0,31.0,-9.0,-54.0,12.0,-17.0,-7.0,3.0,0.0,-1.0,-352.212,119.9714,97.85042,514.4551,-133.0067,-850.3708,0.1236362,-0.850909,0.6909089,0.1659211,-0.18544,-0.08295995,,
2023,6.0,12.0,115732.0,0.0,58.0,1142.0,20.0,-141.0,60.0,24.0,31.0,-9.0,-54.0,6.0,-12.0,-12.0,3.0,1.0,-1.0,-359.475,122.1708,99.37911,514.4551,-133.0067,-850.3708,-0.4218183,-0.3963636,0.2363634,0.1659211,0.30256,-0.08295995,,
2023,6.0,12.0,115732.0,0.0,59.0,1162.0,20.0,-142.0,60.0,25.0,31.0,-9.0,-53.0,9.0,-5.0,-6.0,3.0,0.0,-1.0,-361.896,122.1855,101.0988,514.4551,-133.0067,-834.3382,-0.1490911,0.24,0.781818,0.1659211,-0.18544,-0.08295995,,
2023,6.0,12.0,115732.0,0.0,60.0,1182.0,20.0,-139.0,59.0,24.0,31.0,-9.0,-54.0,11.0,-12.0,-16.0,2.0,0.0,-1.0,-354.633,119.9861,99.57008,514.4551,-133.0067,-850.3708,0.03272712,-0.3963636,-0.127273,-0.3220789,-0.18544,-0.08295995,,
2023,6.0,12.0,115732.0,0.0,61.0,1202.0,20.0,-139.0,60.0,22.0,31.0,-9.0,-54.0,9.0,-11.0,-20.0,3.0,-1.0,-1.0,-354.633,122.1412,95.9398,514.4551,-133.0067,-850.3708,-0.1490911,-0.3054545,-0.4909093,0.1659211,-0.67344,-0.08295995,,
2023,6.0,12.0,115732.0,0.0,62.0,1222.0,20.0,-140.0,59.0,23.0,31.0,-9.0,-53.0,10.0,-9.0,-13.0,3.0,0.0,-1.0,-356.978,120.1096,98.32832,514.4551,-133.0067,-834.3382,-0.05818194,-0.1236363,0.1454544,0.1659211,-0.18544,-0.08295995,,
2023,6.0,12.0,115732.0,0.0,63.0,1242.0,20.0,-140.0,61.0,25.0,31.0,-9.0,-54.0,17.0,-9.0,-14.0,2.0,0.0,-1.0,-357.206,124.0938,99.95203,514.4551,-133.0067,-850.3708,0.5781816,-0.1236363,0.05454528,-0.3220789,-0.18544,-0.08295995,,
2023,6.0,12.0,115732.0,0.0,64.0,1262.0,20.0,-139.0,60.0,24.0,31.0,-10.0,-54.0,15.0,-8.0,-13.0,3.0,0.0,-1.0,-354.709,122.0325,98.90122,514.4551,-149.0394,-850.3708,0.3963635,-0.03272724,0.1454544,0.1659211,-0.18544,-0.08295995,,
2023,6.0,12.0,115732.0,0.0,65.0,1282.0,20.0,-139.0,57.0,25.0,31.0,-9.0,-54.0,8.0,-1.0,-19.0,2.0,1.0,-1.0,-354.519,115.8391,102.3885,514.4551,-133.0067,-850.3708,-0.2400001,0.6036364,-0.4000002,-0.3220789,0.30256,-0.08295995,,
2023,6.0,12.0,115732.0,0.0,66.0,1302.0,20.0,-140.0,60.0,23.0,31.0,-9.0,-54.0,13.0,-12.0,-17.0,3.0,1.0,-1.0,-357.054,122.1559,97.65946,514.4551,-133.0067,-850.3708,0.2145452,-0.3963636,-0.218182,0.1659211,0.30256,-0.08295995,,
2023,6.0,12.0,115732.0,0.0,67.0,1322.0,20.0,-140.0,60.0,24.0,32.0,-9.0,-54.0,13.0,-6.0,-23.0,3.0,0.0,-1.0,-357.092,122.1017,99.14017,530.4877,-133.0067,-850.3708,0.2145452,0.1490909,-0.7636365,0.1659211,-0.18544,-0.08295995,,
2023,6.0,12.0,115732.0,0.0,68.0,1342.0,20.0,-140.0,59.0,25.0,31.0,-9.0,-53.0,15.0,-14.0,-20.0,3.0,1.0,-1.0,-357.054,120.001,101.2897,514.4551,-133.0067,-834.3382,0.3963635,-0.5781817,-0.4909093,0.1659211,0.30256,-0.08295995,,
2023,6.0,12.0,115732.0,0.0,69.0,1362.0,20.0,-139.0,61.0,23.0,31.0,-9.0,-54.0,6.0,-5.0,-18.0,2.0,1.0,-1.0,-354.747,124.1333,96.75165,514.4551,-133.0067,-850.3708,-0.4218183,0.24,-0.3090911,-0.3220789,0.30256,-0.08295995,,
2023,6.0,12.0,115732.0,0.0,70.0,1382.0,20.0,-142.0,58.0,23.0,31.0,-9.0,-54.0,3.0,-5.0,-13.0,3.0,0.0,0.0,-361.668,118.2014,99.47507,514.4551,-133.0067,-850.3708,-0.6945456,0.24,0.1454544,0.1659211,-0.18544,0.4050401,,
2023,6.0,12.0,115732.0,0.0,71.0,1402.0,20.0,-141.0,56.0,22.0,31.0,-9.0,-53.0,14.0,-12.0,-17.0,3.0,0.0,-1.0,-359.095,114.0938,99.09312,514.4551,-133.0067,-834.3382,0.3054544,-0.3963636,-0.218182,0.1659211,-0.18544,-0.08295995,,
2023,6.0,12.0,115732.0,0.0,72.0,1422.0,20.0,-139.0,60.0,25.0,31.0,-9.0,-54.0,12.0,-16.0,-23.0,2.0,1.0,0.0,-354.747,121.9783,100.3819,514.4551,-133.0067,-850.3708,0.1236362,-0.76,-0.7636365,-0.3220789,0.30256,0.4050401,,
2023,6.0,12.0,115732.0,0.0,73.0,1442.0,20.0,-141.0,57.0,24.0,31.0,-9.0,-53.0,13.0,-10.0,-9.0,3.0,0.0,-1.0,-359.247,116.0316,101.3857,514.4551,-133.0067,-834.3382,0.2145452,-0.2145454,0.5090907,0.1659211,-0.18544,-0.08295995,,
2023,6.0,12.0,115732.0,0.0,74.0,1462.0,20.0,-139.0,59.0,22.0,31.0,-9.0,-53.0,14.0,-8.0,-13.0,3.0,0.0,-1.0,-354.557,120.0948,96.60866,514.4551,-133.0067,-834.3382,0.3054544,-0.03272724,0.1454544,0.1659211,-0.18544,-0.08295995,,
2023,6.0,12.0,115732.0,0.0,75.0,1482.0,20.0,-139.0,59.0,24.0,31.0,-9.0,-54.0,6.0,-10.0,-25.0,3.0,1.0,-1.0,-354.633,119.9861,99.57008,514.4551,-133.0067,-850.3708,-0.4218183,-0.2145454,-0.9454547,0.1659211,0.30256,-0.08295995,,
2023,6.0,12.0,115732.0,0.0,76.0,1502.0,20.0,-140.0,59.0,24.0,31.0,-9.0,-53.0,12.0,-6.0,-17.0,2.0,0.0,-1.0,-357.016,120.0553,99.80903,514.4551,-133.0067,-834.3382,0.1236362,0.1490909,-0.218182,-0.3220789,-0.18544,-0.08295995,,
2023,6.0,12.0,115732.0,0.0,77.0,1522.0,20.0,-142.0,60.0,26.0,31.0,-9.0,-54.0,8.0,-9.0,-14.0,3.0,0.0,-1.0,-361.934,122.1313,102.5795,514.4551,-133.0067,-850.3708,-0.2400001,-0.1236363,0.05454528,0.1659211,-0.18544,-0.08295995,,
2023,6.0,12.0,115732.0,0.0,78.0,1542.0,20.0,-140.0,60.0,23.0,31.0,-9.0,-54.0,10.0,-17.0,-12.0,3.0,0.0,-1.0,-357.054,122.1559,97.65946,514.4551,-133.0067,-850.3708,-0.05818194,-0.850909,0.2363634,0.1659211,-0.18544,-0.08295995,,
2023,6.0,12.0,115732.0,0.0,79.0,1562.0,20.0,-141.0,59.0,24.0,31.0,-9.0,-54.0,10.0,-4.0,-12.0,3.0,1.0,-1.0,-359.399,120.1244,100.048,514.4551,-133.0067,-850.3708,-0.05818194,0.3309091,0.2363634,0.1659211,0.30256,-0.08295995,,
2023,6.0,12.0,115732.0,0.0,80.0,1582.0,20.0,-139.0,60.0,22.0,31.0,-9.0,-54.0,14.0,-15.0,-20.0,3.0,0.0,-1.0,-354.633,122.1412,95.9398,514.4551,-133.0067,-850.3708,0.3054544,-0.6690909,-0.4909093,0.1659211,-0.18544,-0.08295995,,
2023,6.0,12.0,115732.0,0.0,81.0,1602.0,20.0,-142.0,59.0,23.0,31.0,-9.0,-54.0,14.0,-2.0,-13.0,3.0,1.0,-1.0,-361.744,120.2478,98.80621,514.4551,-133.0067,-850.3708,0.3054544,0.5127273,0.1454544,0.1659211,0.30256,-0.08295995,,
2023,6.0,12.0,115732.0,0.0,82.0,1622.0,20.0,-142.0,60.0,24.0,31.0,-9.0,-54.0,14.0,-5.0,-16.0,3.0,0.0,-1.0,-361.858,122.2399,99.61807,514.4551,-133.0067,-850.3708,0.3054544,0.24,-0.127273,0.1659211,-0.18544,-0.08295995,,
2023,6.0,12.0,115732.0,0.0,83.0,1642.0,20.0,-140.0,60.0,23.0,31.0,-9.0,-54.0,17.0,-10.0,-24.0,2.0,0.0,-1.0,-357.054,122.1559,97.65946,514.4551,-133.0067,-850.3708,0.5781816,-0.2145454,-0.8545457,-0.3220789,-0.18544,-0.08295995,,
2023,6.0,12.0,115732.0,0.0,84.0,1662.0,20.0,-141.0,60.0,24.0,31.0,-9.0,-54.0,8.0,-11.0,-6.0,3.0,0.0,0.0,-359.475,122.1708,99.37911,514.4551,-133.0067,-850.3708,-0.2400001,-0.3054545,0.781818,0.1659211,-0.18544,0.4050401,,
2023,6.0,12.0,115732.0,0.0,85.0,1682.0,20.0,-141.0,60.0,23.0,31.0,-9.0,-54.0,13.0,-6.0,-16.0,3.0,1.0,-1.0,-359.437,122.2251,97.8984,514.4551,-133.0067,-850.3708,0.2145452,0.1490909,-0.127273,0.1659211,0.30256,-0.08295995,,
2023,6.0,12.0,115732.0,0.0,86.0,1702.0,20.0,-138.0,61.0,23.0,31.0,-9.0,-54.0,13.0,-6.0,-20.0,3.0,1.0,0.0,-352.364,124.0642,96.5127,514.4551,-133.0067,-850.3708,0.2145452,0.1490909,-0.4909093,0.1659211,0.30256,0.4050401,,
2023,6.0,12.0,115732.0,0.0,87.0,1722.0,20.0,-139.0,58.0,24.0,31.0,-9.0,-54.0,7.0,-10.0,-13.0,3.0,1.0,0.0,-354.557,117.9398,100.2389,514.4551,-133.0067,-850.3708,-0.3309093,-0.2145454,0.1454544,0.1659211,0.30256,0.4050401,,
2023,6.0,12.0,115732.0,0.0,88.0,1742.0,20.0,-140.0,60.0,23.0,31.0,-9.0,-54.0,10.0,-5.0,-24.0,3.0,0.0,-1.0,-357.054,122.1559,97.65946,514.4551,-133.0067,-850.3708,-0.05818194,0.24,-0.8545457,0.1659211,-0.18544,-0.08295995,,
2023,6.0,12.0,115732.0,0.0,89.0,1762.0,20.0,-139.0,59.0,22.0,31.0,-9.0,-54.0,12.0,-6.0,-9.0,3.0,0.0,-1.0,-354.557,120.0948,96.60866,514.4551,-133.0067,-850.3708,0.1236362,0.1490909,0.5090907,0.1659211,-0.18544,-0.08295995,,
2023,6.0,12.0,115732.0,0.0,90.0,1782.0,20.0,-140.0,60.0,24.0,31.0,-9.0,-54.0,13.0,-7.0,-16.0,3.0,1.0,-1.0,-357.092,122.1017,99.14017,514.4551,-133.0067,-850.3708,0.2145452,0.05818188,-0.127273,0.1659211,0.30256,-0.08295995,,
2023,6.0,12.0,115732.0,0.0,91.0,1802.0,20.0,-140.0,59.0,25.0,32.0,-9.0,-54.0,13.0,-1.0,-19.0,2.0,1.0,-1.0,-357.054,120.001,101.2897,530.4877,-133.0067,-850.3708,0.2145452,0.6036364,-0.4000002,-0.3220789,0.30256,-0.08295995,,
2023,6.0,12.0,115732.0,0.0,92.0,1822.0,20.0,-140.0,57.0,24.0,31.0,-9.0,-54.0,8.0,-1.0,-11.0,3.0,0.0,0.0,-356.864,115.9625,101.1468,514.4551,-133.0067,-850.3708,-0.2400001,0.6036364,0.3272725,0.1659211,-0.18544,0.4050401,,
2023,6.0,12.0,115732.0,0.0,93.0,1842.0,20.0,-138.0,60.0,24.0,31.0,-9.0,-54.0,14.0,-7.0,-18.0,3.0,0.0,-1.0,-352.326,121.9634,98.66228,514.4551,-133.0067,-850.3708,0.3054544,0.05818188,-0.3090911,0.1659211,-0.18544,-0.08295995,,
2023,6.0,12.0,115732.0,0.0,94.0,1862.0,20.0,-140.0,58.0,23.0,31.0,-9.0,-54.0,15.0,-15.0,-12.0,3.0,1.0,-1.0,-356.902,118.0631,98.99718,514.4551,-133.0067,-850.3708,0.3963635,-0.6690909,0.2363634,0.1659211,0.30256,-0.08295995,,
2023,6.0,12.0,115732.0,0.0,95.0,1882.0,20.0,-141.0,58.0,24.0,31.0,-9.0,-54.0,10.0,-11.0,-18.0,3.0,1.0,-1.0,-359.323,118.078,100.7169,514.4551,-133.0067,-850.3708,-0.05818194,-0.3054545,-0.3090911,0.1659211,0.30256,-0.08295995,,
2023,6.0,12.0,115732.0,0.0,96.0,1902.0,20.0,-139.0,58.0,25.0,31.0,-9.0,-54.0,12.0,-10.0,-14.0,3.0,0.0,-1.0,-354.595,117.8855,101.7197,514.4551,-133.0067,-850.3708,0.1236362,-0.2145454,0.05454528,0.1659211,-0.18544,-0.08295995,,
2023,6.0,12.0,115732.0,0.0,97.0,1922.0,20.0,-139.0,58.0,21.0,31.0,-9.0,-54.0,11.0,-4.0,-20.0,3.0,0.0,-1.0,-354.443,118.1027,95.7968,514.4551,-133.0067,-850.3708,0.03272712,0.3309091,-0.4909093,0.1659211,-0.18544,-0.08295995,,
2023,6.0,12.0,115732.0,0.0,98.0,1942.0,20.0,-142.0,60.0,20.0,31.0,-10.0,-53.0,12.0,-2.0,-16.0,3.0,1.0,0.0,-361.706,122.457,93.69521,514.4551,-149.0394,-834.3382,0.1236362,0.5127273,-0.127273,0.1659211,0.30256,0.4050401,,
2023,6.0,12.0,115732.0,0.0,99.0,1962.0,20.0,-140.0,59.0,23.0,31.0,-9.0,-54.0,12.0,-11.0,-6.0,3.0,0.0,-1.0,-356.978,120.1096,98.32832,514.4551,-133.0067,-850.3708,0.1236362,-0.3054545,0.781818,0.1659211,-0.18544,-0.08295995,,
2023,6.0,12.0,115732.0,0.0,100.0,1982.0,20.0,-142.0,56.0,24.0,31.0,-9.0,-54.0,6.0,-9.0,-14.0,3.0,1.0,-1.0,-361.554,114.0543,102.2935,514.4551,-133.0067,-850.3708,-0.4218183,-0.1236363,0.05454528,0.1659211,0.30256,-0.08295995,,
2023,6.0,12.0,115732.0,0.0,101.0,2002.0,20.0,-141.0,59.0,24.0,31.0,-9.0,-54.0,17.0,-17.0,-18.0,2.0,0.0,0.0,-359.399,120.1244,100.048,514.4551,-133.0067,-850.3708,0.5781816,-0.850909,-0.3090911,-0.3220789,-0.18544,0.4050401,,
2023,6.0,12.0,115732.0,0.0,102.0,2022.0,20.0,-138.0,57.0,24.0,31.0,-9.0,-53.0,9.0,-9.0,-16.0,2.0,1.0,-1.0,-352.098,115.8243,100.6689,514.4551,-133.0067,-834.3382,-0.1490911,-0.1236363,-0.127273,-0.3220789,0.30256,-0.08295995,,
2023,6.0,12.0,115732.0,0.0,103.0,2042.0,20.0,-140.0,58.0,24.0,31.0,-9.0,-54.0,8.0,-9.0,-22.0,2.0,0.0,-1.0,-356.94,118.0089,100.4779,514.4551,-133.0067,-850.3708,-0.2400001,-0.1236363,-0.6727275,-0.3220789,-0.18544,-0.08295995,,
2023,6.0,12.0,115732.0,0.0,104.0,2062.0,20.0,-140.0,57.0,23.0,31.0,-9.0,-54.0,11.0,-5.0,-9.0,3.0,1.0,-1.0,-356.826,116.0168,99.66604,514.4551,-133.0067,-850.3708,0.03272712,0.24,0.5090907,0.1659211,0.30256,-0.08295995,,
2023,6.0,12.0,115732.0,0.0,105.0,2082.0,20.0,-140.0,58.0,20.0,31.0,-9.0,-54.0,19.0,-12.0,-23.0,3.0,0.0,0.0,-356.788,118.2261,94.55503,514.4551,-133.0067,-850.3708,0.7599999,-0.3963636,-0.7636365,0.1659211,-0.18544,0.4050401,,
2023,6.0,12.0,115732.0,0.0,106.0,2102.0,20.0,-139.0,61.0,23.0,31.0,-9.0,-54.0,10.0,-10.0,-14.0,3.0,1.0,-2.0,-354.747,124.1333,96.75165,514.4551,-133.0067,-850.3708,-0.05818194,-0.2145454,0.05454528,0.1659211,0.30256,-0.5709599,,
2023,6.0,12.0,115732.0,0.0,107.0,2122.0,20.0,-141.0,60.0,21.0,31.0,-9.0,-54.0,14.0,-10.0,-24.0,2.0,0.0,-1.0,-359.361,122.3336,94.93697,514.4551,-133.0067,-850.3708,0.3054544,-0.2145454,-0.8545457,-0.3220789,-0.18544,-0.08295995,,
2023,6.0,12.0,115732.0,0.0,108.0,2142.0,20.0,-143.0,58.0,23.0,31.0,-9.0,-54.0,5.0,-6.0,-16.0,2.0,1.0,-1.0,-364.051,118.2705,99.71401,514.4551,-133.0067,-850.3708,-0.5127274,0.1490909,-0.127273,-0.3220789,0.30256,-0.08295995,,
2023,6.0,12.0,115732.0,0.0,109.0,2162.0,20.0,-141.0,58.0,25.0,31.0,-9.0,-54.0,8.0,-4.0,-14.0,2.0,0.0,-1.0,-359.361,118.0237,102.1975,514.4551,-133.0067,-850.3708,-0.2400001,0.3309091,0.05454528,-0.3220789,-0.18544,-0.08295995,,
2023,6.0,12.0,115732.0,0.0,110.0,2182.0,20.0,-141.0,58.0,24.0,31.0,-9.0,-54.0,11.0,-6.0,-16.0,2.0,1.0,-1.0,-359.323,118.078,100.7169,514.4551,-133.0067,-850.3708,0.03272712,0.1490909,-0.127273,-0.3220789,0.30256,-0.08295995,,
2023,6.0,12.0,115732.0,0.0,111.0,2202.0,20.0,-143.0,60.0,22.0,31.0,-9.0,-54.0,6.0,-2.0,-8.0,3.0,0.0,0.0,-364.165,122.4176,96.89557,514.4551,-133.0067,-850.3708,-0.4218183,0.5127273,0.5999998,0.1659211,-0.18544,0.4050401,,
2023,6.0,12.0,115732.0,0.0,112.0,2222.0,20.0,-141.0,59.0,23.0,31.0,-9.0,-54.0,11.0,-9.0,-7.0,2.0,1.0,-1.0,-359.361,120.1787,98.56726,514.4551,-133.0067,-850.3708,0.03272712,-0.1236363,0.6909089,-0.3220789,0.30256,-0.08295995,,
2023,6.0,12.0,115732.0,0.0,113.0,2241.97,19.9697,-139.0,61.0,24.0,31.0,-9.0,-54.0,13.0,-12.0,-16.0,3.0,0.0,-1.0,-354.785,124.0789,98.23236,514.4551,-133.0067,-850.3708,0.2145452,-0.3963636,-0.127273,0.1659211,-0.18544,-0.08295995,,
2023,6.0,12.0,115732.0,0.0,114.0,2262.0,20.0303,-140.0,59.0,22.0,31.0,-9.0,-54.0,17.0,-1.0,-16.0,3.0,1.0,-1.0,-356.94,120.1638,96.8476,514.4551,-133.0067,-850.3708,0.5781816,0.6036364,-0.127273,0.1659211,0.30256,-0.08295995,,
2023,6.0,12.0,115732.0,0.0,115.0,2282.0,20.0,-141.0,56.0,24.0,31.0,-9.0,-54.0,4.0,-10.0,-18.0,3.0,0.0,-1.0,-359.171,113.9852,102.0546,514.4551,-133.0067,-850.3708,-0.6036365,-0.2145454,-0.3090911,0.1659211,-0.18544,-0.08295995,,
2023,6.0,12.0,115732.0,0.0,116.0,2301.97,19.9697,-141.0,57.0,23.0,31.0,-9.0,-54.0,2.0,-5.0,-12.0,3.0,0.0,0.0,-359.209,116.0859,99.90498,514.4551,-133.0067,-850.3708,-0.7854547,0.24,0.2363634,0.1659211,-0.18544,0.4050401,,
2023,6.0,12.0,115732.0,0.0,117.0,2322.0,20.0303,-141.0,59.0,22.0,31.0,-9.0,-54.0,10.0,-2.0,-9.0,2.0,1.0,-1.0,-359.323,120.2329,97.08655,514.4551,-133.0067,-850.3708,-0.05818194,0.5127273,0.5090907,-0.3220789,0.30256,-0.08295995,,
2023,6.0,12.0,115732.0,0.0,118.0,2342.0,20.0,-141.0,58.0,23.0,31.0,-9.0,-54.0,9.0,-16.0,-11.0,3.0,1.0,-1.0,-359.285,118.1323,99.23612,514.4551,-133.0067,-850.3708,-0.1490911,-0.76,0.3272725,0.1659211,0.30256,-0.08295995,,
2023,6.0,12.0,115732.0,0.0,119.0,2362.0,20.0,-143.0,58.0,22.0,31.0,-9.0,-54.0,11.0,-4.0,-8.0,3.0,0.0,0.0,-364.013,118.3248,98.2333,514.4551,-133.0067,-850.3708,0.03272712,0.3309091,0.5999998,0.1659211,-0.18544,0.4050401,,
2023,6.0,12.0,115732.0,0.0,120.0,2382.0,20.0,-142.0,58.0,21.0,31.0,-9.0,-53.0,14.0,-15.0,-12.0,2.0,0.0,-1.0,-361.592,118.3099,96.51364,514.4551,-133.0067,-834.3382,0.3054544,-0.6690909,0.2363634,-0.3220789,-0.18544,-0.08295995,,
2023,6.0,12.0,115732.0,0.0,121.0,2402.0,20.0,-139.0,58.0,23.0,31.0,-9.0,-53.0,19.0,-5.0,-18.0,3.0,0.0,-1.0,-354.519,117.9941,98.75824,514.4551,-133.0067,-834.3382,0.7599999,0.24,-0.3090911,0.1659211,-0.18544,-0.08295995,,
2023,6.0,12.0,115732.0,0.0,122.0,2422.0,20.0,-140.0,60.0,22.0,31.0,-9.0,-54.0,6.0,-9.0,-16.0,2.0,0.0,-1.0,-357.016,122.2102,96.17874,514.4551,-133.0067,-850.3708,-0.4218183,-0.1236363,-0.127273,-0.3220789,-0.18544,-0.08295995,,
2023,6.0,12.0,115732.0,0.0,123.0,2442.0,20.0,-142.0,58.0,25.0,31.0,-9.0,-54.0,10.0,-2.0,-16.0,3.0,0.0,-1.0,-361.744,118.0928,102.4365,514.4551,-133.0067,-850.3708,-0.05818194,0.5127273,-0.127273,0.1659211,-0.18544,-0.08295995,,
2023,6.0,12.0,115732.0,0.0,124.0,2462.0,20.0,-140.0,60.0,23.0,31.0,-9.0,-54.0,7.0,-10.0,-8.0,3.0,0.0,0.0,-357.054,122.1559,97.65946,514.4551,-133.0067,-850.3708,-0.3309093,-0.2145454,0.5999998,0.1659211,-0.18544,0.4050401,,
2023,6.0,12.0,115732.0,0.0,125.0,2482.0,20.0,-138.0,59.0,23.0,31.0,-9.0,-53.0,6.0,-6.0,-17.0,2.0,0.0,-1.0,-352.212,119.9714,97.85042,514.4551,-133.0067,-834.3382,-0.4218183,0.1490909,-0.218182,-0.3220789,-0.18544,-0.08295995,,
2023,6.0,12.0,115732.0,0.0,126.0,2502.0,20.0,-141.0,60.0,22.0,31.0,-9.0,-54.0,10.0,-12.0,-22.0,3.0,0.0,-1.0,-359.399,122.2793,96.41769,514.4551,-133.0067,-850.3708,-0.05818194,-0.3963636,-0.6727275,0.1659211,-0.18544,-0.08295995,,
2023,6.0,12.0,115732.0,0.0,127.0,2522.0,20.0,-139.0,59.0,24.0,31.0,-9.0,-54.0,9.0,-11.0,-16.0,2.0,0.0,-1.0,-354.633,119.9861,99.57008,514.4551,-133.0067,-850.3708,-0.1490911,-0.3054545,-0.127273,-0.3220789,-0.18544,-0.08295995,,
2023,6.0,12.0,115732.0,0.0,128.0,2542.0,20.0,-140.0,59.0,24.0,31.0,-10.0,-54.0,13.0,2.0,-19.0,2.0,1.0,-1.0,-357.016,120.0553,99.80903,514.4551,-149.0394,-850.3708,0.2145452,0.8763637,-0.4000002,-0.3220789,0.30256,-0.08295995,,
2023,6.0,12.0,115732.0,0.0,129.0,2562.0,20.0,-141.0,59.0,22.0,31.0,-9.0,-54.0,10.0,-5.0,-15.0,3.0,-1.0,-1.0,-359.323,120.2329,97.08655,514.4551,-133.0067,-850.3708,-0.05818194,0.24,-0.03636384,0.1659211,-0.67344,-0.08295995,,
2023,6.0,12.0,115732.0,0.0,130.0,2582.0,20.0,-140.0,56.0,22.0,31.0,-9.0,-54.0,14.0,-8.0,-15.0,2.0,1.0,0.0,-356.712,114.0247,98.85418,514.4551,-133.0067,-850.3708,0.3054544,-0.03272724,-0.03636384,-0.3220789,0.30256,0.4050401,,
2023,6.0,12.0,115732.0,0.0,131.0,2602.0,20.0,-140.0,57.0,24.0,31.0,-9.0,-53.0,5.0,-8.0,-3.0,4.0,1.0,-1.0,-356.864,115.9625,101.1468,514.4551,-133.0067,-834.3382,-0.5127274,-0.03272724,1.054545,0.6539211,0.30256,-0.08295995,,
== yy1 ==============,,,,,,,,,,,,,,,,,,,,,,,,,,,,,,,,,
2023,6.0,12.0,115732.0,1.0,1.0,8642.0,0.0,124.0,76.0,-97.0,206.0,-94.0,419.0,39.0,-19.0,60.0,-1854.0,40.0,1122.0,275.402,143.1708,-153.81,3320.166,-1495.781,6733.064,2.578182,-1.032727,6.781818,-906.0501,19.33456,547.941,,
2023,6.0,12.0,115732.0,1.0,2.0,8644.0,2.0,124.0,75.0,-90.0,200.0,-94.0,427.0,40.0,-16.0,71.0,-1864.0,67.0,1122.0,275.212,140.7443,-142.7761,3223.97,-1495.781,6861.325,2.669091,-0.76,7.781818,-910.9301,32.51056,547.941,,
2023,6.0,12.0,115732.0,1.0,3.0,8646.0,2.0,127.0,74.0,-87.0,210.0,-84.0,431.0,41.0,-26.0,55.0,-1864.0,71.0,1141.0,282.323,138.3277,-138.3819,3384.296,-1335.454,6925.456,2.76,-1.669091,6.327272,-910.9301,34.46256,557.213,,
2023,6.0,12.0,115732.0,1.0,4.0,8648.0,2.0,131.0,74.0,-85.0,220.0,-99.0,435.0,40.0,-22.0,63.0,-1898.0,71.0,1164.0,291.779,137.9427,-136.3763,3544.623,-1575.944,6989.586,2.669091,-1.305454,7.054545,-927.5221,34.46256,568.437,,
2023,6.0,12.0,115732.0,1.0,5.0,8650.0,2.0,130.0,74.0,-84.0,220.0,-99.0,435.0,42.0,-17.0,65.0,-1898.0,71.0,1164.0,289.358,137.9576,-134.6566,3544.623,-1575.944,6989.586,2.850909,-0.850909,7.236363,-927.5221,34.46256,568.437,,
2023,6.0,12.0,115732.0,1.0,6.0,8652.0,2.0,130.0,72.0,-79.0,215.0,-111.0,437.0,39.0,-33.0,63.0,-1966.0,85.0,1138.0,289.32,133.5933,-125.9153,3464.459,-1768.335,7021.652,2.578182,-2.305454,7.054545,-960.7061,41.29456,555.749,,
2023,6.0,12.0,115732.0,1.0,7.0,8654.0,2.0,132.0,72.0,-74.0,217.0,-117.0,438.0,47.0,-33.0,73.0,-1999.0,95.0,1123.0,293.896,133.1836,-118.9896,3496.525,-1864.531,7037.685,3.305455,-2.305454,7.963636,-976.8101,46.17456,548.429,,
2023,6.0,12.0,115732.0,1.0,8.0,8656.0,2.0,135.0,75.0,-71.0,219.0,-123.0,437.0,44.0,-25.0,59.0,-2042.0,104.0,1104.0,300.703,138.9526,-117.271,3528.59,-1960.727,7021.652,3.032727,-1.578182,6.690909,-997.7941,50.56656,539.157,,
2023,6.0,12.0,115732.0,1.0,9.0,8658.0,2.0,135.0,71.0,-71.0,219.0,-127.0,437.0,37.0,-31.0,75.0,-2091.0,110.0,1079.0,301.007,130.767,-114.5955,3528.59,-2024.857,7021.652,2.396363,-2.123636,8.145454,-1021.706,53.49456,526.957,,
2023,6.0,12.0,115732.0,1.0,10.0,8660.0,2.0,135.0,69.0,-66.0,218.0,-134.0,441.0,41.0,-27.0,75.0,-2144.0,113.0,1051.0,300.969,126.4028,-105.8542,3512.557,-2137.086,7085.782,2.76,-1.76,8.145454,-1047.57,54.95856,513.293,,
2023,6.0,12.0,115732.0,1.0,11.0,8662.0,2.0,138.0,72.0,-62.0,217.0,-139.0,449.0,45.0,-23.0,58.0,-2199.0,113.0,1023.0,307.738,132.1174,-102.6548,3496.525,-2217.249,7214.043,3.123636,-1.396363,6.6,-1074.41,54.95856,499.629,,
2023,6.0,12.0,115732.0,1.0,12.0,8664.0,2.0,136.0,72.0,-60.0,218.0,-142.0,459.0,40.0,-26.0,69.0,-2253.0,109.0,1000.0,302.896,132.1471,-99.21542,3512.557,-2265.347,7374.37,2.669091,-1.669091,7.6,-1100.762,53.00656,488.405,,
2023,6.0,12.0,115732.0,1.0,13.0,8666.0,2.0,137.0,72.0,-56.0,218.0,-144.0,469.0,41.0,-33.0,73.0,-2312.0,104.0,982.0,305.127,131.8608,-93.53152,3512.557,-2297.412,7534.696,2.76,-2.305454,7.963636,-1129.554,50.56656,479.621,,
2023,6.0,12.0,115732.0,1.0,14.0,8668.0,2.0,139.0,72.0,-53.0,216.0,-146.0,478.0,45.0,-29.0,80.0,-2369.0,97.0,970.0,309.779,131.5597,-89.56723,3480.492,-2329.477,7678.99,3.123636,-1.941818,8.6,-1157.37,47.15056,473.765,,
2023,6.0,12.0,115732.0,1.0,15.0,8670.0,2.0,139.0,69.0,-50.0,212.0,-147.0,487.0,43.0,-20.0,70.0,-2426.0,92.0,963.0,309.893,125.2577,-83.11853,3416.362,-2345.51,7823.283,2.941818,-1.123636,7.690909,-1185.186,44.71056,470.349,,
2023,6.0,12.0,115732.0,1.0,16.0,8672.0,2.0,140.0,69.0,-45.0,208.0,-147.0,496.0,38.0,-31.0,81.0,-2479.0,91.0,965.0,312.086,124.9171,-75.9539,3352.231,-2345.51,7967.577,2.487273,-2.123636,8.690909,-1211.05,44.22256,471.325,,
2023,6.0,12.0,115732.0,1.0,17.0,8674.0,2.0,141.0,68.0,-42.0,203.0,-146.0,504.0,36.0,-26.0,84.0,-2532.0,93.0,974.0,314.431,122.6387,-71.08186,3272.068,-2329.477,8095.838,2.305454,-1.669091,8.963636,-1236.914,45.19856,475.717,,
2023,6.0,12.0,115732.0,1.0,18.0,8676.0,2.0,142.0,68.0,-38.0,200.0,-146.0,512.0,39.0,-32.0,74.0,-2587.0,98.0,989.0,316.662,122.3524,-65.39793,3223.97,-2329.477,8224.1,2.578182,-2.214545,8.054545,-1263.754,47.63856,483.037,,
2023,6.0,12.0,115732.0,1.0,19.0,8678.0,2.0,143.0,65.0,-39.0,197.0,-145.0,519.0,42.0,-29.0,83.0,-2642.0,108.0,1007.0,319.311,116.1984,-65.11101,3175.872,-2313.445,8336.327,2.850909,-1.941818,8.872727,-1290.594,52.51856,491.821,,
2023,6.0,12.0,115732.0,1.0,20.0,8680.0,2.0,147.0,65.0,-33.0,198.0,-143.0,528.0,41.0,-22.0,91.0,-2699.0,124.0,1029.0,328.615,115.5963,-57.1825,3191.905,-2281.379,8480.621,2.76,-1.305454,9.599999,-1318.41,60.32656,502.557,,
2023,6.0,12.0,115732.0,1.0,21.0,8682.0,2.0,146.0,65.0,-31.0,200.0,-142.0,538.0,37.0,-29.0,91.0,-2762.0,142.0,1050.0,326.156,115.5567,-53.98212,3223.97,-2265.347,8640.947,2.396363,-1.941818,9.599999,-1349.154,69.11056,512.8051,,
2023,6.0,12.0,115732.0,1.0,22.0,8684.0,2.0,145.0,62.0,-26.0,203.0,-141.0,550.0,34.0,-24.0,83.0,-2829.0,165.0,1065.0,323.811,109.2152,-44.33302,3272.068,-2249.314,8833.339,2.123636,-1.487273,8.872727,-1381.85,80.33456,520.1251,,
2023,6.0,12.0,115732.0,1.0,23.0,8686.0,2.0,145.0,62.0,-23.0,210.0,-138.0,563.0,44.0,-22.0,84.0,-2897.0,189.0,1077.0,323.697,109.0523,-39.89087,3384.296,-2201.216,9041.764,3.032727,-1.305454,8.963636,-1415.034,92.04656,525.981,,
2023,6.0,12.0,115732.0,1.0,24.0,8688.0,2.0,147.0,58.0,-20.0,219.0,-133.0,578.0,42.0,-25.0,100.0,-2972.0,213.0,1084.0,328.653,100.5656,-33.25117,3528.59,-2121.053,9282.253,2.850909,-1.578182,10.41818,-1451.634,103.7586,529.397,,
2023,6.0,12.0,115732.0,1.0,25.0,8690.0,2.0,146.0,56.0,-15.0,229.0,-126.0,594.0,41.0,-23.0,102.0,-3051.0,233.0,1081.0,326.232,96.27048,-24.27095,3688.916,-2008.825,9538.775,2.76,-1.396363,10.6,-1490.186,113.5186,527.933,,
2023,6.0,12.0,115732.0,1.0,26.0,8692.0,2.0,151.0,55.0,-13.0,242.0,-117.0,612.0,50.0,-21.0,101.0,-3136.0,250.0,1069.0,338.147,93.76996,-21.83536,3897.341,-1864.531,9827.362,3.578182,-1.214545,10.50909,-1531.666,121.8146,522.077,,
2023,6.0,12.0,115732.0,1.0,27.0,8694.0,2.0,148.0,54.0,-9.0,258.0,-107.0,635.0,53.0,-17.0,103.0,-3230.0,259.0,1047.0,330.922,91.71371,-14.52682,4153.863,-1704.205,10196.11,3.850909,-0.850909,10.69091,-1577.538,126.2066,511.341,,
2023,6.0,12.0,115732.0,1.0,28.0,8696.0,2.0,150.0,51.0,-4.0,276.0,-93.0,660.0,50.0,-14.0,113.0,-3330.0,263.0,1010.0,335.726,85.16486,-5.594543,4442.45,-1479.748,10596.93,3.578182,-0.5781817,11.6,-1626.338,128.1586,493.285,,
2023,6.0,12.0,115732.0,1.0,29.0,8698.0,2.0,151.0,48.0,-5.0,294.0,-76.0,685.0,52.0,-11.0,123.0,-3434.0,257.0,957.0,338.375,79.01086,-5.307602,4731.038,-1207.193,10997.74,3.76,-0.3054545,12.50909,-1677.09,125.2306,467.421,,
2023,6.0,12.0,115732.0,1.0,30.0,8700.0,2.0,153.0,46.0,2.0,312.0,-56.0,713.0,59.0,-10.0,108.0,-3548.0,242.0,889.0,343.027,74.3998,5.917221,5019.625,-886.5405,11446.66,4.396364,-0.2145454,11.14545,-1732.722,117.9106,434.237,,
2023,6.0,12.0,115732.0,1.0,31.0,8702.0,2.0,152.0,44.0,6.0,329.0,-33.0,741.0,61.0,-1.0,124.0,-3664.0,214.0,810.0,340.644,70.15894,13.41675,5292.18,-517.7899,11895.57,4.578182,0.6036364,12.6,-1789.33,104.2466,395.685,,
2023,6.0,12.0,115732.0,1.0,32.0,8708.0,6.0,154.0,39.0,10.0,362.0,43.0,813.0,61.0,10.0,135.0,-4005.0,45.0,500.0,345.638,59.57156,22.20601,5821.256,700.6902,13049.92,4.578182,1.603637,13.6,-1955.738,21.77456,244.405,,
2023,6.0,12.0,115732.0,1.0,33.0,8710.0,2.0,152.0,37.0,12.0,365.0,67.0,840.0,68.0,5.0,145.0,-4120.0,-32.0,384.0,340.948,55.50839,26.98305,5869.354,1085.473,13482.8,5.214545,1.149091,14.50909,-2011.858,-15.80144,187.797,,
2023,6.0,12.0,115732.0,1.0,34.0,8714.0,4.0,153.0,34.0,11.0,359.0,123.0,894.0,56.0,24.0,143.0,-4323.0,-213.0,152.0,343.597,49.35439,27.26999,5773.159,1983.301,14348.56,4.123636,2.876364,14.32727,-2110.922,-104.1294,74.58104,,
2023,6.0,12.0,115732.0,1.0,35.0,8716.0,2.0,151.0,31.0,13.0,349.0,151.0,912.0,69.0,31.0,146.0,-4375.0,-337.0,35.0,338.983,43.24481,32.7159,5612.832,2432.214,14637.15,5.305455,3.512727,14.6,-2136.298,-164.6414,17.48504,,
2023,6.0,12.0,115732.0,1.0,36.0,8718.0,2.0,151.0,32.0,11.0,336.0,202.0,902.0,68.0,33.0,149.0,-4371.0,-442.0,-65.0,338.983,45.3998,29.0856,5404.408,3249.879,14476.83,5.214545,3.694546,14.87273,-2134.346,-215.8814,-31.31496,,
2023,6.0,12.0,115732.0,1.0,37.0,8720.0,2.0,151.0,33.0,13.0,379.0,194.0,946.0,60.0,38.0,164.0,-4432.0,-553.0,-123.0,338.831,47.33762,31.37816,6093.811,3121.618,15182.26,4.487273,4.149091,16.23636,-2164.114,-270.0494,-59.61896,,
2023,6.0,12.0,115732.0,1.0,38.0,8722.0,2.0,150.0,32.0,10.0,360.0,212.0,1003.0,47.0,44.0,174.0,-4533.0,-671.0,-204.0,336.638,45.52319,27.84384,5789.191,3410.205,16096.12,3.305455,4.694546,17.14545,-2213.402,-327.6334,-99.14697,,
2023,6.0,12.0,115732.0,1.0,39.0,8724.0,2.0,152.0,32.0,8.0,307.0,230.0,1042.0,47.0,44.0,171.0,-4606.0,-797.0,-270.0,341.48,45.49358,24.40451,4939.461,3698.792,16721.39,3.305455,4.694546,16.87273,-2249.026,-389.1214,-131.3549,,
2023,6.0,12.0,115732.0,1.0,40.0,8726.0,2.0,153.0,33.0,8.0,274.0,248.0,1058.0,39.0,42.0,175.0,-4633.0,-907.0,-294.0,343.787,47.47087,23.4967,4410.385,3987.38,16977.92,2.578182,4.512727,17.23636,-2262.202,-442.8014,-143.067,,
2023,6.0,12.0,115732.0,1.0,41.0,8728.0,2.0,153.0,31.0,5.0,256.0,262.0,1060.0,46.0,44.0,171.0,-4636.0,-994.0,-293.0,344.053,43.54097,20.39229,4121.797,4211.837,17009.98,3.214545,4.694546,16.87273,-2263.666,-485.2574,-142.579,,
2023,6.0,12.0,115732.0,1.0,42.0,8730.0,2.0,150.0,34.0,4.0,231.0,280.0,1071.0,30.0,58.0,170.0,-4634.0,-1065.0,-279.0,336.714,49.94176,17.62183,3720.982,4500.424,17186.34,1.76,5.967273,16.78182,-2262.69,-519.9055,-135.747,,
2023,6.0,12.0,115732.0,1.0,43.0,8732.0,2.0,149.0,33.0,0.0,194.0,297.0,1093.0,24.0,50.0,188.0,-4628.0,-1118.0,-254.0,334.559,48.18164,12.60678,3127.774,4772.979,17539.06,1.214545,5.24,18.41818,-2259.762,-545.7694,-123.547,,
2023,6.0,12.0,115732.0,1.0,44.0,8734.0,2.0,152.0,36.0,-4.0,154.0,317.0,1112.0,23.0,61.0,187.0,-4604.0,-1156.0,-218.0,341.632,54.3307,3.960495,2486.469,5093.631,17843.68,1.123636,6.24,18.32727,-2248.05,-564.3134,-105.979,,
2023,6.0,12.0,115732.0,1.0,45.0,8736.0,2.0,150.0,34.0,-7.0,121.0,337.0,1119.0,19.0,62.0,181.0,-4565.0,-1177.0,-169.0,337.132,50.53899,1.333954,1957.392,5414.284,17955.91,0.7599999,6.330909,17.78182,-2229.018,-574.5614,-82.06696,,
2023,6.0,12.0,115732.0,1.0,46.0,8738.0,2.0,153.0,34.0,-8.0,94.0,354.0,1118.0,6.0,64.0,176.0,-4507.0,-1177.0,-109.0,344.319,50.38599,-0.8635864,1524.511,5686.839,17939.88,-0.4218183,6.512728,17.32727,-2200.714,-574.5614,-52.78696,,
2023,6.0,12.0,115732.0,1.0,47.0,8740.0,2.0,153.0,34.0,-10.0,69.0,368.0,1113.0,13.0,67.0,177.0,-4443.0,-1163.0,-39.0,344.395,50.49457,-3.825027,1123.695,5911.296,17859.71,0.2145452,6.785455,17.41818,-2169.482,-567.7294,-18.62696,,
2023,6.0,12.0,115732.0,1.0,48.0,8742.0,2.0,152.0,35.0,-12.0,46.0,380.0,1110.0,6.0,67.0,181.0,-4375.0,-1136.0,39.0,342.012,52.71866,-7.216385,754.9446,6103.688,17811.61,-0.4218183,6.785455,17.78182,-2136.298,-554.5534,19.43704,,
2023,6.0,12.0,115732.0,1.0,49.0,8744.0,2.0,152.0,35.0,-15.0,29.0,390.0,1110.0,8.0,64.0,173.0,-4308.0,-1097.0,126.0,342.126,52.88155,-11.65851,482.3898,6264.014,17811.61,-0.2400001,6.512728,17.05455,-2103.602,-535.5214,61.89304,,
2023,6.0,12.0,115732.0,1.0,50.0,8746.0,2.0,150.0,34.0,-17.0,16.0,397.0,1110.0,2.0,66.0,177.0,-4238.0,-1048.0,221.0,337.512,51.08194,-13.47319,273.9656,6376.242,17811.61,-0.7854547,6.694546,17.41818,-2069.442,-511.6094,108.253,,
2023,6.0,12.0,115732.0,1.0,51.0,8748.0,2.0,152.0,35.0,-18.0,10.0,402.0,1110.0,6.0,66.0,176.0,-4169.0,-990.0,321.0,342.24,53.04442,-16.10068,177.7698,6456.405,17811.61,-0.4218183,6.694546,17.32727,-2035.77,-483.3054,157.053,,
2023,6.0,12.0,115732.0,1.0,52.0,8750.0,2.0,151.0,34.0,-20.0,8.0,407.0,1109.0,11.0,74.0,174.0,-4104.0,-921.0,422.0,340.009,51.17572,-18.15428,145.7046,6536.568,17795.58,0.03272712,7.421818,17.14545,-2004.05,-449.6334,206.341,,
2023,6.0,12.0,115732.0,1.0,53.0,8752.0,2.0,151.0,32.0,-22.0,11.0,411.0,1111.0,9.0,67.0,172.0,-4048.0,-845.0,521.0,340.237,47.19151,-19.778,193.8025,6600.699,17827.65,-0.1490911,6.785455,16.96364,-1976.722,-412.5454,254.653,,
2023,6.0,12.0,115732.0,1.0,54.0,8754.0,2.0,151.0,32.0,-21.0,19.0,414.0,1117.0,16.0,74.0,176.0,-4002.0,-762.0,614.0,340.199,47.13721,-18.29727,322.0635,6648.797,17923.84,0.4872726,7.421818,17.32727,-1954.274,-372.0414,300.037,,
2023,6.0,12.0,115732.0,1.0,55.0,8756.0,2.0,151.0,30.0,-25.0,30.0,420.0,1130.0,10.0,78.0,190.0,-3968.0,-676.0,700.0,340.503,43.2616,-22.88242,498.4225,6744.993,18132.27,-0.05818194,7.785455,18.6,-1937.682,-330.0734,342.005,,
2023,6.0,12.0,115732.0,1.0,56.0,8758.0,2.0,150.0,29.0,-27.0,45.0,432.0,1147.0,12.0,76.0,187.0,-3937.0,-591.0,783.0,338.272,41.3929,-24.93604,738.912,6937.384,18404.82,0.1236362,7.603637,18.32727,-1922.554,-288.5934,382.509,,
2023,6.0,12.0,115732.0,1.0,57.0,8759.97,1.969697,151.0,26.0,-28.0,61.0,447.0,1163.0,18.0,82.0,191.0,-3910.0,-522.0,853.0,340.921,35.23889,-24.64911,995.4341,7177.874,18661.34,0.6690907,8.149091,18.69091,-1909.378,-254.9214,416.669,,
2023,6.0,12.0,115732.0,1.0,58.0,8762.0,2.030303,151.0,24.0,-29.0,72.0,465.0,1194.0,19.0,82.0,204.0,-3902.0,-448.0,901.0,341.111,31.20041,-24.7921,1171.793,7466.461,19158.35,0.7599999,8.149091,19.87273,-1905.474,-218.8094,440.093,,
2023,6.0,12.0,115732.0,1.0,59.0,8764.0,2.0,154.0,25.0,-32.0,87.0,483.0,1229.0,25.0,83.0,213.0,-3918.0,-362.0,930.0,348.298,33.20236,-30.61995,1412.282,7755.048,19719.5,1.305454,8.24,20.69091,-1913.282,-176.8414,454.245,,
2023,6.0,12.0,115732.0,1.0,60.0,8766.0,2.0,149.0,21.0,-30.0,105.0,506.0,1268.0,28.0,88.0,218.0,-3951.0,-275.0,939.0,336.611,25.25371,-23.78835,1700.87,8123.799,20344.77,1.578182,8.694546,21.14545,-1929.386,-134.3854,458.637,,
2023,6.0,12.0,115732.0,1.0,61.0,8768.0,2.0,152.0,21.0,-32.0,121.0,530.0,1319.0,26.0,84.0,235.0,-4004.0,-186.0,932.0,343.836,25.15498,-27.4666,1957.392,8508.582,21162.43,1.396363,8.330909,22.69091,-1955.25,-90.95344,455.221,,
2023,6.0,12.0,115732.0,1.0,62.0,8770.0,2.0,150.0,19.0,-33.0,139.0,556.0,1378.0,28.0,91.0,244.0,-4073.0,-101.0,921.0,339.26,21.25468,-27.1317,2245.979,8925.431,22108.36,1.578182,8.967273,23.50909,-1988.922,-49.47344,449.853,,
2023,6.0,12.0,115732.0,1.0,63.0,8772.0,2.0,150.0,20.0,-31.0,157.0,589.0,1441.0,36.0,96.0,252.0,-4154.0,-23.0,903.0,339.108,23.19252,-24.83914,2534.567,9454.508,23118.41,2.305454,9.421819,24.23636,-2028.45,-11.40944,441.069,,
2023,6.0,12.0,115732.0,1.0,64.0,8774.0,2.0,153.0,14.0,-31.0,180.0,625.0,1512.0,38.0,113.0,275.0,-4243.0,49.0,881.0,346.713,10.70682,-21.5428,2903.317,10031.68,24256.73,2.487273,10.96727,26.32727,-2071.882,23.72656,430.333,,
2023,6.0,12.0,115732.0,1.0,65.0,8776.0,2.0,150.0,15.0,-32.0,207.0,668.0,1594.0,41.0,119.0,289.0,-4351.0,118.0,851.0,339.526,13.0148,-22.97554,3336.198,10721.08,25571.41,2.76,11.51273,27.6,-2124.586,57.39856,415.693,,
2023,6.0,12.0,115732.0,1.0,66.0,8778.0,2.0,151.0,15.0,-31.0,232.0,717.0,1683.0,49.0,131.0,301.0,-4467.0,184.0,813.0,341.871,12.89142,-21.73378,3737.014,11506.68,26998.31,3.487273,12.60364,28.69091,-2181.194,89.60656,397.149,,
2023,6.0,12.0,115732.0,1.0,67.0,8780.0,2.0,150.0,13.0,-30.0,259.0,775.0,1777.0,52.0,137.0,318.0,-4580.0,243.0,770.0,339.602,8.813431,-18.67639,4169.896,12436.58,28505.38,3.76,13.14909,30.23636,-2236.338,118.3986,376.165,,
2023,6.0,12.0,115732.0,1.0,68.0,8782.0,2.0,152.0,10.0,-30.0,288.0,842.0,1878.0,59.0,149.0,343.0,-4698.0,294.0,721.0,344.596,2.536026,-17.14769,4634.842,13510.76,30124.68,4.396364,14.24,32.50909,-2293.922,143.2866,352.253,,
2023,6.0,12.0,115732.0,1.0,69.0,8784.0,2.0,152.0,12.0,-30.0,314.0,918.0,1988.0,51.0,174.0,365.0,-4820.0,336.0,667.0,344.444,6.62883,-18.48541,5051.69,14729.24,31888.26,3.669091,16.51273,34.50909,-2353.458,163.7826,325.901,,
2023,6.0,12.0,115732.0,1.0,70.0,8786.0,2.0,153.0,10.0,-30.0,333.0,999.0,-2048.0,61.0,186.0,370.0,-4942.0,370.0,611.0,346.979,2.466934,-17.38664,5356.31,16027.89,-32819.44,4.578182,17.60364,34.96364,-2412.994,180.3746,298.573,,
2023,6.0,12.0,115732.0,1.0,71.0,8788.0,2.0,153.0,9.0,-29.0,346.0,1177.0,-2048.0,58.0,207.0,388.0,-5188.0,433.0,514.0,347.017,0.3662415,-15.23706,5564.734,18881.7,-32819.44,4.305455,19.51273,36.6,-2533.042,211.1186,251.237,,
2023,6.0,12.0,115732.0,1.0,72.0,8790.03,2.030303,153.0,7.0,-28.0,336.0,1276.0,-2048.0,59.0,216.0,406.0,-5296.0,464.0,480.0,347.131,-3.780853,-12.41862,5404.408,20468.93,-32819.44,4.396364,20.33091,38.23637,-2585.746,226.2466,234.6451,,
2023,6.0,12.0,115732.0,1.0,73.0,8792.0,1.969697,154.0,6.0,-27.0,316.0,1382.0,-2048.0,46.0,242.0,423.0,-5386.0,511.0,451.0,349.552,-5.950638,-10.508,5083.755,22168.38,-32819.44,3.214545,22.69455,39.78182,-2629.666,249.1826,220.493,,
2023,6.0,12.0,115732.0,1.0,74.0,8794.0,2.0,152.0,8.0,-26.0,294.0,1492.0,-2048.0,42.0,256.0,432.0,-5460.0,585.0,434.0,344.596,-1.773941,-9.887115,4731.038,23931.97,-32819.44,2.850909,23.96727,40.6,-2665.778,285.2946,212.1971,,
2023,6.0,12.0,115732.0,1.0,75.0,8796.0,2.0,150.0,4.0,-24.0,274.0,1609.0,-2048.0,46.0,276.0,450.0,-5499.0,689.0,431.0,340.058,-9.929916,-3.772339,4410.385,25807.79,-32819.44,3.214545,25.78546,42.23637,-2684.81,336.0466,210.733,,
2023,6.0,12.0,115732.0,1.0,76.0,8798.0,2.0,152.0,3.0,-23.0,258.0,1726.0,-2048.0,45.0,298.0,468.0,-5492.0,828.0,436.0,344.862,-12.16881,-2.100662,4153.863,27683.61,-32819.44,3.123636,27.78546,43.87273,-2681.394,403.8786,213.173,,
2023,6.0,12.0,115732.0,1.0,77.0,8800.0,2.0,150.0,2.0,-21.0,255.0,1843.0,-2048.0,42.0,308.0,472.0,-5455.0,969.0,446.0,340.096,-14.18559,2.007523,4105.765,29559.43,-32819.44,2.850909,28.69455,44.23637,-2663.338,472.6866,218.053,,
2023,6.0,12.0,115732.0,1.0,78.0,8802.0,2.0,153.0,-1.0,-20.0,261.0,1962.0,-2048.0,44.0,333.0,482.0,-5380.0,1107.0,455.0,347.435,-20.58638,4.777985,4201.96,31467.31,-32819.44,3.032727,30.96727,45.14545,-2626.738,540.0306,222.4451,,
2023,6.0,12.0,115732.0,1.0,79.0,8804.0,2.0,151.0,-2.0,-16.0,260.0,-2048.0,-2048.0,42.0,347.0,492.0,-5273.0,1240.0,468.0,342.593,-22.71175,11.8476,4185.928,-32823.54,-32819.44,2.850909,32.24,46.05455,-2574.522,604.9346,228.789,,
2023,6.0,12.0,115732.0,1.0,80.0,8806.0,2.0,151.0,-3.0,-14.0,242.0,-2048.0,-2048.0,43.0,366.0,503.0,-5128.0,1376.0,504.0,342.593,-24.86673,15.47789,3897.341,-32823.54,-32819.44,2.941818,33.96727,47.05455,-2503.762,671.3026,246.357,,
2023,6.0,12.0,115732.0,1.0,81.0,8808.0,2.0,152.0,-7.0,-12.0,208.0,-2048.0,-2048.0,34.0,384.0,507.0,-4937.0,1540.0,560.0,345.204,-33.23001,20.87582,3352.231,-32823.54,-32819.44,2.123636,35.60364,47.41818,-2410.554,751.3346,273.685,,
2023,6.0,12.0,115732.0,1.0,82.0,8810.0,2.0,151.0,-9.0,-8.0,153.0,-2048.0,-2048.0,18.0,406.0,511.0,-4685.0,1756.0,643.0,342.821,-37.47087,28.37535,2470.436,-32823.54,-32819.44,0.6690907,37.60364,47.78182,-2287.578,856.7426,314.189,,
2023,6.0,12.0,115732.0,1.0,83.0,8812.0,2.0,149.0,-11.0,-7.0,89.0,-2048.0,-2048.0,8.0,427.0,517.0,-4372.0,2053.0,746.0,338.169,-41.47977,31.67168,1444.348,-32823.54,-32819.44,-0.2400001,39.51273,48.32727,-2134.834,1001.679,364.453,,
2023,6.0,12.0,115732.0,1.0,84.0,8814.0,2.0,148.0,-15.0,0.0,24.0,-2048.0,-2048.0,1.0,430.0,531.0,-4000.0,2438.0,865.0,335.824,-49.9763,44.95108,402.2267,-32823.54,-32819.44,-0.8763638,39.78545,49.6,-1953.298,1189.559,422.525,,
2023,6.0,12.0,115732.0,1.0,85.0,8816.0,2.0,148.0,-19.0,7.0,-43.0,-2048.0,-2048.0,-4.0,443.0,527.0,-3577.0,2915.0,1002.0,335.862,-58.54195,57.99153,-671.9597,-32823.54,-32819.44,-1.330909,40.96727,49.23637,-1746.874,1422.335,489.381,,
2023,6.0,12.0,115732.0,1.0,86.0,8818.03,2.030303,146.0,-25.0,14.0,-114.0,-2048.0,-2048.0,-24.0,440.0,533.0,-3120.0,3500.0,1165.0,331.286,-71.06219,72.8476,-1810.277,-32823.54,-32819.44,-3.149091,40.69455,49.78182,-1523.858,1707.815,568.925,,
2023,6.0,12.0,115732.0,1.0,87.0,8819.97,1.939394,143.0,-29.0,26.0,-164.0,-2048.0,-2048.0,-28.0,451.0,545.0,-2642.0,4206.0,1350.0,323.985,-79.692,94.00847,-2611.908,-32823.54,-32819.44,-3.512727,41.69455,50.87273,-1290.594,2052.343,659.205,,
2023,6.0,12.0,115732.0,1.0,88.0,8822.0,2.030303,138.0,-35.0,37.0,-166.0,-2048.0,-2048.0,-28.0,450.0,575.0,-2151.0,5027.0,1539.0,312.108,-92.22211,115.5042,-2643.973,-32823.54,-32819.44,-3.512727,41.60364,53.6,-1050.986,2452.99,751.437,,
2023,6.0,12.0,115732.0,1.0,89.0,8824.0,2.0,130.0,-40.0,52.0,-104.0,-2048.0,-2048.0,-12.0,454.0,607.0,-1650.0,5929.0,1711.0,292.854,-102.7157,142.9708,-1649.95,-32823.54,-32819.44,-2.058182,41.96727,56.50909,-806.4981,2893.167,835.373,,
2023,6.0,12.0,115732.0,1.0,90.0,8826.0,2.0,123.0,-48.0,67.0,23.0,-2048.0,-2048.0,13.0,453.0,656.0,-1122.0,6900.0,1849.0,276.211,-119.4176,172.2051,386.1941,-32823.54,-32819.44,0.2145452,41.87637,60.96364,-548.8341,3367.014,902.717,,
2023,6.0,12.0,115732.0,1.0,91.0,8828.0,2.0,112.0,-53.0,84.0,213.0,-2048.0,-2048.0,31.0,467.0,714.0,-552.0,7949.0,1938.0,249.732,-129.8124,203.35,3432.394,-32823.54,-32819.44,1.850909,43.14909,66.23636,-270.6741,3878.927,946.149,,
2023,6.0,12.0,115732.0,1.0,92.0,8830.0,2.0,97.0,-56.0,103.0,443.0,-2048.0,-2048.0,77.0,484.0,783.0,67.0,-8192.0,2001.0,213.493,-135.9467,237.0743,7119.9,-32823.54,-32819.44,6.032727,44.69455,72.50909,31.39792,-3997.882,976.8931,,
2023,6.0,12.0,115732.0,1.0,93.0,8832.0,2.0,73.0,-60.0,119.0,686.0,-2048.0,-2048.0,97.0,495.0,874.0,739.0,-8192.0,2097.0,155.997,-143.3425,269.1759,11015.83,-32823.54,-32819.44,7.850909,45.69455,80.78181,359.334,-3997.882,1023.741,,
2023,6.0,12.0,115732.0,1.0,94.0,8834.0,2.0,53.0,-60.0,133.0,870.0,-2048.0,-2048.0,124.0,530.0,980.0,1398.0,-8192.0,2214.0,107.805,-142.7206,294.6848,13965.83,-32823.54,-32819.44,10.30545,48.87637,90.41818,680.9259,-3997.882,1080.837,,
2023,6.0,12.0,115732.0,1.0,95.0,8836.0,2.0,21.0,-59.0,143.0,1182.0,-2048.0,-2048.0,188.0,568.0,1002.0,1605.0,-8192.0,2072.0,31.093,-139.0059,316.4694,18968.02,-32823.54,-32819.44,16.12364,52.33091,92.41818,781.9419,-3997.882,1011.541,,
2023,6.0,12.0,115732.0,1.0,96.0,8838.0,2.0,-18.0,-59.0,135.0,1587.0,-2048.0,-2048.0,85.0,574.0,979.0,804.0,-8192.0,1692.0,-61.54001,-135.8766,313.9426,25461.23,-32823.54,-32819.44,6.76,52.87637,90.32727,391.0539,-3997.882,826.101,,
2023,6.0,12.0,115732.0,1.0,97.0,8840.0,2.0,-54.0,-62.0,104.0,1155.0,-2048.0,-2048.0,-37.0,487.0,866.0,-1979.0,-8192.0,567.0,-145.922,-137.845,278.6491,18535.13,-32823.54,-32819.44,-4.330909,44.96727,80.05454,-967.0501,-3997.882,277.101,,
2023,6.0,12.0,115732.0,1.0,98.0,8842.0,2.0,-91.0,-74.0,39.0,602.0,-2048.0,-2048.0,-67.0,300.0,729.0,-6260.0,-8192.0,-1073.0,-230.711,-156.3159,199.27,9669.088,-32823.54,-32819.44,-7.058182,27.96727,67.6,-3056.178,-3997.882,-523.219,,
2023,6.0,12.0,115732.0,1.0,99.0,8844.0,2.0,-111.0,-91.0,-69.0,256.0,-2048.0,-2048.0,-244.0,198.0,478.0,-8192.0,-8192.0,-3164.0,-272.975,-183.8588,55.50234,4121.797,-32823.54,-32819.44,-23.14909,18.69455,44.78182,-3998.994,-3997.882,-1543.627,,
2023,6.0,12.0,115732.0,1.0,100.0,8846.0,2.0,-104.0,-98.0,-183.0,-245.0,1690.0,-2048.0,-227.0,-44.0,47.0,-8192.0,-8192.0,-5068.0,-251.43,-192.4778,-110.2897,-3910.552,27106.44,-32819.44,-21.60364,-3.305454,5.6,-3998.994,-3997.882,-2472.779,,
2023,6.0,12.0,115732.0,1.0,101.0,8848.0,2.0,-62.0,-94.0,-265.0,-163.0,236.0,257.0,-188.0,-100.0,19.0,-8192.0,-8192.0,-5022.0,-148.532,-182.7424,-244.4196,-2595.875,3794.988,4135.778,-18.05818,-8.396363,3.054545,-3998.994,-3997.882,-2450.331,,
2023,6.0,12.0,115732.0,1.0,102.0,8850.0,2.0,2.0,-66.0,-287.0,17.0,-99.0,-234.0,-186.0,-99.0,10.0,-8192.0,-8192.0,-4963.0,2.688004,-128.6713,-311.016,289.9983,-1575.944,-3736.245,-17.87636,-8.305454,2.236363,-3998.994,-3997.882,-2421.539,,
2023,6.0,12.0,115732.0,1.0,103.0,8852.0,2.0,73.0,-31.0,-245.0,2.0,-101.0,-243.0,-185.0,-103.0,13.0,-8192.0,-8192.0,-4910.0,167.625,-64.23396,-289.2013,49.50877,-1608.009,-3880.538,-17.78546,-8.66909,2.509091,-3998.994,-3997.882,-2395.675,,
2023,6.0,12.0,115732.0,1.0,104.0,8854.0,2.0,123.0,7.0,-146.0,0.0,-107.0,-256.0,-179.0,-102.0,-4.0,-8192.0,-8192.0,-4858.0,280.125,4.698914,-179.9746,17.4435,-1704.205,-4088.963,-17.24,-8.578181,0.9636362,-3998.994,-3997.882,-2370.299,,
2023,6.0,12.0,115732.0,1.0,105.0,8856.0,2.0,152.0,34.0,-27.0,0.0,-108.0,-267.0,-182.0,-104.0,1.0,-8192.0,-8192.0,-4804.0,342.658,51.48668,-28.75822,17.4435,-1720.237,-4265.322,-17.51273,-8.759999,1.418182,-3998.994,-3997.882,-2343.947,,
2023,6.0,12.0,115732.0,1.0,106.0,8858.0,2.0,140.0,45.0,90.0,7.0,-108.0,-282.0,-180.0,-102.0,-4.0,-8192.0,-8192.0,-4750.0,308.78,68.47385,139.9953,129.6719,-1720.237,-4505.811,-17.33091,-8.578181,0.9636362,-3998.994,-3997.882,-2317.595,,
2023,6.0,12.0,115732.0,1.0,107.0,8860.0,2.0,97.0,32.0,166.0,22.0,-104.0,-293.0,-176.0,-93.0,0.0,-8192.0,-8192.0,-4696.0,204.411,40.7157,271.4995,370.1614,-1656.107,-4682.17,-16.96727,-7.759999,1.327273,-3998.994,-3997.882,-2291.243,,
2023,6.0,12.0,115732.0,1.0,108.0,8862.0,2.0,36.0,2.0,185.0,36.0,-97.0,-293.0,-166.0,-98.0,0.0,-8192.0,-8192.0,-4646.0,60.606,-17.4926,334.2747,594.6183,-1543.878,-4682.17,-16.05818,-8.214545,1.327273,-3998.994,-3997.882,-2266.843,,
2023,6.0,12.0,115732.0,1.0,109.0,8864.0,2.0,-36.0,-32.0,140.0,42.0,-92.0,-283.0,-181.0,-100.0,0.0,-8192.0,-8192.0,-4592.0,-106.676,-79.65153,307.588,690.8141,-1463.715,-4521.844,-17.42182,-8.396363,1.327273,-3998.994,-3997.882,-2240.491,,
2023,6.0,12.0,115732.0,1.0,110.0,8866.0,2.0,-85.0,-69.0,43.0,45.0,-86.0,-267.0,-179.0,-102.0,5.0,-8192.0,-8192.0,-4539.0,-216.945,-146.7157,200.4149,738.912,-1367.519,-4265.322,-17.24,-8.578181,1.781818,-3998.994,-3997.882,-2214.627,,
2023,6.0,12.0,115732.0,1.0,111.0,8868.0,2.0,-112.0,-92.0,-79.0,46.0,-80.0,-247.0,-170.0,-95.0,8.0,-8192.0,-8192.0,-4489.0,-274.902,-185.2932,41.60301,754.9446,-1271.324,-3944.669,-16.42182,-7.941818,2.054545,-3998.994,-3997.882,-2190.227,,
2023,6.0,12.0,115732.0,1.0,112.0,8870.0,2.0,-100.0,-101.0,-194.0,34.0,-80.0,-230.0,-173.0,-101.0,5.0,-8192.0,-8192.0,-4438.0,-241.252,-198.2962,-125.5268,562.553,-1271.324,-3672.114,-16.69455,-8.487272,1.781818,-3998.994,-3997.882,-2165.339,,
2023,6.0,12.0,115732.0,1.0,113.0,8872.0,2.0,-57.0,-88.0,-269.0,15.0,-92.0,-222.0,-176.0,-109.0,0.0,-8192.0,-8192.0,-4387.0,-136.921,-170.5923,-255.5504,257.933,-1463.715,-3543.853,-16.96727,-9.214545,1.327273,-3998.994,-3997.882,-2140.451,,
2023,6.0,12.0,115732.0,1.0,114.0,8874.0,2.0,9.0,-60.0,-284.0,15.0,-92.0,-222.0,-183.0,-113.0,15.0,-8192.0,-8192.0,-4387.0,18.799,-117.0395,-312.2596,257.933,-1463.715,-3543.853,-17.60364,-9.578181,2.690909,-3998.994,-3997.882,-2140.451,,
2023,6.0,12.0,115732.0,1.0,115.0,8876.0,2.0,75.0,-23.0,-236.0,-13.0,-108.0,-239.0,-174.0,-106.0,6.0,-8192.0,-8192.0,-4281.0,171.441,-48.48964,-281.7036,-190.9807,-1720.237,-3816.408,-16.78546,-8.941818,1.872727,-3998.994,-3997.882,-2088.723,,
2023,6.0,12.0,115732.0,1.0,116.0,8877.97,1.969697,127.0,17.0,-138.0,-16.0,-113.0,-250.0,-173.0,-104.0,5.0,-8192.0,-8192.0,-4228.0,288.593,24.45213,-175.7733,-239.0786,-1800.401,-3992.767,-16.69455,-8.759999,1.781818,-3998.994,-3997.882,-2062.859,,
2023,6.0,12.0,115732.0,1.0,117.0,8880.0,2.030303,149.0,39.0,-15.0,-12.0,-115.0,-265.0,-167.0,-107.0,-3.0,-8192.0,-8192.0,-4176.0,334.673,61.27443,-13.61713,-174.9481,-1832.466,-4233.256,-16.14909,-9.032727,1.054545,-3998.994,-3997.882,-2037.483,,
2023,6.0,12.0,115732.0,1.0,118.0,8882.0,2.0,136.0,45.0,100.0,-4.0,-113.0,-275.0,-170.0,-106.0,-7.0,-8192.0,-8192.0,-4121.0,298.868,68.20731,155.7582,-46.68703,-1800.401,-4393.583,-16.42182,-8.941818,0.6909089,-3998.994,-3997.882,-2010.643,,
2023,6.0,12.0,115732.0,1.0,119.0,8884.0,2.0,94.0,32.0,170.0,9.0,-108.0,-280.0,-158.0,-110.0,-2.0,-8192.0,-8192.0,-4069.0,197.11,40.70583,278.1392,161.7372,-1720.237,-4473.746,-15.33091,-9.305454,1.145454,-3998.994,-3997.882,-1985.267,,
2023,6.0,12.0,115732.0,1.0,120.0,8886.0,2.0,29.0,2.0,185.0,21.0,-100.0,-279.0,-162.0,-109.0,0.0,-8192.0,-8192.0,-4017.0,43.925,-17.00888,335.9473,354.1288,-1591.976,-4457.713,-15.69455,-9.214545,1.327273,-3998.994,-3997.882,-1959.891,,
2023,6.0,12.0,115732.0,1.0,121.0,8888.0,2.0,-38.0,-38.0,136.0,28.0,-92.0,-273.0,-168.0,-106.0,-5.0,-8192.0,-8192.0,-3963.0,-110.834,-91.57453,306.1562,466.3572,-1463.715,-4361.517,-16.24,-8.941818,0.872727,-3998.994,-3997.882,-1933.539,,
2023,6.0,12.0,115732.0,1.0,122.0,8894.0,6.0,-97.0,-103.0,-201.0,20.0,-83.0,-223.0,-163.0,-113.0,2.0,-8192.0,-8192.0,-3809.0,-233.685,-202.2162,-135.2709,338.0962,-1319.422,-3559.886,-15.78545,-9.578181,1.509091,-3998.994,-3997.882,-1858.387,,
2023,6.0,12.0,115732.0,1.0,123.0,8900.0,6.0,78.0,-12.0,-233.0,-22.0,-111.0,-230.0,-164.0,-105.0,5.0,-8192.0,-8192.0,-3655.0,177.64,-26.34946,-285.3358,-335.2744,-1768.335,-3672.114,-15.87636,-8.850909,1.781818,-3998.994,-3997.882,-1783.235,,
2023,6.0,12.0,115732.0,1.0,124.0,8902.0,2.0,129.0,25.0,-131.0,-26.0,-111.0,-237.0,-159.0,-105.0,-8.0,-8192.0,-8192.0,-3603.0,292.485,40.30504,-171.2371,-399.4049,-1768.335,-3784.343,-15.42182,-8.850909,0.5999998,-3998.994,-3997.882,-1757.859,,
2023,6.0,12.0,115732.0,1.0,125.0,8904.0,2.0,151.0,48.0,-7.0,-27.0,-111.0,-248.0,-170.0,-106.0,-6.0,-8192.0,-8192.0,-3549.0,338.451,79.11945,-8.269043,-415.4376,-1768.335,-3960.701,-16.42182,-8.941818,0.781818,-3998.994,-3997.882,-1731.507,,
2023,6.0,12.0,115732.0,1.0,126.0,8906.0,2.0,135.0,51.0,107.0,-20.0,-113.0,-266.0,-162.0,-105.0,-2.0,-8192.0,-8192.0,-3497.0,295.763,80.17473,162.349,-303.2091,-1800.401,-4249.289,-15.69455,-8.850909,1.145454,-3998.994,-3997.882,-1706.131,,
2023,6.0,12.0,115732.0,1.0,127.0,8908.0,2.0,90.0,34.0,177.0,-3.0,-108.0,-277.0,-162.0,-106.0,-13.0,-8192.0,-8192.0,-3444.0,187.16,44.69495,288.1223,-30.65439,-1720.237,-4425.648,-15.69455,-8.941818,0.1454544,-3998.994,-3997.882,-1680.267,,
2023,6.0,12.0,115732.0,1.0,128.0,8910.0,2.0,26.0,-4.0,183.0,10.0,-100.0,-276.0,-159.0,-110.0,-6.0,-8192.0,-8192.0,-3394.0,37.308,-28.97137,337.7159,177.7698,-1591.976,-4409.615,-15.42182,-9.305454,0.781818,-3998.994,-3997.882,-1655.867,,
2023,6.0,12.0,115732.0,1.0,129.0,8912.0,2.0,-41.0,-41.0,132.0,12.0,-94.0,-268.0,-157.0,-100.0,-12.0,-8192.0,-8192.0,-3343.0,-117.603,-97.28923,302.9567,209.8351,-1495.781,-4281.354,-15.24,-8.396363,0.2363634,-3998.994,-3997.882,-1630.979,,
2023,6.0,12.0,115732.0,1.0,130.0,8914.0,2.0,-93.0,-80.0,31.0,18.0,-88.0,-253.0,-152.0,-104.0,-5.0,-8192.0,-8192.0,-3290.0,-234.717,-168.0217,191.9153,306.0309,-1399.585,-4040.865,-14.78545,-8.759999,0.872727,-3998.994,-3997.882,-1605.115,,
2023,6.0,12.0,115732.0,1.0,131.0,8916.0,2.0,-113.0,-100.0,-100.0,20.0,-84.0,-235.0,-152.0,-102.0,-7.0,-8192.0,-8192.0,-3240.0,-275.879,-200.4551,16.09785,338.0962,-1335.454,-3752.277,-14.78545,-8.578181,0.6909089,-3998.994,-3997.882,-1580.715,,
2023,6.0,12.0,115732.0,1.0,132.0,8918.0,2.0,-97.0,-100.0,-210.0,10.0,-86.0,-216.0,-149.0,-113.0,0.0,-8192.0,-8192.0,-3189.0,-233.571,-195.5884,-150.6039,177.7698,-1367.519,-3447.657,-14.51273,-9.578181,1.327273,-3998.994,-3997.882,-1555.827,,
2023,6.0,12.0,115732.0,1.0,133.0,8920.0,2.0,-51.0,-81.0,-281.0,-9.0,-97.0,-206.0,-162.0,-116.0,7.0,-8192.0,-8192.0,-3141.0,-122.699,-156.0306,-279.4347,-126.8502,-1543.878,-3287.331,-15.69455,-9.850909,1.963636,-3998.994,-3997.882,-1532.403,,
2023,6.0,12.0,115732.0,1.0,134.0,8922.0,2.0,16.0,-43.0,-290.0,-25.0,-111.0,-211.0,-161.0,-115.0,-1.0,-8192.0,-8192.0,-3089.0,34.416,-82.40869,-334.1872,-383.3723,-1768.335,-3367.494,-15.60364,-9.759999,1.236363,-3998.994,-3997.882,-1507.027,,
2023,6.0,12.0,115732.0,1.0,135.0,8924.0,2.0,81.0,-5.0,-231.0,-32.0,-117.0,-222.0,-162.0,-103.0,-7.0,-8192.0,-8192.0,-3038.0,184.181,-12.34058,-287.7733,-495.6007,-1864.531,-3543.853,-15.69455,-8.66909,0.6909089,-3998.994,-3997.882,-1482.139,,
2023,6.0,12.0,115732.0,1.0,136.0,8930.0,6.0,139.0,55.0,115.0,-27.0,-117.0,-253.0,-155.0,-106.0,-13.0,-8192.0,-8192.0,-2882.0,304.687,87.64957,170.5635,-415.4376,-1864.531,-4040.865,-15.05818,-8.941818,0.1454544,-3998.994,-3997.882,-1406.011,,
2023,6.0,12.0,115732.0,1.0,137.0,8932.0,2.0,89.0,32.0,182.0,-12.0,-112.0,-264.0,-144.0,-110.0,-12.0,-8192.0,-8192.0,-2831.0,184.739,40.39981,297.1025,-174.9481,-1784.368,-4217.224,-14.05818,-9.305454,0.2363634,-3998.994,-3997.882,-1381.123,,
2023,6.0,12.0,115732.0,1.0,138.0,8936.0,4.0,-45.0,-46.0,128.0,3.0,-98.0,-256.0,-139.0,-101.0,-12.0,-8192.0,-8192.0,-2731.0,-126.603,-107.0276,301.334,65.5414,-1559.911,-4088.963,-13.60364,-8.487272,0.2363634,-3998.994,-3997.882,-1332.323,,
2023,6.0,12.0,115732.0,1.0,139.0,8938.0,2.0,-93.0,-84.0,23.0,7.0,-89.0,-245.0,-144.0,-103.0,-7.0,-8192.0,-8192.0,-2680.0,-234.109,-175.773,182.7451,129.6719,-1415.617,-3912.604,-14.05818,-8.66909,0.6909089,-3998.994,-3997.882,-1307.435,,
2023,6.0,12.0,115732.0,1.0,140.0,8940.0,2.0,-114.0,-102.0,-107.0,10.0,-84.0,-225.0,-144.0,-102.0,-9.0,-8192.0,-8192.0,-2630.0,-277.844,-204.0987,7.309494,177.7698,-1335.454,-3591.951,-14.05818,-8.578181,0.5090907,-3998.994,-3997.882,-1283.035,,
2023,6.0,12.0,115732.0,1.0,141.0,8942.0,2.0,-99.0,-101.0,-217.0,0.0,-86.0,-205.0,-149.0,-107.0,0.0,-8192.0,-8192.0,-2580.0,-237.995,-197.1165,-159.8222,17.4435,-1367.519,-3271.298,-14.51273,-9.032727,1.327273,-3998.994,-3997.882,-1258.635,,
2023,6.0,12.0,115732.0,1.0,142.0,8944.0,2.0,-52.0,-78.0,-285.0,-18.0,-98.0,-196.0,-150.0,-117.0,-10.0,-8192.0,-8192.0,-2532.0,-125.158,-149.6051,-287.1251,-271.1439,-1559.911,-3127.005,-14.60364,-9.941818,0.4181816,-3998.994,-3997.882,-1235.211,,
2023,6.0,12.0,115732.0,1.0,143.0,8946.0,2.0,18.0,-38.0,-289.0,-34.0,-111.0,-202.0,-153.0,-105.0,-6.0,-8192.0,-8192.0,-2483.0,38.764,-72.36921,-336.5287,-527.666,-1768.335,-3223.2,-14.87636,-8.850909,0.781818,-3998.994,-3997.882,-1211.299,,
2023,6.0,12.0,115732.0,1.0,144.0,8948.0,2.0,81.0,5.0,-227.0,-42.0,-117.0,-213.0,-151.0,-111.0,-15.0,-8192.0,-8192.0,-2432.0,183.269,7.906219,-288.539,-655.9271,-1864.531,-3399.559,-14.69455,-9.396363,-0.03636384,-3998.994,-3997.882,-1186.411,,
2023,6.0,12.0,115732.0,1.0,145.0,8950.0,2.0,133.0,42.0,-119.0,-44.0,-118.0,-218.0,-147.0,-108.0,-22.0,-8192.0,-8192.0,-2381.0,300.269,74.16585,-165.7949,-687.9923,-1880.564,-3479.723,-14.33091,-9.123636,-0.6727275,-3998.994,-3997.882,-1161.523,,
2023,6.0,12.0,115732.0,1.0,146.0,8952.0,2.0,149.0,61.0,10.0,-46.0,-117.0,-229.0,-145.0,-113.0,-20.0,-8192.0,-8192.0,-2330.0,332.051,104.9378,8.685806,-720.0576,-1864.531,-3656.082,-14.14909,-9.578181,-0.4909093,-3998.994,-3997.882,-1136.635,,
2023,6.0,12.0,115732.0,1.0,147.0,8954.0,2.0,134.0,59.0,120.0,-41.0,-119.0,-241.0,-142.0,-106.0,-22.0,-8192.0,-8192.0,-2281.0,292.278,95.90918,176.4864,-639.8944,-1896.596,-3848.473,-13.87636,-8.941818,-0.6727275,-3998.994,-3997.882,-1112.723,,
2023,6.0,12.0,115732.0,1.0,148.0,8956.0,2.0,86.0,34.0,185.0,-27.0,-114.0,-252.0,-141.0,-110.0,-20.0,-8192.0,-8192.0,-2231.0,177.324,44.53702,300.9238,-415.4376,-1816.433,-4024.832,-13.78545,-9.305454,-0.4909093,-3998.994,-3997.882,-1088.323,,
2023,6.0,12.0,115732.0,1.0,149.0,8958.0,2.0,23.0,-8.0,187.0,-14.0,-108.0,-254.0,-134.0,-106.0,-21.0,-8192.0,-8192.0,-2182.0,30.311,-37.16682,347.0311,-207.0134,-1720.237,-4056.897,-13.14909,-8.941818,-0.5818183,-3998.994,-3997.882,-1064.411,,
2023,6.0,12.0,115732.0,1.0,150.0,8960.0,2.0,-46.0,-51.0,127.0,-7.0,-100.0,-250.0,-139.0,-112.0,-15.0,-8192.0,-8192.0,-2131.0,-128.568,-117.1362,303.4365,-94.78492,-1591.976,-3992.767,-13.60364,-9.487272,-0.03636384,-3998.994,-3997.882,-1039.523,,
2023,6.0,12.0,115732.0,1.0,151.0,8962.0,2.0,-94.0,-88.0,17.0,-2.0,-93.0,-235.0,-143.0,-115.0,-15.0,-8192.0,-8192.0,-2082.0,-235.96,-183.5637,176.7752,-14.62176,-1479.748,-3752.277,-13.96727,-9.759999,-0.03636384,-3998.994,-3997.882,-1015.611,,
2023,6.0,12.0,115732.0,1.0,152.0,8964.0,2.0,-111.0,-104.0,-115.0,1.0,-93.0,-216.0,-134.0,-110.0,-16.0,-8192.0,-8192.0,-2034.0,-270.239,-207.9644,-3.915329,33.47614,-1479.748,-3447.657,-13.14909,-9.305454,-0.127273,-3998.994,-3997.882,-992.187,,
2023,6.0,12.0,115732.0,1.0,153.0,8966.0,2.0,-100.0,-100.0,-222.0,-10.0,-96.0,-198.0,-142.0,-116.0,-12.0,-8192.0,-8192.0,-1987.0,-240.264,-194.7295,-167.6557,-142.8828,-1527.846,-3159.07,-13.87636,-9.850909,0.2363634,-3998.994,-3997.882,-969.251,,
2023,6.0,12.0,115732.0,1.0,154.0,8968.0,2.0,-51.0,-75.0,-289.0,-28.0,-106.0,-188.0,-148.0,-115.0,-14.0,-8192.0,-8192.0,-1938.0,-122.851,-143.3179,-295.2935,-431.4702,-1688.172,-2998.744,-14.42182,-9.759999,0.05454528,-3998.994,-3997.882,-945.339,,
2023,6.0,12.0,115732.0,1.0,155.0,8970.0,2.0,19.0,-33.0,-290.0,-45.0,-121.0,-191.0,-147.0,-118.0,-9.0,-8192.0,-8192.0,-1889.0,40.805,-62.15202,-341.5927,-704.025,-1928.661,-3046.842,-14.33091,-10.03273,0.5090907,-3998.994,-3997.882,-921.427,,
2023,6.0,12.0,115732.0,1.0,156.0,8972.0,2.0,81.0,15.0,-224.0,-51.0,-128.0,-202.0,-140.0,-116.0,-23.0,-8192.0,-8192.0,-1841.0,182.395,28.20731,-290.7855,-800.2208,-2040.89,-3223.2,-13.69455,-9.850909,-0.7636365,-3998.994,-3997.882,-898.003,,
2023,6.0,12.0,115732.0,1.0,157.0,8974.0,2.0,134.0,51.0,-116.0,-50.0,-124.0,-209.0,-139.0,-106.0,-17.0,-8192.0,-8192.0,-1792.0,301.854,92.35144,-167.6115,-784.1881,-1976.759,-3335.429,-13.60364,-8.941818,-0.218182,-3998.994,-3997.882,-874.091,,
2023,6.0,12.0,115732.0,1.0,158.0,8976.0,2.0,152.0,67.0,14.0,-52.0,-122.0,-215.0,-134.0,-109.0,-25.0,-8192.0,-8192.0,-1742.0,338.592,116.7917,9.878647,-816.2534,-1944.694,-3431.625,-13.14909,-9.214545,-0.9454547,-3998.994,-3997.882,-849.691,,
2023,6.0,12.0,115732.0,1.0,159.0,8978.0,2.0,134.0,61.0,127.0,-51.0,-123.0,-226.0,-139.0,-112.0,-21.0,-8192.0,-8192.0,-1692.0,291.86,99.62192,185.5136,-800.2208,-1960.727,-3607.984,-13.60364,-9.487272,-0.5818183,-3998.994,-3997.882,-825.291,,
2023,6.0,12.0,115732.0,1.0,160.0,8980.0,2.0,86.0,37.0,189.0,-42.0,-118.0,-238.0,-133.0,-109.0,-32.0,-8192.0,-8192.0,-1643.0,176.944,50.45903,304.8401,-655.9271,-1880.564,-3800.375,-13.05818,-9.214545,-1.581818,-3998.994,-3997.882,-801.379,,
2023,6.0,12.0,115732.0,1.0,161.0,8982.0,2.0,22.0,-6.0,188.0,-28.0,-110.0,-246.0,-126.0,-108.0,-23.0,-8192.0,-8192.0,-1595.0,27.738,-33.05923,347.413,-431.4702,-1752.303,-3928.636,-12.42182,-9.123636,-0.7636365,-3998.994,-3997.882,-777.955,,
2023,6.0,12.0,115732.0,1.0,162.0,8984.0,2.0,-46.0,-50.0,126.0,-17.0,-105.0,-242.0,-129.0,-101.0,-15.0,-8192.0,-8192.0,-1547.0,-128.606,-115.0355,301.2869,-255.1113,-1672.139,-3864.506,-12.69455,-8.487272,-0.03636384,-3998.994,-3997.882,-754.531,,
2023,6.0,12.0,115732.0,1.0,163.0,8986.0,2.0,-96.0,-89.0,14.0,-13.0,-101.0,-227.0,-128.0,-107.0,-20.0,-8192.0,-8192.0,-1499.0,-240.536,-185.309,173.4798,-190.9807,-1608.009,-3624.016,-12.60364,-9.032727,-0.4909093,-3998.994,-3997.882,-731.107,,
2023,6.0,12.0,115732.0,1.0,164.0,8988.0,2.0,-111.0,-106.0,-118.0,-11.0,-97.0,-205.0,-127.0,-98.0,-16.0,-8192.0,-8192.0,-1452.0,-269.973,-211.8944,-7.01976,-158.9155,-1543.878,-3271.298,-12.51273,-8.214545,-0.127273,-3998.994,-3997.882,-708.171,,
2023,6.0,12.0,115732.0,1.0,165.0,8990.0,2.0,-94.0,-99.0,-226.0,-18.0,-101.0,-186.0,-136.0,-109.0,-18.0,-8192.0,-8192.0,-1406.0,-225.89,-192.8806,-175.6811,-271.1439,-1608.009,-2966.678,-13.33091,-9.214545,-0.3090911,-3998.994,-3997.882,-685.723,,
2023,6.0,12.0,115732.0,1.0,166.0,8992.0,2.0,-50.0,-71.0,-292.0,-37.0,-112.0,-175.0,-137.0,-115.0,-17.0,-8192.0,-8192.0,-1360.0,-120.658,-135.0385,-302.6501,-575.7639,-1784.368,-2790.319,-13.42182,-9.759999,-0.218182,-3998.994,-3997.882,-663.275,,
2023,6.0,12.0,115732.0,1.0,167.0,8994.0,2.0,18.0,-28.0,-291.0,-54.0,-126.0,-177.0,-142.0,-115.0,-19.0,-8192.0,-8192.0,-1312.0,38.07999,-51.79664,-346.1787,-848.3187,-2008.825,-2822.385,-13.87636,-9.759999,-0.4000002,-3998.994,-3997.882,-639.851,,
2023,6.0,12.0,115732.0,1.0,168.0,8996.0,2.0,82.0,22.0,-224.0,-65.0,-134.0,-189.0,-132.0,-109.0,-25.0,-8192.0,-8192.0,-1266.0,184.246,42.46298,-295.7065,-1024.678,-2137.086,-3014.776,-12.96727,-9.214545,-0.9454547,-3998.994,-3997.882,-617.403,,
2023,6.0,12.0,115732.0,1.0,169.0,8998.0,2.0,134.0,58.0,-110.0,-68.0,-136.0,-201.0,-121.0,-115.0,-31.0,-8192.0,-8192.0,-1218.0,301.094,106.3504,-163.4092,-1072.776,-2169.151,-3207.168,-11.96727,-9.759999,-1.490909,-3998.994,-3997.882,-593.979,,
2023,6.0,12.0,115732.0,1.0,170.0,9000.0,2.0,151.0,73.0,21.0,-67.0,-133.0,-212.0,-128.0,-109.0,-26.0,-8192.0,-8192.0,-1169.0,335.487,128.7591,16.46942,-1056.743,-2121.053,-3383.527,-12.60364,-9.214545,-1.036364,-3998.994,-3997.882,-570.067,,
2023,6.0,12.0,115732.0,1.0,171.0,9002.0,2.0,133.0,66.0,129.0,-65.0,-132.0,-225.0,-123.0,-108.0,-27.0,-8192.0,-8192.0,-1121.0,289.021,109.8144,185.3697,-1024.678,-2105.021,-3591.951,-12.14909,-9.123636,-1.127273,-3998.994,-3997.882,-546.643,,
